ISO-10303-21;
HEADER;
/*Generated by software containing ST-Developer
 * from STEP Tools, Inc. (www.steptools.com) 
 */
/*OPTION: using custom renumber hook */
/*description */
/*implementation_level */
FILE_DESCRIPTION(('STEP AP242 Edition 2','STEP AP242 Edition 2''CAx-IF Rec.Pracs.---Representation and Presentation of Product Manufa
cturing Information (PMI)---4.0---2014-10-13','STEP AP242 Edition 2''CAx-IF Rec.Pracs.---Representation and Presentation of Product Manufa
cturing Information (PMI)---4.0---2014-10-13''CAx-IF Rec.Pracs.---3D Tessellated Geometry---0.4---2014-09-14','STEP AP242 Edition 2''CAx-IF Rec.Pracs.---Representation and Presentation of Product Manufa
cturing Information (PMI)---4.0---2014-10-13''CAx-IF Rec.Pracs.---3D Tessellated Geometry---0.4---2014-09-14''2;1','STEP AP242 Edition 2''CAx-IF Rec.Pracs.---Representation and Presentation of Product Manufa
cturing Information (PMI)---4.0---2014-10-13''CAx-IF Rec.Pracs.---3D Tessellated Geometry---0.4---2014-09-14''2;1''CAx-IF Rec.Pracs.---User Defined Attributes---1.5---2016-08-15'),'2;1');
/*name */
/*time_stamp */
/*author */
/*organization */
/*preprocessor_version */
/*originating_system */
/*authorisation */
FILE_NAME('/vol/tmp/translate-13074299413653655722/TinZrWearableEnclosure.step','2026-03-25T16:58:03',(''),(''),'ST-DEVELOPER v20','ONSHAPE BY PTC INC, 1.212','  ');
FILE_SCHEMA(('AP242_MANAGED_MODEL_BASED_3D_ENGINEERING_MIM_LF { 1 0 10303 442 3 1 4 }'));
ENDSEC;
DATA;
#10=SHAPE_REPRESENTATION_RELATIONSHIP('','',#6044,#12);
#11=SHAPE_REPRESENTATION_RELATIONSHIP('','',#6045,#13);
#12=ADVANCED_BREP_SHAPE_REPRESENTATION('',(#6040),#10221);
#13=ADVANCED_BREP_SHAPE_REPRESENTATION('',(#6041),#10222);
#14=TOROIDAL_SURFACE('',#6397,0.0018,0.0002);
#15=TOROIDAL_SURFACE('',#6399,0.0018,0.0002);
#16=TOROIDAL_SURFACE('',#6405,0.0018,0.0002);
#17=TOROIDAL_SURFACE('',#6407,0.0018,0.0002);
#18=B_SPLINE_SURFACE_WITH_KNOTS('',3,1,((#9296,#9297),(#9298,#9299),(#9300,
#9301),(#9302,#9303)),.SURF_OF_LINEAR_EXTRUSION.,.F.,.F.,.F.,(4,4),(2,2),(0.,1.),(0.,1.),.PIECEWISE_BEZIER_KNOTS.);
#19=B_SPLINE_SURFACE_WITH_KNOTS('',3,1,((#9312,#9313),(#9314,#9315),(#9316,
#9317),(#9318,#9319)),.SURF_OF_LINEAR_EXTRUSION.,.F.,.F.,.F.,(4,4),(2,2),(0.,1.),(0.,1.),.PIECEWISE_BEZIER_KNOTS.);
#20=B_SPLINE_SURFACE_WITH_KNOTS('',3,1,((#9326,#9327),(#9328,#9329),(#9330,
#9331),(#9332,#9333)),.SURF_OF_LINEAR_EXTRUSION.,.F.,.F.,.F.,(4,4),(2,2),(0.,1.),(0.,1.),.PIECEWISE_BEZIER_KNOTS.);
#21=B_SPLINE_SURFACE_WITH_KNOTS('',3,1,((#9352,#9353),(#9354,#9355),(#9356,
#9357),(#9358,#9359)),.SURF_OF_LINEAR_EXTRUSION.,.F.,.F.,.F.,(4,4),(2,2),(0.,1.),(0.,1.),.PIECEWISE_BEZIER_KNOTS.);
#22=B_SPLINE_SURFACE_WITH_KNOTS('',3,1,((#9373,#9374),(#9375,#9376),(#9377,
#9378),(#9379,#9380)),.SURF_OF_LINEAR_EXTRUSION.,.F.,.F.,.F.,(4,4),(2,2),(0.,1.),(0.,1.),.PIECEWISE_BEZIER_KNOTS.);
#23=B_SPLINE_SURFACE_WITH_KNOTS('',3,1,((#9391,#9392),(#9393,#9394),(#9395,
#9396),(#9397,#9398)),.SURF_OF_LINEAR_EXTRUSION.,.F.,.F.,.F.,(4,4),(2,2),(0.,1.),(0.,1.),.PIECEWISE_BEZIER_KNOTS.);
#24=B_SPLINE_SURFACE_WITH_KNOTS('',3,1,((#9427,#9428),(#9429,#9430),(#9431,
#9432),(#9433,#9434)),.SURF_OF_LINEAR_EXTRUSION.,.F.,.F.,.F.,(4,4),(2,2),(0.,1.),(0.,1.),.PIECEWISE_BEZIER_KNOTS.);
#25=B_SPLINE_SURFACE_WITH_KNOTS('',3,1,((#9442,#9443),(#9444,#9445),(#9446,
#9447),(#9448,#9449)),.SURF_OF_LINEAR_EXTRUSION.,.F.,.F.,.F.,(4,4),(2,2),(0.,1.),(0.,1.),.PIECEWISE_BEZIER_KNOTS.);
#26=(
B_SPLINE_SURFACE(3,2,((#9277,#9278,#9279),(#9280,#9281,#9282),(#9283,#9284,
#9285),(#9286,#9287,#9288),(#9289,#9290,#9291)),.UNSPECIFIED.,.F.,.F.,.F.)
B_SPLINE_SURFACE_WITH_KNOTS((4,1,4),(3,3),(4.71238898038469,5.66054519565121,6.60870141091772),(0.,1.),.UNSPECIFIED.)
BOUNDED_SURFACE()
GEOMETRIC_REPRESENTATION_ITEM()
RATIONAL_B_SPLINE_SURFACE(((1.,0.707106781186548,1.),(1.,0.807051264361757,
1.),(1.,0.9624310612056,1.),(1.,0.984623105418684,1.),(1.,0.961107971552751,
1.)))
REPRESENTATION_ITEM('')
SURFACE()
);
#27=(
B_SPLINE_SURFACE(3,2,((#9590,#9591,#9592),(#9593,#9594,#9595),(#9596,#9597,
#9598),(#9599,#9600,#9601)),.UNSPECIFIED.,.F.,.F.,.F.)
B_SPLINE_SURFACE_WITH_KNOTS((4,4),(3,3),(8.13151629364128E-18,0.00149771664446463),(0.,1.),.PIECEWISE_BEZIER_KNOTS.)
BOUNDED_SURFACE()
GEOMETRIC_REPRESENTATION_ITEM()
RATIONAL_B_SPLINE_SURFACE(((1.,0.707106781186548,1.),(1.,0.707106781186548,
1.),(1.,0.707106781186548,1.),(1.,0.707106781186548,1.)))
REPRESENTATION_ITEM('')
SURFACE()
);
#28=(
B_SPLINE_SURFACE(3,2,((#9604,#9605,#9606),(#9607,#9608,#9609),(#9610,#9611,
#9612),(#9613,#9614,#9615)),.UNSPECIFIED.,.F.,.F.,.F.)
B_SPLINE_SURFACE_WITH_KNOTS((4,4),(3,3),(4.44522890719057E-18,0.00155370776188972),(0.,1.),.PIECEWISE_BEZIER_KNOTS.)
BOUNDED_SURFACE()
GEOMETRIC_REPRESENTATION_ITEM()
RATIONAL_B_SPLINE_SURFACE(((1.,0.707106781186548,1.),(1.,0.707106781186548,
1.),(1.,0.707106781186548,1.),(1.,0.707106781186548,1.)))
REPRESENTATION_ITEM('')
SURFACE()
);
#29=(
B_SPLINE_SURFACE(3,2,((#9617,#9618,#9619),(#9620,#9621,#9622),(#9623,#9624,
#9625),(#9626,#9627,#9628)),.UNSPECIFIED.,.F.,.F.,.F.)
B_SPLINE_SURFACE_WITH_KNOTS((4,4),(3,3),(8.34835672813838E-18,0.00149923321495533),(0.,1.),.PIECEWISE_BEZIER_KNOTS.)
BOUNDED_SURFACE()
GEOMETRIC_REPRESENTATION_ITEM()
RATIONAL_B_SPLINE_SURFACE(((1.,0.707106781186548,1.),(1.,0.707106781186548,
1.),(1.,0.707106781186548,1.),(1.,0.707106781186548,1.)))
REPRESENTATION_ITEM('')
SURFACE()
);
#30=(
B_SPLINE_SURFACE(3,2,((#9630,#9631,#9632),(#9633,#9634,#9635),(#9636,#9637,
#9638),(#9639,#9640,#9641)),.UNSPECIFIED.,.F.,.F.,.F.)
B_SPLINE_SURFACE_WITH_KNOTS((4,4),(3,3),(-9.75781955236954E-18,0.00157388216540122),(0.,1.),.PIECEWISE_BEZIER_KNOTS.)
BOUNDED_SURFACE()
GEOMETRIC_REPRESENTATION_ITEM()
RATIONAL_B_SPLINE_SURFACE(((1.,0.707106781186548,1.),(1.,0.707106781186548,
1.),(1.,0.707106781186548,1.),(1.,0.707106781186548,1.)))
REPRESENTATION_ITEM('')
SURFACE()
);
#31=(
B_SPLINE_SURFACE(3,2,((#9648,#9649,#9650),(#9651,#9652,#9653),(#9654,#9655,
#9656),(#9657,#9658,#9659),(#9660,#9661,#9662)),.UNSPECIFIED.,.F.,.F.,.F.)
B_SPLINE_SURFACE_WITH_KNOTS((4,1,4),(3,3),(5.20417042793042E-18,0.000795574378165076,0.00159114875633015),(0.,1.),.UNSPECIFIED.)
BOUNDED_SURFACE()
GEOMETRIC_REPRESENTATION_ITEM()
RATIONAL_B_SPLINE_SURFACE(((1.,0.707106781186548,1.),(1.,0.707106781186548,
1.),(1.,0.707106781186548,1.),(1.,0.707106781186548,1.),(1.,0.707106781186548,
1.)))
REPRESENTATION_ITEM('')
SURFACE()
);
#32=(
B_SPLINE_SURFACE(3,2,((#9665,#9666,#9667),(#9668,#9669,#9670),(#9671,#9672,
#9673),(#9674,#9675,#9676)),.UNSPECIFIED.,.F.,.F.,.F.)
B_SPLINE_SURFACE_WITH_KNOTS((4,4),(3,3),(-1.18720137887163E-17,0.00150730745700584),(0.,1.),.PIECEWISE_BEZIER_KNOTS.)
BOUNDED_SURFACE()
GEOMETRIC_REPRESENTATION_ITEM()
RATIONAL_B_SPLINE_SURFACE(((1.,0.707106781186548,1.),(1.,0.707106781186548,
1.),(1.,0.707106781186548,1.),(1.,0.707106781186548,1.)))
REPRESENTATION_ITEM('')
SURFACE()
);
#33=(
B_SPLINE_SURFACE(3,2,((#9678,#9679,#9680),(#9681,#9682,#9683),(#9684,#9685,
#9686),(#9687,#9688,#9689),(#9690,#9691,#9692)),.UNSPECIFIED.,.F.,.F.,.F.)
B_SPLINE_SURFACE_WITH_KNOTS((4,1,4),(3,3),(7.69783542464708E-18,0.00080647101132738,0.00161294202265475),(0.,1.),.UNSPECIFIED.)
BOUNDED_SURFACE()
GEOMETRIC_REPRESENTATION_ITEM()
RATIONAL_B_SPLINE_SURFACE(((1.,0.707106781186548,1.),(1.,0.707106781186548,
1.),(1.,0.707106781186546,1.),(1.,0.707106781186548,1.),(1.,0.707106781186548,
1.)))
REPRESENTATION_ITEM('')
SURFACE()
);
#34=(
B_SPLINE_SURFACE(3,2,((#9694,#9695,#9696),(#9697,#9698,#9699),(#9700,#9701,
#9702),(#9703,#9704,#9705),(#9706,#9707,#9708)),.UNSPECIFIED.,.F.,.F.,.F.)
B_SPLINE_SURFACE_WITH_KNOTS((4,1,4),(3,3),(1.19262238973405E-18,0.000759522307681673,0.00151904461536335),(0.,1.),.UNSPECIFIED.)
BOUNDED_SURFACE()
GEOMETRIC_REPRESENTATION_ITEM()
RATIONAL_B_SPLINE_SURFACE(((1.,0.707106781186548,1.),(1.,0.707106781186548,
1.),(1.,0.707106781186549,1.),(1.,0.707106781186548,1.),(1.,0.707106781186548,
1.)))
REPRESENTATION_ITEM('')
SURFACE()
);
#35=CONICAL_SURFACE('',#6228,0.00100000000000002,0.785398163397448);
#36=CONICAL_SURFACE('',#6230,0.001,0.785398163397448);
#37=CONICAL_SURFACE('',#6232,0.00100000000000001,0.785398163397448);
#38=CONICAL_SURFACE('',#6234,0.001,0.785398163397448);
#39=CONICAL_SURFACE('',#6236,0.0015,0.785398163397445);
#40=CONICAL_SURFACE('',#6239,0.0015,0.785398163397445);
#41=CONICAL_SURFACE('',#6240,0.0015,0.785398163397445);
#42=CONICAL_SURFACE('',#6243,0.0015,0.785398163397445);
#43=CONICAL_SURFACE('',#6244,0.00075,0.785398163397448);
#44=CONICAL_SURFACE('',#6247,0.00075,0.785398163397448);
#45=CONICAL_SURFACE('',#6248,0.00075,0.785398163397448);
#46=CONICAL_SURFACE('',#6251,0.00075,0.785398163397448);
#47=CONICAL_SURFACE('',#6254,0.00075,0.785398163397448);
#48=CONICAL_SURFACE('',#6257,0.00075,0.785398163397448);
#49=CONICAL_SURFACE('',#6260,0.00075,0.785398163397448);
#50=CONICAL_SURFACE('',#6261,0.00575,0.785398163397449);
#51=CONICAL_SURFACE('',#6263,0.005,0.785398163397448);
#52=CONICAL_SURFACE('',#6264,0.00075,0.785398163397448);
#53=CONICAL_SURFACE('',#6265,0.00075,0.785398163397448);
#54=CONICAL_SURFACE('',#6266,0.00925,0.785398163397449);
#55=CONICAL_SURFACE('',#6268,0.0085,0.785398163397448);
#56=CONICAL_SURFACE('',#6269,0.00075,0.785398163397448);
#57=ELLIPSE('',#6121,0.00200000000000004,0.00100000000000002);
#58=ELLIPSE('',#6128,0.002,0.001);
#59=ELLIPSE('',#6168,0.000707106781186542,0.000500000000000007);
#60=ELLIPSE('',#6169,0.000707106781186553,0.000500000000000007);
#61=ELLIPSE('',#6177,0.000707106781186543,0.000500000000000007);
#62=ELLIPSE('',#6181,0.000559016994374962,0.000250000000000007);
#63=ELLIPSE('',#6207,0.000866025403784439,0.00075);
#64=ELLIPSE('',#6210,0.000866025403784444,0.00075);
#65=ELLIPSE('',#6212,0.000866025403784439,0.00075);
#66=ELLIPSE('',#6215,0.000866025403784444,0.00075);
#67=ELLIPSE('',#6320,0.000790569415042093,0.00025);
#68=ELLIPSE('',#6367,0.000282842712474619,0.0002);
#69=ELLIPSE('',#6368,0.000282842712474619,0.0002);
#70=ELLIPSE('',#6370,0.000282842712474619,0.0002);
#71=ELLIPSE('',#6372,0.000282842712474619,0.0002);
#72=ELLIPSE('',#6380,0.000282842712474619,0.0002);
#73=ELLIPSE('',#6382,0.000282842712474619,0.0002);
#74=ELLIPSE('',#6390,0.000282842712474619,0.0002);
#75=ELLIPSE('',#6392,0.000282842712474619,0.0002);
#76=ELLIPSE('',#6482,0.000288675134594813,0.00025);
#77=ELLIPSE('',#6484,0.000288675134594813,0.00025);
#78=ELLIPSE('',#6487,0.000288675134594813,0.00025);
#79=ELLIPSE('',#6489,0.000288675134594813,0.00025);
#80=ELLIPSE('',#6492,0.000288675134594815,0.00025);
#81=ELLIPSE('',#6494,0.000288675134594813,0.00025);
#82=ELLIPSE('',#6499,0.000288675134594815,0.00025);
#83=ELLIPSE('',#6501,0.000288675134594813,0.00025);
#84=ELLIPSE('',#6514,0.000141421356237309,0.0001);
#85=ELLIPSE('',#6516,0.000141421356237309,0.0001);
#86=ELLIPSE('',#6518,0.000141421356237309,0.0001);
#87=ELLIPSE('',#6520,0.000141421356237309,0.0001);
#88=CYLINDRICAL_SURFACE('',#6119,0.00100000000000002);
#89=CYLINDRICAL_SURFACE('',#6124,0.001);
#90=CYLINDRICAL_SURFACE('',#6133,0.000500000000000007);
#91=CYLINDRICAL_SURFACE('',#6156,0.004);
#92=CYLINDRICAL_SURFACE('',#6158,0.001);
#93=CYLINDRICAL_SURFACE('',#6162,0.00100000000000001);
#94=CYLINDRICAL_SURFACE('',#6166,0.004);
#95=CYLINDRICAL_SURFACE('',#6167,0.000500000000000007);
#96=CYLINDRICAL_SURFACE('',#6174,0.000500000000000014);
#97=CYLINDRICAL_SURFACE('',#6175,0.000500000000000007);
#98=CYLINDRICAL_SURFACE('',#6176,0.000500000000000007);
#99=CYLINDRICAL_SURFACE('',#6178,0.001);
#100=CYLINDRICAL_SURFACE('',#6221,0.00075);
#101=CYLINDRICAL_SURFACE('',#6222,0.00075);
#102=CYLINDRICAL_SURFACE('',#6223,0.00075);
#103=CYLINDRICAL_SURFACE('',#6224,0.00075);
#104=CYLINDRICAL_SURFACE('',#6225,0.00075);
#105=CYLINDRICAL_SURFACE('',#6275,0.001);
#106=CYLINDRICAL_SURFACE('',#6276,0.001);
#107=CYLINDRICAL_SURFACE('',#6279,0.0005);
#108=CYLINDRICAL_SURFACE('',#6280,0.0005);
#109=CYLINDRICAL_SURFACE('',#6281,0.0005);
#110=CYLINDRICAL_SURFACE('',#6283,0.0005);
#111=CYLINDRICAL_SURFACE('',#6286,0.0014);
#112=CYLINDRICAL_SURFACE('',#6289,0.0014);
#113=CYLINDRICAL_SURFACE('',#6293,0.0011);
#114=CYLINDRICAL_SURFACE('',#6295,0.0011);
#115=CYLINDRICAL_SURFACE('',#6301,0.000125);
#116=CYLINDRICAL_SURFACE('',#6304,0.0008);
#117=CYLINDRICAL_SURFACE('',#6307,0.00275);
#118=CYLINDRICAL_SURFACE('',#6308,0.00275);
#119=CYLINDRICAL_SURFACE('',#6309,0.002);
#120=CYLINDRICAL_SURFACE('',#6310,0.002);
#121=CYLINDRICAL_SURFACE('',#6312,0.00025);
#122=CYLINDRICAL_SURFACE('',#6313,0.00025);
#123=CYLINDRICAL_SURFACE('',#6330,0.00025);
#124=CYLINDRICAL_SURFACE('',#6334,0.00025);
#125=CYLINDRICAL_SURFACE('',#6335,0.00025);
#126=CYLINDRICAL_SURFACE('',#6358,0.002);
#127=CYLINDRICAL_SURFACE('',#6360,0.002);
#128=CYLINDRICAL_SURFACE('',#6362,0.002);
#129=CYLINDRICAL_SURFACE('',#6364,0.002);
#130=CYLINDRICAL_SURFACE('',#6366,0.0002);
#131=CYLINDRICAL_SURFACE('',#6369,0.0002);
#132=CYLINDRICAL_SURFACE('',#6371,0.0002);
#133=CYLINDRICAL_SURFACE('',#6373,0.0002);
#134=CYLINDRICAL_SURFACE('',#6379,0.0002);
#135=CYLINDRICAL_SURFACE('',#6381,0.0002);
#136=CYLINDRICAL_SURFACE('',#6383,0.0002);
#137=CYLINDRICAL_SURFACE('',#6389,0.0002);
#138=CYLINDRICAL_SURFACE('',#6391,0.0002);
#139=CYLINDRICAL_SURFACE('',#6393,0.0002);
#140=CYLINDRICAL_SURFACE('',#6394,0.0002);
#141=CYLINDRICAL_SURFACE('',#6401,0.0002);
#142=CYLINDRICAL_SURFACE('',#6403,0.0002);
#143=CYLINDRICAL_SURFACE('',#6409,0.0002);
#144=CYLINDRICAL_SURFACE('',#6505,0.00025);
#145=CYLINDRICAL_SURFACE('',#6506,0.00025);
#146=CYLINDRICAL_SURFACE('',#6507,0.00025);
#147=CYLINDRICAL_SURFACE('',#6508,0.00025);
#148=CYLINDRICAL_SURFACE('',#6509,0.0001);
#149=CYLINDRICAL_SURFACE('',#6510,0.0001);
#150=CYLINDRICAL_SURFACE('',#6511,0.0001);
#151=CYLINDRICAL_SURFACE('',#6512,0.0001);
#152=CYLINDRICAL_SURFACE('',#6513,0.0001);
#153=CYLINDRICAL_SURFACE('',#6515,0.0001);
#154=CYLINDRICAL_SURFACE('',#6517,0.0001);
#155=CYLINDRICAL_SURFACE('',#6519,0.0001);
#156=CYLINDRICAL_SURFACE('',#6523,0.001);
#157=CYLINDRICAL_SURFACE('',#6524,0.001);
#158=CYLINDRICAL_SURFACE('',#6525,0.001);
#159=CYLINDRICAL_SURFACE('',#6526,0.001);
#160=CYLINDRICAL_SURFACE('',#6530,0.0005);
#161=CYLINDRICAL_SURFACE('',#6532,0.0005);
#162=CYLINDRICAL_SURFACE('',#6534,0.000500000000000007);
#163=CYLINDRICAL_SURFACE('',#6537,0.000500000000000009);
#164=CYLINDRICAL_SURFACE('',#6538,0.00125);
#165=CYLINDRICAL_SURFACE('',#6540,0.00125);
#166=CYLINDRICAL_SURFACE('',#6542,0.00125);
#167=CYLINDRICAL_SURFACE('',#6546,0.001);
#168=CYLINDRICAL_SURFACE('',#6547,0.001);
#169=CYLINDRICAL_SURFACE('',#6549,0.001);
#170=CYLINDRICAL_SURFACE('',#6554,0.0002);
#171=CYLINDRICAL_SURFACE('',#6556,0.005);
#172=CYLINDRICAL_SURFACE('',#6557,0.00085);
#173=CYLINDRICAL_SURFACE('',#6558,0.002625);
#174=CYLINDRICAL_SURFACE('',#6559,0.00175);
#175=CYLINDRICAL_SURFACE('',#6560,0.00175);
#176=CIRCLE('',#6048,0.00075);
#177=CIRCLE('',#6049,0.00075);
#178=CIRCLE('',#6050,0.002);
#179=CIRCLE('',#6051,0.002);
#180=CIRCLE('',#6052,0.002);
#181=CIRCLE('',#6053,0.002);
#182=CIRCLE('',#6058,0.001);
#183=CIRCLE('',#6061,0.001);
#184=CIRCLE('',#6062,0.000125);
#185=CIRCLE('',#6065,0.00025);
#186=CIRCLE('',#6066,0.00275);
#187=CIRCLE('',#6067,0.002);
#188=CIRCLE('',#6068,0.000500000000000014);
#189=CIRCLE('',#6069,0.0015);
#190=CIRCLE('',#6070,0.0015);
#191=CIRCLE('',#6071,0.0015);
#192=CIRCLE('',#6072,0.0015);
#193=CIRCLE('',#6073,0.000500000000000007);
#194=CIRCLE('',#6074,0.004);
#195=CIRCLE('',#6075,0.004);
#196=CIRCLE('',#6077,0.001);
#197=CIRCLE('',#6081,0.0011);
#198=CIRCLE('',#6082,0.0011);
#199=CIRCLE('',#6085,0.0005);
#200=CIRCLE('',#6086,0.0005);
#201=CIRCLE('',#6087,0.0005);
#202=CIRCLE('',#6088,0.0014);
#203=CIRCLE('',#6089,0.0014);
#204=CIRCLE('',#6092,0.000125);
#205=CIRCLE('',#6093,0.00075);
#206=CIRCLE('',#6094,0.00075);
#207=CIRCLE('',#6095,0.001);
#208=CIRCLE('',#6096,0.001);
#209=CIRCLE('',#6100,0.0011);
#210=CIRCLE('',#6101,0.0014);
#211=CIRCLE('',#6102,0.0014);
#212=CIRCLE('',#6103,0.0011);
#213=CIRCLE('',#6104,0.0015);
#214=CIRCLE('',#6105,0.0015);
#215=CIRCLE('',#6106,0.0015);
#216=CIRCLE('',#6107,0.0015);
#217=CIRCLE('',#6108,0.0005);
#218=CIRCLE('',#6109,0.0005);
#219=CIRCLE('',#6110,0.0005);
#220=CIRCLE('',#6111,0.0005);
#221=CIRCLE('',#6112,0.004);
#222=CIRCLE('',#6113,0.004);
#223=CIRCLE('',#6120,0.00100000000000002);
#224=CIRCLE('',#6122,0.00100000000000002);
#225=CIRCLE('',#6123,0.00100000000000002);
#226=CIRCLE('',#6125,0.001);
#227=CIRCLE('',#6126,0.001);
#228=CIRCLE('',#6127,0.001);
#229=CIRCLE('',#6132,0.001);
#230=CIRCLE('',#6134,0.000500000000000007);
#231=CIRCLE('',#6135,0.000500000000000007);
#232=CIRCLE('',#6138,0.00275);
#233=CIRCLE('',#6139,0.00025);
#234=CIRCLE('',#6140,0.002);
#235=CIRCLE('',#6142,0.00075);
#236=CIRCLE('',#6143,0.005);
#237=CIRCLE('',#6144,0.00075);
#238=CIRCLE('',#6145,0.0065);
#239=CIRCLE('',#6146,0.00075);
#240=CIRCLE('',#6147,0.00075);
#241=CIRCLE('',#6148,0.00075);
#242=CIRCLE('',#6149,0.00075);
#243=CIRCLE('',#6150,0.00075);
#244=CIRCLE('',#6151,0.00075);
#245=CIRCLE('',#6152,0.00075);
#246=CIRCLE('',#6153,0.0085);
#247=CIRCLE('',#6154,0.00075);
#248=CIRCLE('',#6155,0.01);
#249=CIRCLE('',#6159,0.001);
#250=CIRCLE('',#6160,0.001);
#251=CIRCLE('',#6163,0.00100000000000001);
#252=CIRCLE('',#6164,0.00100000000000001);
#253=CIRCLE('',#6171,0.000500000000000007);
#254=CIRCLE('',#6172,0.000500000000000007);
#255=CIRCLE('',#6173,0.000500000000000014);
#256=CIRCLE('',#6183,0.002);
#257=CIRCLE('',#6184,0.00275);
#258=CIRCLE('',#6185,0.00025);
#259=CIRCLE('',#6186,0.00025);
#260=CIRCLE('',#6187,0.00275);
#261=CIRCLE('',#6188,0.002);
#262=CIRCLE('',#6189,0.0008);
#263=CIRCLE('',#6217,0.00075);
#264=CIRCLE('',#6219,0.00075);
#265=CIRCLE('',#6262,0.00575);
#266=CIRCLE('',#6267,0.00925);
#267=CIRCLE('',#6282,0.0005);
#268=CIRCLE('',#6305,0.0008);
#269=CIRCLE('',#6323,0.00025);
#270=CIRCLE('',#6325,0.00025);
#271=CIRCLE('',#6327,0.00025);
#272=CIRCLE('',#6331,0.00025);
#273=CIRCLE('',#6354,0.0018);
#274=CIRCLE('',#6355,0.0018);
#275=CIRCLE('',#6356,0.0018);
#276=CIRCLE('',#6357,0.0018);
#277=CIRCLE('',#6359,0.002);
#278=CIRCLE('',#6361,0.002);
#279=CIRCLE('',#6363,0.002);
#280=CIRCLE('',#6365,0.002);
#281=CIRCLE('',#6374,0.0002);
#282=CIRCLE('',#6375,0.0002);
#283=CIRCLE('',#6376,0.0002);
#284=CIRCLE('',#6377,0.0002);
#285=CIRCLE('',#6378,0.0002);
#286=CIRCLE('',#6384,0.0002);
#287=CIRCLE('',#6385,0.0002);
#288=CIRCLE('',#6386,0.0002);
#289=CIRCLE('',#6387,0.0002);
#290=CIRCLE('',#6388,0.0002);
#291=CIRCLE('',#6395,0.0002);
#292=CIRCLE('',#6396,0.0002);
#293=CIRCLE('',#6398,0.0002);
#294=CIRCLE('',#6400,0.0002);
#295=CIRCLE('',#6402,0.0002);
#296=CIRCLE('',#6404,0.0002);
#297=CIRCLE('',#6406,0.0002);
#298=CIRCLE('',#6408,0.0002);
#299=CIRCLE('',#6413,0.005);
#300=CIRCLE('',#6415,0.001);
#301=CIRCLE('',#6416,0.001);
#302=CIRCLE('',#6417,0.001);
#303=CIRCLE('',#6418,0.00125);
#304=CIRCLE('',#6419,0.00125);
#305=CIRCLE('',#6420,0.00125);
#306=CIRCLE('',#6421,0.0005);
#307=CIRCLE('',#6422,0.000500000000000009);
#308=CIRCLE('',#6423,0.000500000000000007);
#309=CIRCLE('',#6424,0.0005);
#310=CIRCLE('',#6425,0.001);
#311=CIRCLE('',#6426,0.001);
#312=CIRCLE('',#6428,0.0002);
#313=CIRCLE('',#6429,0.005);
#314=CIRCLE('',#6433,0.001);
#315=CIRCLE('',#6434,0.001);
#316=CIRCLE('',#6435,0.0005);
#317=CIRCLE('',#6436,0.0005);
#318=CIRCLE('',#6437,0.000500000000000007);
#319=CIRCLE('',#6438,0.000500000000000009);
#320=CIRCLE('',#6439,0.001);
#321=CIRCLE('',#6440,0.001);
#322=CIRCLE('',#6441,0.00125);
#323=CIRCLE('',#6442,0.00125);
#324=CIRCLE('',#6443,0.00125);
#325=CIRCLE('',#6444,0.001);
#326=CIRCLE('',#6449,0.0001);
#327=CIRCLE('',#6451,0.0001);
#328=CIRCLE('',#6452,0.0001);
#329=CIRCLE('',#6454,0.0001);
#330=CIRCLE('',#6456,0.0001);
#331=CIRCLE('',#6458,0.0001);
#332=CIRCLE('',#6459,0.0001);
#333=CIRCLE('',#6464,0.00085);
#334=CIRCLE('',#6465,0.00175);
#335=CIRCLE('',#6466,0.002625);
#336=CIRCLE('',#6467,0.00175);
#337=CIRCLE('',#6468,0.001);
#338=CIRCLE('',#6469,0.001);
#339=CIRCLE('',#6471,0.00175);
#340=CIRCLE('',#6472,0.002625);
#341=CIRCLE('',#6473,0.00175);
#342=CIRCLE('',#6474,0.001);
#343=CIRCLE('',#6475,0.001);
#344=CIRCLE('',#6476,0.00085);
#345=CIRCLE('',#6478,0.0001);
#346=CIRCLE('',#6496,0.0001);
#347=CIRCLE('',#6497,0.0001);
#348=CIRCLE('',#6503,0.0001);
#349=CIRCLE('',#6504,0.0001);
#350=CIRCLE('',#6552,0.005);
#351=CIRCLE('',#6553,0.0002);
#352=B_SPLINE_CURVE_WITH_KNOTS('',2,(#8238,#8239,#8240),.UNSPECIFIED.,.F.,.F.,(3,3),(0.,1.),.PIECEWISE_BEZIER_KNOTS.);
#353=B_SPLINE_CURVE_WITH_KNOTS('',2,(#8243,#8244,#8245),.UNSPECIFIED.,.F.,.F.,(3,3),(0.,1.),.PIECEWISE_BEZIER_KNOTS.);
#354=B_SPLINE_CURVE_WITH_KNOTS('',2,(#8253,#8254,#8255),.UNSPECIFIED.,.F.,.F.,(3,3),(0.,1.),.PIECEWISE_BEZIER_KNOTS.);
#355=B_SPLINE_CURVE_WITH_KNOTS('',2,(#8257,#8258,#8259),.UNSPECIFIED.,.F.,.F.,(3,3),(0.,1.),.PIECEWISE_BEZIER_KNOTS.);
#356=B_SPLINE_CURVE_WITH_KNOTS('',3,(#9158,#9159,#9160,#9161),.UNSPECIFIED.,.F.,.F.,(4,4),(0.,0.000585350847604839),.UNSPECIFIED.);
#357=B_SPLINE_CURVE_WITH_KNOTS('',3,(#9198,#9199,#9200,#9201),.UNSPECIFIED.,.F.,.F.,(4,4),(0.,0.000191970356248888),.UNSPECIFIED.);
#358=B_SPLINE_CURVE_WITH_KNOTS('',3,(#9306,#9307,#9308,#9309),.UNSPECIFIED.,.F.,.F.,(4,4),(-6.0000000003549E-08,0.00167093578990963),.UNSPECIFIED.);
#359=B_SPLINE_CURVE_WITH_KNOTS('',3,(#9322,#9323,#9324,#9325),.UNSPECIFIED.,.F.,.F.,(4,4),(-5.99999999744643E-08,0.00174979541627403),.UNSPECIFIED.);
#360=B_SPLINE_CURVE_WITH_KNOTS('',3,(#9336,#9337,#9338,#9339),.UNSPECIFIED.,.F.,.F.,(4,4),(-6.00000000021039E-08,0.00177784433517248),.UNSPECIFIED.);
#361=B_SPLINE_CURVE_WITH_KNOTS('',3,(#9363,#9364,#9365,#9366),.UNSPECIFIED.,.F.,.F.,(4,4),(-6.00000000039456E-08,0.00138973061062128),.UNSPECIFIED.);
#362=B_SPLINE_CURVE_WITH_KNOTS('',2,(#9370,#9371,#9372),.UNSPECIFIED.,.F.,.F.,(3,3),(0.,1.),.PIECEWISE_BEZIER_KNOTS.);
#363=B_SPLINE_CURVE_WITH_KNOTS('',3,(#9384,#9385,#9386,#9387),.UNSPECIFIED.,.F.,.F.,(4,4),(-5.999999995124E-08,0.00134850673059285),.UNSPECIFIED.);
#364=B_SPLINE_CURVE_WITH_KNOTS('',2,(#9388,#9389,#9390),.UNSPECIFIED.,.F.,.F.,(3,3),(0.,1.),.PIECEWISE_BEZIER_KNOTS.);
#365=B_SPLINE_CURVE_WITH_KNOTS('',3,(#9402,#9403,#9404,#9405),.UNSPECIFIED.,.F.,.F.,(4,4),(-5.99999999918644E-08,0.00133748646791227),.UNSPECIFIED.);
#366=B_SPLINE_CURVE_WITH_KNOTS('',2,(#9406,#9407,#9408),.UNSPECIFIED.,.F.,.F.,(3,3),(0.,1.),.PIECEWISE_BEZIER_KNOTS.);
#367=B_SPLINE_CURVE_WITH_KNOTS('',3,(#9435,#9436,#9437,#9438),.UNSPECIFIED.,.F.,.F.,(4,4),(-5.99999999498958E-08,0.00142767899824525),.UNSPECIFIED.);
#368=B_SPLINE_CURVE_WITH_KNOTS('',2,(#9439,#9440,#9441),.UNSPECIFIED.,.F.,.F.,(3,3),(0.,1.),.PIECEWISE_BEZIER_KNOTS.);
#369=B_SPLINE_CURVE_WITH_KNOTS('',3,(#9450,#9451,#9452,#9453),.UNSPECIFIED.,.F.,.F.,(4,4),(-5.99999999662513E-08,0.00167563087070628),.UNSPECIFIED.);
#370=B_SPLINE_CURVE_WITH_KNOTS('',3,(#9462,#9463,#9464,#9465),.UNSPECIFIED.,.F.,.F.,(4,4),(0.,0.00157388216540124),.UNSPECIFIED.);
#371=B_SPLINE_CURVE_WITH_KNOTS('',3,(#9467,#9468,#9469,#9470),.UNSPECIFIED.,.F.,.F.,(4,4),(0.,0.00155370776188972),.UNSPECIFIED.);
#372=B_SPLINE_CURVE_WITH_KNOTS('',3,(#9472,#9473,#9474,#9475),.UNSPECIFIED.,.F.,.F.,(4,4),(0.,0.00149771664446466),.UNSPECIFIED.);
#373=B_SPLINE_CURVE_WITH_KNOTS('',3,(#9477,#9478,#9479,#9480),.UNSPECIFIED.,.F.,.F.,(4,4),(0.,0.00149923321495532),.UNSPECIFIED.);
#374=B_SPLINE_CURVE_WITH_KNOTS('',3,(#9488,#9489,#9490,#9491),.UNSPECIFIED.,.F.,.F.,(4,4),(0.,0.00151904461536337),.UNSPECIFIED.);
#375=B_SPLINE_CURVE_WITH_KNOTS('',3,(#9493,#9494,#9495,#9496),.UNSPECIFIED.,.F.,.F.,(4,4),(0.,0.00150730745700585),.UNSPECIFIED.);
#376=B_SPLINE_CURVE_WITH_KNOTS('',3,(#9498,#9499,#9500,#9501),.UNSPECIFIED.,.F.,.F.,(4,4),(0.,0.00159114875633034),.UNSPECIFIED.);
#377=B_SPLINE_CURVE_WITH_KNOTS('',3,(#9503,#9504,#9505,#9506),.UNSPECIFIED.,.F.,.F.,(4,4),(0.,0.00161294202265473),.UNSPECIFIED.);
#378=ORIENTED_EDGE('',*,*,#2118,.F.);
#379=ORIENTED_EDGE('',*,*,#2119,.F.);
#380=ORIENTED_EDGE('',*,*,#2120,.F.);
#381=ORIENTED_EDGE('',*,*,#2121,.F.);
#382=ORIENTED_EDGE('',*,*,#2122,.F.);
#383=ORIENTED_EDGE('',*,*,#2123,.F.);
#384=ORIENTED_EDGE('',*,*,#2124,.F.);
#385=ORIENTED_EDGE('',*,*,#2125,.F.);
#386=ORIENTED_EDGE('',*,*,#2126,.F.);
#387=ORIENTED_EDGE('',*,*,#2127,.F.);
#388=ORIENTED_EDGE('',*,*,#2128,.F.);
#389=ORIENTED_EDGE('',*,*,#2129,.T.);
#390=ORIENTED_EDGE('',*,*,#2130,.T.);
#391=ORIENTED_EDGE('',*,*,#2131,.T.);
#392=ORIENTED_EDGE('',*,*,#2132,.T.);
#393=ORIENTED_EDGE('',*,*,#2133,.T.);
#394=ORIENTED_EDGE('',*,*,#2134,.T.);
#395=ORIENTED_EDGE('',*,*,#2135,.F.);
#396=ORIENTED_EDGE('',*,*,#2136,.T.);
#397=ORIENTED_EDGE('',*,*,#2137,.F.);
#398=ORIENTED_EDGE('',*,*,#2138,.T.);
#399=ORIENTED_EDGE('',*,*,#2139,.F.);
#400=ORIENTED_EDGE('',*,*,#2140,.T.);
#401=ORIENTED_EDGE('',*,*,#2141,.F.);
#402=ORIENTED_EDGE('',*,*,#2142,.T.);
#403=ORIENTED_EDGE('',*,*,#2143,.F.);
#404=ORIENTED_EDGE('',*,*,#2144,.T.);
#405=ORIENTED_EDGE('',*,*,#2145,.T.);
#406=ORIENTED_EDGE('',*,*,#2146,.T.);
#407=ORIENTED_EDGE('',*,*,#2147,.T.);
#408=ORIENTED_EDGE('',*,*,#2148,.T.);
#409=ORIENTED_EDGE('',*,*,#2149,.F.);
#410=ORIENTED_EDGE('',*,*,#2150,.T.);
#411=ORIENTED_EDGE('',*,*,#2151,.F.);
#412=ORIENTED_EDGE('',*,*,#2152,.T.);
#413=ORIENTED_EDGE('',*,*,#2153,.T.);
#414=ORIENTED_EDGE('',*,*,#2154,.F.);
#415=ORIENTED_EDGE('',*,*,#2155,.T.);
#416=ORIENTED_EDGE('',*,*,#2156,.T.);
#417=ORIENTED_EDGE('',*,*,#2157,.T.);
#418=ORIENTED_EDGE('',*,*,#2158,.F.);
#419=ORIENTED_EDGE('',*,*,#2159,.T.);
#420=ORIENTED_EDGE('',*,*,#2160,.T.);
#421=ORIENTED_EDGE('',*,*,#2161,.T.);
#422=ORIENTED_EDGE('',*,*,#2162,.T.);
#423=ORIENTED_EDGE('',*,*,#2163,.T.);
#424=ORIENTED_EDGE('',*,*,#2164,.F.);
#425=ORIENTED_EDGE('',*,*,#2165,.F.);
#426=ORIENTED_EDGE('',*,*,#2166,.T.);
#427=ORIENTED_EDGE('',*,*,#2167,.T.);
#428=ORIENTED_EDGE('',*,*,#2168,.T.);
#429=ORIENTED_EDGE('',*,*,#2169,.F.);
#430=ORIENTED_EDGE('',*,*,#2170,.F.);
#431=ORIENTED_EDGE('',*,*,#2171,.F.);
#432=ORIENTED_EDGE('',*,*,#2172,.T.);
#433=ORIENTED_EDGE('',*,*,#2173,.F.);
#434=ORIENTED_EDGE('',*,*,#2174,.T.);
#435=ORIENTED_EDGE('',*,*,#2175,.T.);
#436=ORIENTED_EDGE('',*,*,#2176,.T.);
#437=ORIENTED_EDGE('',*,*,#2177,.T.);
#438=ORIENTED_EDGE('',*,*,#2178,.T.);
#439=ORIENTED_EDGE('',*,*,#2179,.F.);
#440=ORIENTED_EDGE('',*,*,#2180,.T.);
#441=ORIENTED_EDGE('',*,*,#2181,.T.);
#442=ORIENTED_EDGE('',*,*,#2182,.T.);
#443=ORIENTED_EDGE('',*,*,#2183,.T.);
#444=ORIENTED_EDGE('',*,*,#2184,.T.);
#445=ORIENTED_EDGE('',*,*,#2185,.T.);
#446=ORIENTED_EDGE('',*,*,#2186,.T.);
#447=ORIENTED_EDGE('',*,*,#2187,.T.);
#448=ORIENTED_EDGE('',*,*,#2188,.T.);
#449=ORIENTED_EDGE('',*,*,#2189,.F.);
#450=ORIENTED_EDGE('',*,*,#2190,.T.);
#451=ORIENTED_EDGE('',*,*,#2191,.F.);
#452=ORIENTED_EDGE('',*,*,#2192,.T.);
#453=ORIENTED_EDGE('',*,*,#2193,.F.);
#454=ORIENTED_EDGE('',*,*,#2194,.T.);
#455=ORIENTED_EDGE('',*,*,#2195,.F.);
#456=ORIENTED_EDGE('',*,*,#2196,.T.);
#457=ORIENTED_EDGE('',*,*,#2197,.T.);
#458=ORIENTED_EDGE('',*,*,#2165,.T.);
#459=ORIENTED_EDGE('',*,*,#2198,.T.);
#460=ORIENTED_EDGE('',*,*,#2199,.T.);
#461=ORIENTED_EDGE('',*,*,#2200,.T.);
#462=ORIENTED_EDGE('',*,*,#2201,.T.);
#463=ORIENTED_EDGE('',*,*,#2202,.F.);
#464=ORIENTED_EDGE('',*,*,#2203,.T.);
#465=ORIENTED_EDGE('',*,*,#2204,.T.);
#466=ORIENTED_EDGE('',*,*,#2205,.F.);
#467=ORIENTED_EDGE('',*,*,#2206,.F.);
#468=ORIENTED_EDGE('',*,*,#2207,.T.);
#469=ORIENTED_EDGE('',*,*,#2133,.F.);
#470=ORIENTED_EDGE('',*,*,#2208,.T.);
#471=ORIENTED_EDGE('',*,*,#2209,.F.);
#472=ORIENTED_EDGE('',*,*,#2210,.T.);
#473=ORIENTED_EDGE('',*,*,#2202,.T.);
#474=ORIENTED_EDGE('',*,*,#2211,.F.);
#475=ORIENTED_EDGE('',*,*,#2212,.F.);
#476=ORIENTED_EDGE('',*,*,#2213,.F.);
#477=ORIENTED_EDGE('',*,*,#2214,.T.);
#478=ORIENTED_EDGE('',*,*,#2215,.T.);
#479=ORIENTED_EDGE('',*,*,#2216,.T.);
#480=ORIENTED_EDGE('',*,*,#2217,.T.);
#481=ORIENTED_EDGE('',*,*,#2218,.T.);
#482=ORIENTED_EDGE('',*,*,#2219,.T.);
#483=ORIENTED_EDGE('',*,*,#2220,.T.);
#484=ORIENTED_EDGE('',*,*,#2221,.T.);
#485=ORIENTED_EDGE('',*,*,#2222,.T.);
#486=ORIENTED_EDGE('',*,*,#2223,.T.);
#487=ORIENTED_EDGE('',*,*,#2224,.F.);
#488=ORIENTED_EDGE('',*,*,#2225,.F.);
#489=ORIENTED_EDGE('',*,*,#2178,.F.);
#490=ORIENTED_EDGE('',*,*,#2226,.T.);
#491=ORIENTED_EDGE('',*,*,#2227,.F.);
#492=ORIENTED_EDGE('',*,*,#2228,.T.);
#493=ORIENTED_EDGE('',*,*,#2229,.T.);
#494=ORIENTED_EDGE('',*,*,#2230,.T.);
#495=ORIENTED_EDGE('',*,*,#2231,.F.);
#496=ORIENTED_EDGE('',*,*,#2232,.T.);
#497=ORIENTED_EDGE('',*,*,#2233,.T.);
#498=ORIENTED_EDGE('',*,*,#2234,.F.);
#499=ORIENTED_EDGE('',*,*,#2235,.T.);
#500=ORIENTED_EDGE('',*,*,#2236,.F.);
#501=ORIENTED_EDGE('',*,*,#2237,.T.);
#502=ORIENTED_EDGE('',*,*,#2238,.T.);
#503=ORIENTED_EDGE('',*,*,#2239,.F.);
#504=ORIENTED_EDGE('',*,*,#2240,.F.);
#505=ORIENTED_EDGE('',*,*,#2241,.F.);
#506=ORIENTED_EDGE('',*,*,#2242,.T.);
#507=ORIENTED_EDGE('',*,*,#2243,.T.);
#508=ORIENTED_EDGE('',*,*,#2244,.F.);
#509=ORIENTED_EDGE('',*,*,#2245,.T.);
#510=ORIENTED_EDGE('',*,*,#2246,.T.);
#511=ORIENTED_EDGE('',*,*,#2247,.T.);
#512=ORIENTED_EDGE('',*,*,#2248,.T.);
#513=ORIENTED_EDGE('',*,*,#2249,.T.);
#514=ORIENTED_EDGE('',*,*,#2250,.F.);
#515=ORIENTED_EDGE('',*,*,#2151,.T.);
#516=ORIENTED_EDGE('',*,*,#2251,.T.);
#517=ORIENTED_EDGE('',*,*,#2252,.F.);
#518=ORIENTED_EDGE('',*,*,#2253,.F.);
#519=ORIENTED_EDGE('',*,*,#2254,.T.);
#520=ORIENTED_EDGE('',*,*,#2241,.T.);
#521=ORIENTED_EDGE('',*,*,#2255,.F.);
#522=ORIENTED_EDGE('',*,*,#2243,.F.);
#523=ORIENTED_EDGE('',*,*,#2256,.F.);
#524=ORIENTED_EDGE('',*,*,#2257,.T.);
#525=ORIENTED_EDGE('',*,*,#2258,.T.);
#526=ORIENTED_EDGE('',*,*,#2259,.T.);
#527=ORIENTED_EDGE('',*,*,#2260,.T.);
#528=ORIENTED_EDGE('',*,*,#2261,.T.);
#529=ORIENTED_EDGE('',*,*,#2262,.T.);
#530=ORIENTED_EDGE('',*,*,#2263,.T.);
#531=ORIENTED_EDGE('',*,*,#2260,.F.);
#532=ORIENTED_EDGE('',*,*,#2264,.T.);
#533=ORIENTED_EDGE('',*,*,#2265,.T.);
#534=ORIENTED_EDGE('',*,*,#2266,.T.);
#535=ORIENTED_EDGE('',*,*,#2267,.T.);
#536=ORIENTED_EDGE('',*,*,#2268,.T.);
#537=ORIENTED_EDGE('',*,*,#2269,.F.);
#538=ORIENTED_EDGE('',*,*,#2270,.F.);
#539=ORIENTED_EDGE('',*,*,#2164,.T.);
#540=ORIENTED_EDGE('',*,*,#2271,.T.);
#541=ORIENTED_EDGE('',*,*,#2272,.F.);
#542=ORIENTED_EDGE('',*,*,#2273,.T.);
#543=ORIENTED_EDGE('',*,*,#2274,.F.);
#544=ORIENTED_EDGE('',*,*,#2275,.T.);
#545=ORIENTED_EDGE('',*,*,#2245,.F.);
#546=ORIENTED_EDGE('',*,*,#2276,.F.);
#547=ORIENTED_EDGE('',*,*,#2277,.F.);
#548=ORIENTED_EDGE('',*,*,#2278,.T.);
#549=ORIENTED_EDGE('',*,*,#2279,.T.);
#550=ORIENTED_EDGE('',*,*,#2280,.T.);
#551=ORIENTED_EDGE('',*,*,#2281,.T.);
#552=ORIENTED_EDGE('',*,*,#2282,.T.);
#553=ORIENTED_EDGE('',*,*,#2283,.T.);
#554=ORIENTED_EDGE('',*,*,#2284,.T.);
#555=ORIENTED_EDGE('',*,*,#2285,.F.);
#556=ORIENTED_EDGE('',*,*,#2286,.F.);
#557=ORIENTED_EDGE('',*,*,#2287,.F.);
#558=ORIENTED_EDGE('',*,*,#2288,.F.);
#559=ORIENTED_EDGE('',*,*,#2289,.F.);
#560=ORIENTED_EDGE('',*,*,#2290,.T.);
#561=ORIENTED_EDGE('',*,*,#2291,.T.);
#562=ORIENTED_EDGE('',*,*,#2292,.T.);
#563=ORIENTED_EDGE('',*,*,#2293,.F.);
#564=ORIENTED_EDGE('',*,*,#2169,.T.);
#565=ORIENTED_EDGE('',*,*,#2294,.F.);
#566=ORIENTED_EDGE('',*,*,#2295,.T.);
#567=ORIENTED_EDGE('',*,*,#2198,.F.);
#568=ORIENTED_EDGE('',*,*,#2170,.T.);
#569=ORIENTED_EDGE('',*,*,#2293,.T.);
#570=ORIENTED_EDGE('',*,*,#2296,.F.);
#571=ORIENTED_EDGE('',*,*,#2297,.T.);
#572=ORIENTED_EDGE('',*,*,#2298,.T.);
#573=ORIENTED_EDGE('',*,*,#2299,.T.);
#574=ORIENTED_EDGE('',*,*,#2294,.T.);
#575=ORIENTED_EDGE('',*,*,#2300,.T.);
#576=ORIENTED_EDGE('',*,*,#2301,.T.);
#577=ORIENTED_EDGE('',*,*,#2302,.F.);
#578=ORIENTED_EDGE('',*,*,#2229,.F.);
#579=ORIENTED_EDGE('',*,*,#2303,.T.);
#580=ORIENTED_EDGE('',*,*,#2304,.T.);
#581=ORIENTED_EDGE('',*,*,#2305,.F.);
#582=ORIENTED_EDGE('',*,*,#2306,.T.);
#583=ORIENTED_EDGE('',*,*,#2307,.F.);
#584=ORIENTED_EDGE('',*,*,#2308,.T.);
#585=ORIENTED_EDGE('',*,*,#2309,.F.);
#586=ORIENTED_EDGE('',*,*,#2176,.F.);
#587=ORIENTED_EDGE('',*,*,#2310,.T.);
#588=ORIENTED_EDGE('',*,*,#2304,.F.);
#589=ORIENTED_EDGE('',*,*,#2311,.T.);
#590=ORIENTED_EDGE('',*,*,#2312,.F.);
#591=ORIENTED_EDGE('',*,*,#2313,.T.);
#592=ORIENTED_EDGE('',*,*,#2141,.T.);
#593=ORIENTED_EDGE('',*,*,#2314,.T.);
#594=ORIENTED_EDGE('',*,*,#2191,.T.);
#595=ORIENTED_EDGE('',*,*,#2315,.T.);
#596=ORIENTED_EDGE('',*,*,#2316,.T.);
#597=ORIENTED_EDGE('',*,*,#2317,.T.);
#598=ORIENTED_EDGE('',*,*,#2318,.F.);
#599=ORIENTED_EDGE('',*,*,#2268,.F.);
#600=ORIENTED_EDGE('',*,*,#2319,.F.);
#601=ORIENTED_EDGE('',*,*,#2320,.F.);
#602=ORIENTED_EDGE('',*,*,#2321,.F.);
#603=ORIENTED_EDGE('',*,*,#2322,.F.);
#604=ORIENTED_EDGE('',*,*,#2323,.F.);
#605=ORIENTED_EDGE('',*,*,#2324,.F.);
#606=ORIENTED_EDGE('',*,*,#2325,.F.);
#607=ORIENTED_EDGE('',*,*,#2326,.F.);
#608=ORIENTED_EDGE('',*,*,#2327,.F.);
#609=ORIENTED_EDGE('',*,*,#2328,.F.);
#610=ORIENTED_EDGE('',*,*,#2329,.T.);
#611=ORIENTED_EDGE('',*,*,#2330,.T.);
#612=ORIENTED_EDGE('',*,*,#2331,.T.);
#613=ORIENTED_EDGE('',*,*,#2332,.T.);
#614=ORIENTED_EDGE('',*,*,#2333,.T.);
#615=ORIENTED_EDGE('',*,*,#2334,.T.);
#616=ORIENTED_EDGE('',*,*,#2335,.T.);
#617=ORIENTED_EDGE('',*,*,#2336,.T.);
#618=ORIENTED_EDGE('',*,*,#2247,.F.);
#619=ORIENTED_EDGE('',*,*,#2337,.T.);
#620=ORIENTED_EDGE('',*,*,#2338,.T.);
#621=ORIENTED_EDGE('',*,*,#2339,.T.);
#622=ORIENTED_EDGE('',*,*,#2340,.T.);
#623=ORIENTED_EDGE('',*,*,#2341,.T.);
#624=ORIENTED_EDGE('',*,*,#2162,.F.);
#625=ORIENTED_EDGE('',*,*,#2342,.T.);
#626=ORIENTED_EDGE('',*,*,#2301,.F.);
#627=ORIENTED_EDGE('',*,*,#2343,.T.);
#628=ORIENTED_EDGE('',*,*,#2344,.T.);
#629=ORIENTED_EDGE('',*,*,#2345,.T.);
#630=ORIENTED_EDGE('',*,*,#2346,.T.);
#631=ORIENTED_EDGE('',*,*,#2347,.T.);
#632=ORIENTED_EDGE('',*,*,#2348,.F.);
#633=ORIENTED_EDGE('',*,*,#2349,.F.);
#634=ORIENTED_EDGE('',*,*,#2350,.F.);
#635=ORIENTED_EDGE('',*,*,#2351,.T.);
#636=ORIENTED_EDGE('',*,*,#2135,.T.);
#637=ORIENTED_EDGE('',*,*,#2352,.F.);
#638=ORIENTED_EDGE('',*,*,#2353,.T.);
#639=ORIENTED_EDGE('',*,*,#2354,.F.);
#640=ORIENTED_EDGE('',*,*,#2355,.F.);
#641=ORIENTED_EDGE('',*,*,#2356,.T.);
#642=ORIENTED_EDGE('',*,*,#2357,.T.);
#643=ORIENTED_EDGE('',*,*,#2289,.T.);
#644=ORIENTED_EDGE('',*,*,#2358,.F.);
#645=ORIENTED_EDGE('',*,*,#2359,.T.);
#646=ORIENTED_EDGE('',*,*,#2360,.T.);
#647=ORIENTED_EDGE('',*,*,#2361,.T.);
#648=ORIENTED_EDGE('',*,*,#2362,.T.);
#649=ORIENTED_EDGE('',*,*,#2363,.T.);
#650=ORIENTED_EDGE('',*,*,#2364,.T.);
#651=ORIENTED_EDGE('',*,*,#2365,.T.);
#652=ORIENTED_EDGE('',*,*,#2366,.T.);
#653=ORIENTED_EDGE('',*,*,#2367,.F.);
#654=ORIENTED_EDGE('',*,*,#2368,.T.);
#655=ORIENTED_EDGE('',*,*,#2369,.T.);
#656=ORIENTED_EDGE('',*,*,#2370,.T.);
#657=ORIENTED_EDGE('',*,*,#2371,.T.);
#658=ORIENTED_EDGE('',*,*,#2372,.F.);
#659=ORIENTED_EDGE('',*,*,#2373,.T.);
#660=ORIENTED_EDGE('',*,*,#2374,.T.);
#661=ORIENTED_EDGE('',*,*,#2375,.F.);
#662=ORIENTED_EDGE('',*,*,#2376,.F.);
#663=ORIENTED_EDGE('',*,*,#2377,.T.);
#664=ORIENTED_EDGE('',*,*,#2358,.T.);
#665=ORIENTED_EDGE('',*,*,#2378,.T.);
#666=ORIENTED_EDGE('',*,*,#2379,.T.);
#667=ORIENTED_EDGE('',*,*,#2367,.T.);
#668=ORIENTED_EDGE('',*,*,#2380,.T.);
#669=ORIENTED_EDGE('',*,*,#2371,.F.);
#670=ORIENTED_EDGE('',*,*,#2381,.T.);
#671=ORIENTED_EDGE('',*,*,#2382,.T.);
#672=ORIENTED_EDGE('',*,*,#2383,.T.);
#673=ORIENTED_EDGE('',*,*,#2365,.F.);
#674=ORIENTED_EDGE('',*,*,#2384,.T.);
#675=ORIENTED_EDGE('',*,*,#2385,.T.);
#676=ORIENTED_EDGE('',*,*,#2386,.F.);
#677=ORIENTED_EDGE('',*,*,#2212,.T.);
#678=ORIENTED_EDGE('',*,*,#2387,.F.);
#679=ORIENTED_EDGE('',*,*,#2388,.T.);
#680=ORIENTED_EDGE('',*,*,#2389,.T.);
#681=ORIENTED_EDGE('',*,*,#2224,.T.);
#682=ORIENTED_EDGE('',*,*,#2390,.F.);
#683=ORIENTED_EDGE('',*,*,#2391,.F.);
#684=ORIENTED_EDGE('',*,*,#2392,.F.);
#685=ORIENTED_EDGE('',*,*,#2375,.T.);
#686=ORIENTED_EDGE('',*,*,#2393,.F.);
#687=ORIENTED_EDGE('',*,*,#2394,.F.);
#688=ORIENTED_EDGE('',*,*,#2395,.F.);
#689=ORIENTED_EDGE('',*,*,#2396,.F.);
#690=ORIENTED_EDGE('',*,*,#2397,.F.);
#691=ORIENTED_EDGE('',*,*,#2398,.F.);
#692=ORIENTED_EDGE('',*,*,#2399,.F.);
#693=ORIENTED_EDGE('',*,*,#2400,.T.);
#694=ORIENTED_EDGE('',*,*,#2401,.T.);
#695=ORIENTED_EDGE('',*,*,#2402,.F.);
#696=ORIENTED_EDGE('',*,*,#2403,.T.);
#697=ORIENTED_EDGE('',*,*,#2154,.T.);
#698=ORIENTED_EDGE('',*,*,#2404,.F.);
#699=ORIENTED_EDGE('',*,*,#2405,.F.);
#700=ORIENTED_EDGE('',*,*,#2406,.T.);
#701=ORIENTED_EDGE('',*,*,#2407,.F.);
#702=ORIENTED_EDGE('',*,*,#2408,.F.);
#703=ORIENTED_EDGE('',*,*,#2409,.T.);
#704=ORIENTED_EDGE('',*,*,#2406,.F.);
#705=ORIENTED_EDGE('',*,*,#2410,.T.);
#706=ORIENTED_EDGE('',*,*,#2205,.T.);
#707=ORIENTED_EDGE('',*,*,#2285,.T.);
#708=ORIENTED_EDGE('',*,*,#2411,.T.);
#709=ORIENTED_EDGE('',*,*,#2195,.T.);
#710=ORIENTED_EDGE('',*,*,#2412,.T.);
#711=ORIENTED_EDGE('',*,*,#2137,.T.);
#712=ORIENTED_EDGE('',*,*,#2413,.T.);
#713=ORIENTED_EDGE('',*,*,#2414,.T.);
#714=ORIENTED_EDGE('',*,*,#2415,.F.);
#715=ORIENTED_EDGE('',*,*,#2416,.T.);
#716=ORIENTED_EDGE('',*,*,#2129,.F.);
#717=ORIENTED_EDGE('',*,*,#2417,.T.);
#718=ORIENTED_EDGE('',*,*,#2418,.T.);
#719=ORIENTED_EDGE('',*,*,#2419,.T.);
#720=ORIENTED_EDGE('',*,*,#2189,.T.);
#721=ORIENTED_EDGE('',*,*,#2420,.T.);
#722=ORIENTED_EDGE('',*,*,#2421,.F.);
#723=ORIENTED_EDGE('',*,*,#2422,.T.);
#724=ORIENTED_EDGE('',*,*,#2423,.F.);
#725=ORIENTED_EDGE('',*,*,#2424,.F.);
#726=ORIENTED_EDGE('',*,*,#2425,.F.);
#727=ORIENTED_EDGE('',*,*,#2426,.T.);
#728=ORIENTED_EDGE('',*,*,#2427,.F.);
#729=ORIENTED_EDGE('',*,*,#2428,.F.);
#730=ORIENTED_EDGE('',*,*,#2429,.T.);
#731=ORIENTED_EDGE('',*,*,#2430,.F.);
#732=ORIENTED_EDGE('',*,*,#2431,.F.);
#733=ORIENTED_EDGE('',*,*,#2432,.F.);
#734=ORIENTED_EDGE('',*,*,#2433,.F.);
#735=ORIENTED_EDGE('',*,*,#2434,.F.);
#736=ORIENTED_EDGE('',*,*,#2435,.F.);
#737=ORIENTED_EDGE('',*,*,#2436,.F.);
#738=ORIENTED_EDGE('',*,*,#2437,.F.);
#739=ORIENTED_EDGE('',*,*,#2438,.F.);
#740=ORIENTED_EDGE('',*,*,#2439,.F.);
#741=ORIENTED_EDGE('',*,*,#2440,.T.);
#742=ORIENTED_EDGE('',*,*,#2353,.F.);
#743=ORIENTED_EDGE('',*,*,#2441,.F.);
#744=ORIENTED_EDGE('',*,*,#2231,.T.);
#745=ORIENTED_EDGE('',*,*,#2442,.T.);
#746=ORIENTED_EDGE('',*,*,#2443,.F.);
#747=ORIENTED_EDGE('',*,*,#2444,.T.);
#748=ORIENTED_EDGE('',*,*,#2445,.F.);
#749=ORIENTED_EDGE('',*,*,#2446,.F.);
#750=ORIENTED_EDGE('',*,*,#2354,.T.);
#751=ORIENTED_EDGE('',*,*,#2442,.F.);
#752=ORIENTED_EDGE('',*,*,#2230,.F.);
#753=ORIENTED_EDGE('',*,*,#2302,.T.);
#754=ORIENTED_EDGE('',*,*,#2447,.F.);
#755=ORIENTED_EDGE('',*,*,#2448,.T.);
#756=ORIENTED_EDGE('',*,*,#2376,.T.);
#757=ORIENTED_EDGE('',*,*,#2449,.T.);
#758=ORIENTED_EDGE('',*,*,#2450,.F.);
#759=ORIENTED_EDGE('',*,*,#2451,.T.);
#760=ORIENTED_EDGE('',*,*,#2447,.T.);
#761=ORIENTED_EDGE('',*,*,#2452,.T.);
#762=ORIENTED_EDGE('',*,*,#2453,.F.);
#763=ORIENTED_EDGE('',*,*,#2454,.T.);
#764=ORIENTED_EDGE('',*,*,#2450,.T.);
#765=ORIENTED_EDGE('',*,*,#2455,.T.);
#766=ORIENTED_EDGE('',*,*,#2456,.F.);
#767=ORIENTED_EDGE('',*,*,#2457,.T.);
#768=ORIENTED_EDGE('',*,*,#2453,.T.);
#769=ORIENTED_EDGE('',*,*,#2458,.T.);
#770=ORIENTED_EDGE('',*,*,#2382,.F.);
#771=ORIENTED_EDGE('',*,*,#2459,.T.);
#772=ORIENTED_EDGE('',*,*,#2456,.T.);
#773=ORIENTED_EDGE('',*,*,#2460,.T.);
#774=ORIENTED_EDGE('',*,*,#2352,.T.);
#775=ORIENTED_EDGE('',*,*,#2134,.F.);
#776=ORIENTED_EDGE('',*,*,#2232,.F.);
#777=ORIENTED_EDGE('',*,*,#2441,.T.);
#778=ORIENTED_EDGE('',*,*,#2461,.T.);
#779=ORIENTED_EDGE('',*,*,#2462,.T.);
#780=ORIENTED_EDGE('',*,*,#2171,.T.);
#781=ORIENTED_EDGE('',*,*,#2410,.F.);
#782=ORIENTED_EDGE('',*,*,#2405,.T.);
#783=ORIENTED_EDGE('',*,*,#2463,.F.);
#784=ORIENTED_EDGE('',*,*,#2180,.F.);
#785=ORIENTED_EDGE('',*,*,#2464,.F.);
#786=ORIENTED_EDGE('',*,*,#2388,.F.);
#787=ORIENTED_EDGE('',*,*,#2465,.F.);
#788=ORIENTED_EDGE('',*,*,#2206,.T.);
#789=ORIENTED_EDGE('',*,*,#2465,.T.);
#790=ORIENTED_EDGE('',*,*,#2387,.T.);
#791=ORIENTED_EDGE('',*,*,#2211,.T.);
#792=ORIENTED_EDGE('',*,*,#2207,.F.);
#793=ORIENTED_EDGE('',*,*,#2464,.T.);
#794=ORIENTED_EDGE('',*,*,#2179,.T.);
#795=ORIENTED_EDGE('',*,*,#2225,.T.);
#796=ORIENTED_EDGE('',*,*,#2389,.F.);
#797=ORIENTED_EDGE('',*,*,#2404,.T.);
#798=ORIENTED_EDGE('',*,*,#2466,.T.);
#799=ORIENTED_EDGE('',*,*,#2181,.F.);
#800=ORIENTED_EDGE('',*,*,#2463,.T.);
#801=ORIENTED_EDGE('',*,*,#2155,.F.);
#802=ORIENTED_EDGE('',*,*,#2403,.F.);
#803=ORIENTED_EDGE('',*,*,#2467,.T.);
#804=ORIENTED_EDGE('',*,*,#2235,.F.);
#805=ORIENTED_EDGE('',*,*,#2468,.T.);
#806=ORIENTED_EDGE('',*,*,#2397,.T.);
#807=ORIENTED_EDGE('',*,*,#2469,.T.);
#808=ORIENTED_EDGE('',*,*,#2236,.T.);
#809=ORIENTED_EDGE('',*,*,#2467,.F.);
#810=ORIENTED_EDGE('',*,*,#2408,.T.);
#811=ORIENTED_EDGE('',*,*,#2470,.F.);
#812=ORIENTED_EDGE('',*,*,#2471,.T.);
#813=ORIENTED_EDGE('',*,*,#2158,.T.);
#814=ORIENTED_EDGE('',*,*,#2472,.F.);
#815=ORIENTED_EDGE('',*,*,#2473,.T.);
#816=ORIENTED_EDGE('',*,*,#2474,.T.);
#817=ORIENTED_EDGE('',*,*,#2475,.T.);
#818=ORIENTED_EDGE('',*,*,#2152,.F.);
#819=ORIENTED_EDGE('',*,*,#2407,.T.);
#820=ORIENTED_EDGE('',*,*,#2409,.F.);
#821=ORIENTED_EDGE('',*,*,#2204,.F.);
#822=ORIENTED_EDGE('',*,*,#2476,.T.);
#823=ORIENTED_EDGE('',*,*,#2477,.T.);
#824=ORIENTED_EDGE('',*,*,#2478,.T.);
#825=ORIENTED_EDGE('',*,*,#2131,.F.);
#826=ORIENTED_EDGE('',*,*,#2479,.T.);
#827=ORIENTED_EDGE('',*,*,#2480,.T.);
#828=ORIENTED_EDGE('',*,*,#2481,.T.);
#829=ORIENTED_EDGE('',*,*,#2187,.F.);
#830=ORIENTED_EDGE('',*,*,#2482,.T.);
#831=ORIENTED_EDGE('',*,*,#2483,.T.);
#832=ORIENTED_EDGE('',*,*,#2239,.T.);
#833=ORIENTED_EDGE('',*,*,#2484,.F.);
#834=ORIENTED_EDGE('',*,*,#2398,.T.);
#835=ORIENTED_EDGE('',*,*,#2468,.F.);
#836=ORIENTED_EDGE('',*,*,#2485,.F.);
#837=ORIENTED_EDGE('',*,*,#2242,.F.);
#838=ORIENTED_EDGE('',*,*,#2254,.F.);
#839=ORIENTED_EDGE('',*,*,#2486,.T.);
#840=ORIENTED_EDGE('',*,*,#2256,.T.);
#841=ORIENTED_EDGE('',*,*,#2487,.F.);
#842=ORIENTED_EDGE('',*,*,#2488,.T.);
#843=ORIENTED_EDGE('',*,*,#2489,.F.);
#844=ORIENTED_EDGE('',*,*,#2277,.T.);
#845=ORIENTED_EDGE('',*,*,#2490,.T.);
#846=ORIENTED_EDGE('',*,*,#2257,.F.);
#847=ORIENTED_EDGE('',*,*,#2486,.F.);
#848=ORIENTED_EDGE('',*,*,#2253,.T.);
#849=ORIENTED_EDGE('',*,*,#2491,.T.);
#850=ORIENTED_EDGE('',*,*,#2482,.F.);
#851=ORIENTED_EDGE('',*,*,#2492,.T.);
#852=ORIENTED_EDGE('',*,*,#2238,.F.);
#853=ORIENTED_EDGE('',*,*,#2493,.T.);
#854=ORIENTED_EDGE('',*,*,#2395,.T.);
#855=ORIENTED_EDGE('',*,*,#2484,.T.);
#856=ORIENTED_EDGE('',*,*,#2274,.T.);
#857=ORIENTED_EDGE('',*,*,#2494,.T.);
#858=ORIENTED_EDGE('',*,*,#2338,.F.);
#859=ORIENTED_EDGE('',*,*,#2495,.T.);
#860=ORIENTED_EDGE('',*,*,#2340,.F.);
#861=ORIENTED_EDGE('',*,*,#2496,.T.);
#862=ORIENTED_EDGE('',*,*,#2272,.T.);
#863=ORIENTED_EDGE('',*,*,#2497,.T.);
#864=ORIENTED_EDGE('',*,*,#2400,.F.);
#865=ORIENTED_EDGE('',*,*,#2498,.F.);
#866=ORIENTED_EDGE('',*,*,#2499,.T.);
#867=ORIENTED_EDGE('',*,*,#2500,.T.);
#868=ORIENTED_EDGE('',*,*,#2399,.T.);
#869=ORIENTED_EDGE('',*,*,#2501,.F.);
#870=ORIENTED_EDGE('',*,*,#2502,.F.);
#871=ORIENTED_EDGE('',*,*,#2498,.T.);
#872=ORIENTED_EDGE('',*,*,#2402,.T.);
#873=ORIENTED_EDGE('',*,*,#2503,.F.);
#874=ORIENTED_EDGE('',*,*,#2504,.F.);
#875=ORIENTED_EDGE('',*,*,#2501,.T.);
#876=ORIENTED_EDGE('',*,*,#2401,.F.);
#877=ORIENTED_EDGE('',*,*,#2500,.F.);
#878=ORIENTED_EDGE('',*,*,#2505,.T.);
#879=ORIENTED_EDGE('',*,*,#2503,.T.);
#880=ORIENTED_EDGE('',*,*,#2499,.F.);
#881=ORIENTED_EDGE('',*,*,#2502,.T.);
#882=ORIENTED_EDGE('',*,*,#2504,.T.);
#883=ORIENTED_EDGE('',*,*,#2505,.F.);
#884=ORIENTED_EDGE('',*,*,#2223,.F.);
#885=ORIENTED_EDGE('',*,*,#2506,.T.);
#886=ORIENTED_EDGE('',*,*,#2369,.F.);
#887=ORIENTED_EDGE('',*,*,#2385,.F.);
#888=ORIENTED_EDGE('',*,*,#2507,.T.);
#889=ORIENTED_EDGE('',*,*,#2390,.T.);
#890=ORIENTED_EDGE('',*,*,#2363,.F.);
#891=ORIENTED_EDGE('',*,*,#2508,.T.);
#892=ORIENTED_EDGE('',*,*,#2372,.T.);
#893=ORIENTED_EDGE('',*,*,#2392,.T.);
#894=ORIENTED_EDGE('',*,*,#2509,.F.);
#895=ORIENTED_EDGE('',*,*,#2509,.T.);
#896=ORIENTED_EDGE('',*,*,#2391,.T.);
#897=ORIENTED_EDGE('',*,*,#2507,.F.);
#898=ORIENTED_EDGE('',*,*,#2384,.F.);
#899=ORIENTED_EDGE('',*,*,#2364,.F.);
#900=ORIENTED_EDGE('',*,*,#2374,.F.);
#901=ORIENTED_EDGE('',*,*,#2510,.T.);
#902=ORIENTED_EDGE('',*,*,#2361,.F.);
#903=ORIENTED_EDGE('',*,*,#2511,.T.);
#904=ORIENTED_EDGE('',*,*,#2393,.T.);
#905=ORIENTED_EDGE('',*,*,#2379,.F.);
#906=ORIENTED_EDGE('',*,*,#2512,.T.);
#907=ORIENTED_EDGE('',*,*,#2394,.T.);
#908=ORIENTED_EDGE('',*,*,#2511,.F.);
#909=ORIENTED_EDGE('',*,*,#2368,.F.);
#910=ORIENTED_EDGE('',*,*,#2360,.F.);
#911=ORIENTED_EDGE('',*,*,#2513,.T.);
#912=ORIENTED_EDGE('',*,*,#2213,.T.);
#913=ORIENTED_EDGE('',*,*,#2386,.T.);
#914=ORIENTED_EDGE('',*,*,#2512,.F.);
#915=ORIENTED_EDGE('',*,*,#2378,.F.);
#916=ORIENTED_EDGE('',*,*,#2344,.F.);
#917=ORIENTED_EDGE('',*,*,#2514,.T.);
#918=ORIENTED_EDGE('',*,*,#2296,.T.);
#919=ORIENTED_EDGE('',*,*,#2292,.F.);
#920=ORIENTED_EDGE('',*,*,#2515,.F.);
#921=ORIENTED_EDGE('',*,*,#2515,.T.);
#922=ORIENTED_EDGE('',*,*,#2291,.F.);
#923=ORIENTED_EDGE('',*,*,#2516,.F.);
#924=ORIENTED_EDGE('',*,*,#2345,.F.);
#925=ORIENTED_EDGE('',*,*,#2357,.F.);
#926=ORIENTED_EDGE('',*,*,#2517,.T.);
#927=ORIENTED_EDGE('',*,*,#2346,.F.);
#928=ORIENTED_EDGE('',*,*,#2516,.T.);
#929=ORIENTED_EDGE('',*,*,#2290,.F.);
#930=ORIENTED_EDGE('',*,*,#2348,.T.);
#931=ORIENTED_EDGE('',*,*,#2518,.T.);
#932=ORIENTED_EDGE('',*,*,#2355,.T.);
#933=ORIENTED_EDGE('',*,*,#2288,.T.);
#934=ORIENTED_EDGE('',*,*,#2519,.F.);
#935=ORIENTED_EDGE('',*,*,#2349,.T.);
#936=ORIENTED_EDGE('',*,*,#2519,.T.);
#937=ORIENTED_EDGE('',*,*,#2287,.T.);
#938=ORIENTED_EDGE('',*,*,#2520,.F.);
#939=ORIENTED_EDGE('',*,*,#2414,.F.);
#940=ORIENTED_EDGE('',*,*,#2521,.T.);
#941=ORIENTED_EDGE('',*,*,#2350,.T.);
#942=ORIENTED_EDGE('',*,*,#2520,.T.);
#943=ORIENTED_EDGE('',*,*,#2286,.T.);
#944=ORIENTED_EDGE('',*,*,#2312,.T.);
#945=ORIENTED_EDGE('',*,*,#2522,.T.);
#946=ORIENTED_EDGE('',*,*,#2227,.T.);
#947=ORIENTED_EDGE('',*,*,#2523,.T.);
#948=ORIENTED_EDGE('',*,*,#2418,.F.);
#949=ORIENTED_EDGE('',*,*,#2524,.T.);
#950=ORIENTED_EDGE('',*,*,#2316,.F.);
#951=ORIENTED_EDGE('',*,*,#2525,.T.);
#952=ORIENTED_EDGE('',*,*,#2193,.T.);
#953=ORIENTED_EDGE('',*,*,#2526,.T.);
#954=ORIENTED_EDGE('',*,*,#2139,.T.);
#955=ORIENTED_EDGE('',*,*,#2527,.F.);
#956=ORIENTED_EDGE('',*,*,#2514,.F.);
#957=ORIENTED_EDGE('',*,*,#2343,.F.);
#958=ORIENTED_EDGE('',*,*,#2300,.F.);
#959=ORIENTED_EDGE('',*,*,#2297,.F.);
#960=ORIENTED_EDGE('',*,*,#2518,.F.);
#961=ORIENTED_EDGE('',*,*,#2347,.F.);
#962=ORIENTED_EDGE('',*,*,#2517,.F.);
#963=ORIENTED_EDGE('',*,*,#2356,.F.);
#964=ORIENTED_EDGE('',*,*,#2136,.F.);
#965=ORIENTED_EDGE('',*,*,#2351,.F.);
#966=ORIENTED_EDGE('',*,*,#2521,.F.);
#967=ORIENTED_EDGE('',*,*,#2413,.F.);
#968=ORIENTED_EDGE('',*,*,#2142,.F.);
#969=ORIENTED_EDGE('',*,*,#2317,.F.);
#970=ORIENTED_EDGE('',*,*,#2524,.F.);
#971=ORIENTED_EDGE('',*,*,#2417,.F.);
#972=ORIENTED_EDGE('',*,*,#2522,.F.);
#973=ORIENTED_EDGE('',*,*,#2311,.F.);
#974=ORIENTED_EDGE('',*,*,#2303,.F.);
#975=ORIENTED_EDGE('',*,*,#2228,.F.);
#976=ORIENTED_EDGE('',*,*,#2510,.F.);
#977=ORIENTED_EDGE('',*,*,#2373,.F.);
#978=ORIENTED_EDGE('',*,*,#2508,.F.);
#979=ORIENTED_EDGE('',*,*,#2362,.F.);
#980=ORIENTED_EDGE('',*,*,#2513,.F.);
#981=ORIENTED_EDGE('',*,*,#2359,.F.);
#982=ORIENTED_EDGE('',*,*,#2528,.F.);
#983=ORIENTED_EDGE('',*,*,#2214,.F.);
#984=ORIENTED_EDGE('',*,*,#2528,.T.);
#985=ORIENTED_EDGE('',*,*,#2377,.F.);
#986=ORIENTED_EDGE('',*,*,#2529,.F.);
#987=ORIENTED_EDGE('',*,*,#2215,.F.);
#988=ORIENTED_EDGE('',*,*,#2529,.T.);
#989=ORIENTED_EDGE('',*,*,#2448,.F.);
#990=ORIENTED_EDGE('',*,*,#2530,.F.);
#991=ORIENTED_EDGE('',*,*,#2216,.F.);
#992=ORIENTED_EDGE('',*,*,#2530,.T.);
#993=ORIENTED_EDGE('',*,*,#2451,.F.);
#994=ORIENTED_EDGE('',*,*,#2531,.F.);
#995=ORIENTED_EDGE('',*,*,#2217,.F.);
#996=ORIENTED_EDGE('',*,*,#2531,.T.);
#997=ORIENTED_EDGE('',*,*,#2454,.F.);
#998=ORIENTED_EDGE('',*,*,#2532,.F.);
#999=ORIENTED_EDGE('',*,*,#2218,.F.);
#1000=ORIENTED_EDGE('',*,*,#2532,.T.);
#1001=ORIENTED_EDGE('',*,*,#2457,.F.);
#1002=ORIENTED_EDGE('',*,*,#2533,.F.);
#1003=ORIENTED_EDGE('',*,*,#2219,.F.);
#1004=ORIENTED_EDGE('',*,*,#2533,.T.);
#1005=ORIENTED_EDGE('',*,*,#2459,.F.);
#1006=ORIENTED_EDGE('',*,*,#2534,.F.);
#1007=ORIENTED_EDGE('',*,*,#2220,.F.);
#1008=ORIENTED_EDGE('',*,*,#2534,.T.);
#1009=ORIENTED_EDGE('',*,*,#2381,.F.);
#1010=ORIENTED_EDGE('',*,*,#2535,.F.);
#1011=ORIENTED_EDGE('',*,*,#2221,.F.);
#1012=ORIENTED_EDGE('',*,*,#2506,.F.);
#1013=ORIENTED_EDGE('',*,*,#2222,.F.);
#1014=ORIENTED_EDGE('',*,*,#2535,.T.);
#1015=ORIENTED_EDGE('',*,*,#2370,.F.);
#1016=ORIENTED_EDGE('',*,*,#2536,.F.);
#1017=ORIENTED_EDGE('',*,*,#2380,.F.);
#1018=ORIENTED_EDGE('',*,*,#2537,.F.);
#1019=ORIENTED_EDGE('',*,*,#2334,.F.);
#1020=ORIENTED_EDGE('',*,*,#2537,.T.);
#1021=ORIENTED_EDGE('',*,*,#2366,.F.);
#1022=ORIENTED_EDGE('',*,*,#2538,.F.);
#1023=ORIENTED_EDGE('',*,*,#2335,.F.);
#1024=ORIENTED_EDGE('',*,*,#2536,.T.);
#1025=ORIENTED_EDGE('',*,*,#2333,.F.);
#1026=ORIENTED_EDGE('',*,*,#2539,.F.);
#1027=ORIENTED_EDGE('',*,*,#2449,.F.);
#1028=ORIENTED_EDGE('',*,*,#2538,.T.);
#1029=ORIENTED_EDGE('',*,*,#2383,.F.);
#1030=ORIENTED_EDGE('',*,*,#2540,.F.);
#1031=ORIENTED_EDGE('',*,*,#2336,.F.);
#1032=ORIENTED_EDGE('',*,*,#2539,.T.);
#1033=ORIENTED_EDGE('',*,*,#2332,.F.);
#1034=ORIENTED_EDGE('',*,*,#2541,.F.);
#1035=ORIENTED_EDGE('',*,*,#2452,.F.);
#1036=ORIENTED_EDGE('',*,*,#2540,.T.);
#1037=ORIENTED_EDGE('',*,*,#2460,.F.);
#1038=ORIENTED_EDGE('',*,*,#2542,.F.);
#1039=ORIENTED_EDGE('',*,*,#2329,.F.);
#1040=ORIENTED_EDGE('',*,*,#2541,.T.);
#1041=ORIENTED_EDGE('',*,*,#2331,.F.);
#1042=ORIENTED_EDGE('',*,*,#2543,.F.);
#1043=ORIENTED_EDGE('',*,*,#2455,.F.);
#1044=ORIENTED_EDGE('',*,*,#2542,.T.);
#1045=ORIENTED_EDGE('',*,*,#2458,.F.);
#1046=ORIENTED_EDGE('',*,*,#2543,.T.);
#1047=ORIENTED_EDGE('',*,*,#2330,.F.);
#1048=ORIENTED_EDGE('',*,*,#2544,.F.);
#1049=ORIENTED_EDGE('',*,*,#2431,.T.);
#1050=ORIENTED_EDGE('',*,*,#2545,.F.);
#1051=ORIENTED_EDGE('',*,*,#2432,.T.);
#1052=ORIENTED_EDGE('',*,*,#2544,.T.);
#1053=ORIENTED_EDGE('',*,*,#2546,.F.);
#1054=ORIENTED_EDGE('',*,*,#2547,.F.);
#1055=ORIENTED_EDGE('',*,*,#2545,.T.);
#1056=ORIENTED_EDGE('',*,*,#2430,.T.);
#1057=ORIENTED_EDGE('',*,*,#2548,.F.);
#1058=ORIENTED_EDGE('',*,*,#2546,.T.);
#1059=ORIENTED_EDGE('',*,*,#2433,.T.);
#1060=ORIENTED_EDGE('',*,*,#2547,.T.);
#1061=ORIENTED_EDGE('',*,*,#2549,.F.);
#1062=ORIENTED_EDGE('',*,*,#2550,.F.);
#1063=ORIENTED_EDGE('',*,*,#2439,.T.);
#1064=ORIENTED_EDGE('',*,*,#2551,.F.);
#1065=ORIENTED_EDGE('',*,*,#2552,.F.);
#1066=ORIENTED_EDGE('',*,*,#2548,.T.);
#1067=ORIENTED_EDGE('',*,*,#2429,.F.);
#1068=ORIENTED_EDGE('',*,*,#2553,.F.);
#1069=ORIENTED_EDGE('',*,*,#2549,.T.);
#1070=ORIENTED_EDGE('',*,*,#2552,.T.);
#1071=ORIENTED_EDGE('',*,*,#2554,.F.);
#1072=ORIENTED_EDGE('',*,*,#2434,.T.);
#1073=ORIENTED_EDGE('',*,*,#2555,.F.);
#1074=ORIENTED_EDGE('',*,*,#2436,.T.);
#1075=ORIENTED_EDGE('',*,*,#2556,.F.);
#1076=ORIENTED_EDGE('',*,*,#2557,.F.);
#1077=ORIENTED_EDGE('',*,*,#2551,.T.);
#1078=ORIENTED_EDGE('',*,*,#2438,.T.);
#1079=ORIENTED_EDGE('',*,*,#2558,.F.);
#1080=ORIENTED_EDGE('',*,*,#2550,.T.);
#1081=ORIENTED_EDGE('',*,*,#2557,.T.);
#1082=ORIENTED_EDGE('',*,*,#2559,.F.);
#1083=ORIENTED_EDGE('',*,*,#2440,.F.);
#1084=ORIENTED_EDGE('',*,*,#2553,.T.);
#1085=ORIENTED_EDGE('',*,*,#2428,.T.);
#1086=ORIENTED_EDGE('',*,*,#2560,.F.);
#1087=ORIENTED_EDGE('',*,*,#2435,.T.);
#1088=ORIENTED_EDGE('',*,*,#2554,.T.);
#1089=ORIENTED_EDGE('',*,*,#2561,.F.);
#1090=ORIENTED_EDGE('',*,*,#2556,.T.);
#1091=ORIENTED_EDGE('',*,*,#2437,.T.);
#1092=ORIENTED_EDGE('',*,*,#2555,.T.);
#1093=ORIENTED_EDGE('',*,*,#2562,.F.);
#1094=ORIENTED_EDGE('',*,*,#2558,.T.);
#1095=ORIENTED_EDGE('',*,*,#2425,.T.);
#1096=ORIENTED_EDGE('',*,*,#2559,.T.);
#1097=ORIENTED_EDGE('',*,*,#2563,.F.);
#1098=ORIENTED_EDGE('',*,*,#2560,.T.);
#1099=ORIENTED_EDGE('',*,*,#2427,.T.);
#1100=ORIENTED_EDGE('',*,*,#2564,.F.);
#1101=ORIENTED_EDGE('',*,*,#2561,.T.);
#1102=ORIENTED_EDGE('',*,*,#2563,.T.);
#1103=ORIENTED_EDGE('',*,*,#2562,.T.);
#1104=ORIENTED_EDGE('',*,*,#2564,.T.);
#1105=ORIENTED_EDGE('',*,*,#2426,.F.);
#1106=ORIENTED_EDGE('',*,*,#2565,.F.);
#1107=ORIENTED_EDGE('',*,*,#2421,.T.);
#1108=ORIENTED_EDGE('',*,*,#2566,.F.);
#1109=ORIENTED_EDGE('',*,*,#2567,.F.);
#1110=ORIENTED_EDGE('',*,*,#2566,.T.);
#1111=ORIENTED_EDGE('',*,*,#2424,.T.);
#1112=ORIENTED_EDGE('',*,*,#2568,.F.);
#1113=ORIENTED_EDGE('',*,*,#2565,.T.);
#1114=ORIENTED_EDGE('',*,*,#2567,.T.);
#1115=ORIENTED_EDGE('',*,*,#2569,.F.);
#1116=ORIENTED_EDGE('',*,*,#2422,.F.);
#1117=ORIENTED_EDGE('',*,*,#2568,.T.);
#1118=ORIENTED_EDGE('',*,*,#2423,.T.);
#1119=ORIENTED_EDGE('',*,*,#2569,.T.);
#1120=ORIENTED_EDGE('',*,*,#2570,.F.);
#1121=ORIENTED_EDGE('',*,*,#2443,.T.);
#1122=ORIENTED_EDGE('',*,*,#2571,.F.);
#1123=ORIENTED_EDGE('',*,*,#2572,.F.);
#1124=ORIENTED_EDGE('',*,*,#2571,.T.);
#1125=ORIENTED_EDGE('',*,*,#2446,.T.);
#1126=ORIENTED_EDGE('',*,*,#2573,.F.);
#1127=ORIENTED_EDGE('',*,*,#2570,.T.);
#1128=ORIENTED_EDGE('',*,*,#2572,.T.);
#1129=ORIENTED_EDGE('',*,*,#2574,.F.);
#1130=ORIENTED_EDGE('',*,*,#2444,.F.);
#1131=ORIENTED_EDGE('',*,*,#2573,.T.);
#1132=ORIENTED_EDGE('',*,*,#2445,.T.);
#1133=ORIENTED_EDGE('',*,*,#2574,.T.);
#1134=ORIENTED_EDGE('',*,*,#2315,.F.);
#1135=ORIENTED_EDGE('',*,*,#2190,.F.);
#1136=ORIENTED_EDGE('',*,*,#2419,.F.);
#1137=ORIENTED_EDGE('',*,*,#2525,.F.);
#1138=ORIENTED_EDGE('',*,*,#2226,.F.);
#1139=ORIENTED_EDGE('',*,*,#2177,.F.);
#1140=ORIENTED_EDGE('',*,*,#2313,.F.);
#1141=ORIENTED_EDGE('',*,*,#2523,.F.);
#1142=ORIENTED_EDGE('',*,*,#2175,.F.);
#1143=ORIENTED_EDGE('',*,*,#2575,.T.);
#1144=ORIENTED_EDGE('',*,*,#2305,.T.);
#1145=ORIENTED_EDGE('',*,*,#2310,.F.);
#1146=ORIENTED_EDGE('',*,*,#2201,.F.);
#1147=ORIENTED_EDGE('',*,*,#2576,.T.);
#1148=ORIENTED_EDGE('',*,*,#2309,.T.);
#1149=ORIENTED_EDGE('',*,*,#2577,.T.);
#1150=ORIENTED_EDGE('',*,*,#2578,.T.);
#1151=ORIENTED_EDGE('',*,*,#2173,.T.);
#1152=ORIENTED_EDGE('',*,*,#2579,.T.);
#1153=ORIENTED_EDGE('',*,*,#2580,.T.);
#1154=ORIENTED_EDGE('',*,*,#2307,.T.);
#1155=ORIENTED_EDGE('',*,*,#2196,.F.);
#1156=ORIENTED_EDGE('',*,*,#2577,.F.);
#1157=ORIENTED_EDGE('',*,*,#2308,.F.);
#1158=ORIENTED_EDGE('',*,*,#2580,.F.);
#1159=ORIENTED_EDGE('',*,*,#2174,.F.);
#1160=ORIENTED_EDGE('',*,*,#2578,.F.);
#1161=ORIENTED_EDGE('',*,*,#2306,.F.);
#1162=ORIENTED_EDGE('',*,*,#2575,.F.);
#1163=ORIENTED_EDGE('',*,*,#2194,.F.);
#1164=ORIENTED_EDGE('',*,*,#2527,.T.);
#1165=ORIENTED_EDGE('',*,*,#2138,.F.);
#1166=ORIENTED_EDGE('',*,*,#2412,.F.);
#1167=ORIENTED_EDGE('',*,*,#2192,.F.);
#1168=ORIENTED_EDGE('',*,*,#2314,.F.);
#1169=ORIENTED_EDGE('',*,*,#2140,.F.);
#1170=ORIENTED_EDGE('',*,*,#2526,.F.);
#1171=ORIENTED_EDGE('',*,*,#2339,.F.);
#1172=ORIENTED_EDGE('',*,*,#2494,.F.);
#1173=ORIENTED_EDGE('',*,*,#2273,.F.);
#1174=ORIENTED_EDGE('',*,*,#2496,.F.);
#1175=ORIENTED_EDGE('',*,*,#2337,.F.);
#1176=ORIENTED_EDGE('',*,*,#2246,.F.);
#1177=ORIENTED_EDGE('',*,*,#2275,.F.);
#1178=ORIENTED_EDGE('',*,*,#2495,.F.);
#1179=ORIENTED_EDGE('',*,*,#2581,.T.);
#1180=ORIENTED_EDGE('',*,*,#2582,.T.);
#1181=ORIENTED_EDGE('',*,*,#2248,.F.);
#1182=ORIENTED_EDGE('',*,*,#2342,.F.);
#1183=ORIENTED_EDGE('',*,*,#2161,.F.);
#1184=ORIENTED_EDGE('',*,*,#2341,.F.);
#1185=ORIENTED_EDGE('',*,*,#2497,.F.);
#1186=ORIENTED_EDGE('',*,*,#2271,.F.);
#1187=ORIENTED_EDGE('',*,*,#2163,.F.);
#1188=ORIENTED_EDGE('',*,*,#2469,.F.);
#1189=ORIENTED_EDGE('',*,*,#2396,.T.);
#1190=ORIENTED_EDGE('',*,*,#2493,.F.);
#1191=ORIENTED_EDGE('',*,*,#2237,.F.);
#1192=ORIENTED_EDGE('',*,*,#2583,.T.);
#1193=ORIENTED_EDGE('',*,*,#2320,.T.);
#1194=ORIENTED_EDGE('',*,*,#2584,.F.);
#1195=ORIENTED_EDGE('',*,*,#2585,.T.);
#1196=ORIENTED_EDGE('',*,*,#2283,.F.);
#1197=ORIENTED_EDGE('',*,*,#2586,.T.);
#1198=ORIENTED_EDGE('',*,*,#2321,.T.);
#1199=ORIENTED_EDGE('',*,*,#2583,.F.);
#1200=ORIENTED_EDGE('',*,*,#2282,.F.);
#1201=ORIENTED_EDGE('',*,*,#2584,.T.);
#1202=ORIENTED_EDGE('',*,*,#2319,.T.);
#1203=ORIENTED_EDGE('',*,*,#2267,.F.);
#1204=ORIENTED_EDGE('',*,*,#2587,.T.);
#1205=ORIENTED_EDGE('',*,*,#2588,.T.);
#1206=ORIENTED_EDGE('',*,*,#2322,.T.);
#1207=ORIENTED_EDGE('',*,*,#2586,.F.);
#1208=ORIENTED_EDGE('',*,*,#2281,.F.);
#1209=ORIENTED_EDGE('',*,*,#2589,.T.);
#1210=ORIENTED_EDGE('',*,*,#2323,.T.);
#1211=ORIENTED_EDGE('',*,*,#2588,.F.);
#1212=ORIENTED_EDGE('',*,*,#2280,.F.);
#1213=ORIENTED_EDGE('',*,*,#2590,.T.);
#1214=ORIENTED_EDGE('',*,*,#2324,.T.);
#1215=ORIENTED_EDGE('',*,*,#2589,.F.);
#1216=ORIENTED_EDGE('',*,*,#2279,.F.);
#1217=ORIENTED_EDGE('',*,*,#2591,.T.);
#1218=ORIENTED_EDGE('',*,*,#2592,.T.);
#1219=ORIENTED_EDGE('',*,*,#2325,.T.);
#1220=ORIENTED_EDGE('',*,*,#2590,.F.);
#1221=ORIENTED_EDGE('',*,*,#2593,.T.);
#1222=ORIENTED_EDGE('',*,*,#2594,.F.);
#1223=ORIENTED_EDGE('',*,*,#2595,.T.);
#1224=ORIENTED_EDGE('',*,*,#2258,.F.);
#1225=ORIENTED_EDGE('',*,*,#2596,.T.);
#1226=ORIENTED_EDGE('',*,*,#2326,.T.);
#1227=ORIENTED_EDGE('',*,*,#2592,.F.);
#1228=ORIENTED_EDGE('',*,*,#2597,.T.);
#1229=ORIENTED_EDGE('',*,*,#2598,.T.);
#1230=ORIENTED_EDGE('',*,*,#2327,.T.);
#1231=ORIENTED_EDGE('',*,*,#2596,.F.);
#1232=ORIENTED_EDGE('',*,*,#2263,.F.);
#1233=ORIENTED_EDGE('',*,*,#2599,.T.);
#1234=ORIENTED_EDGE('',*,*,#2328,.T.);
#1235=ORIENTED_EDGE('',*,*,#2598,.F.);
#1236=ORIENTED_EDGE('',*,*,#2262,.F.);
#1237=ORIENTED_EDGE('',*,*,#2269,.T.);
#1238=ORIENTED_EDGE('',*,*,#2318,.T.);
#1239=ORIENTED_EDGE('',*,*,#2599,.F.);
#1240=ORIENTED_EDGE('',*,*,#2261,.F.);
#1241=ORIENTED_EDGE('',*,*,#2466,.F.);
#1242=ORIENTED_EDGE('',*,*,#2153,.F.);
#1243=ORIENTED_EDGE('',*,*,#2475,.F.);
#1244=ORIENTED_EDGE('',*,*,#2600,.T.);
#1245=ORIENTED_EDGE('',*,*,#2461,.F.);
#1246=ORIENTED_EDGE('',*,*,#2182,.F.);
#1247=ORIENTED_EDGE('',*,*,#2278,.F.);
#1248=ORIENTED_EDGE('',*,*,#2489,.T.);
#1249=ORIENTED_EDGE('',*,*,#2183,.F.);
#1250=ORIENTED_EDGE('',*,*,#2411,.F.);
#1251=ORIENTED_EDGE('',*,*,#2284,.F.);
#1252=ORIENTED_EDGE('',*,*,#2585,.F.);
#1253=ORIENTED_EDGE('',*,*,#2587,.F.);
#1254=ORIENTED_EDGE('',*,*,#2266,.F.);
#1255=ORIENTED_EDGE('',*,*,#2601,.F.);
#1256=ORIENTED_EDGE('',*,*,#2597,.F.);
#1257=ORIENTED_EDGE('',*,*,#2593,.F.);
#1258=ORIENTED_EDGE('',*,*,#2591,.F.);
#1259=ORIENTED_EDGE('',*,*,#2602,.T.);
#1260=ORIENTED_EDGE('',*,*,#2594,.T.);
#1261=ORIENTED_EDGE('',*,*,#2601,.T.);
#1262=ORIENTED_EDGE('',*,*,#2265,.F.);
#1263=ORIENTED_EDGE('',*,*,#2595,.F.);
#1264=ORIENTED_EDGE('',*,*,#2602,.F.);
#1265=ORIENTED_EDGE('',*,*,#2264,.F.);
#1266=ORIENTED_EDGE('',*,*,#2259,.F.);
#1267=ORIENTED_EDGE('',*,*,#2200,.F.);
#1268=ORIENTED_EDGE('',*,*,#2603,.T.);
#1269=ORIENTED_EDGE('',*,*,#2298,.F.);
#1270=ORIENTED_EDGE('',*,*,#2576,.F.);
#1271=ORIENTED_EDGE('',*,*,#2199,.F.);
#1272=ORIENTED_EDGE('',*,*,#2295,.F.);
#1273=ORIENTED_EDGE('',*,*,#2299,.F.);
#1274=ORIENTED_EDGE('',*,*,#2603,.F.);
#1275=ORIENTED_EDGE('',*,*,#2491,.F.);
#1276=ORIENTED_EDGE('',*,*,#2252,.T.);
#1277=ORIENTED_EDGE('',*,*,#2240,.T.);
#1278=ORIENTED_EDGE('',*,*,#2483,.F.);
#1279=ORIENTED_EDGE('',*,*,#2244,.T.);
#1280=ORIENTED_EDGE('',*,*,#2255,.T.);
#1281=ORIENTED_EDGE('',*,*,#2490,.F.);
#1282=ORIENTED_EDGE('',*,*,#2276,.T.);
#1283=ORIENTED_EDGE('',*,*,#2604,.F.);
#1284=ORIENTED_EDGE('',*,*,#2485,.T.);
#1285=ORIENTED_EDGE('',*,*,#2604,.T.);
#1286=ORIENTED_EDGE('',*,*,#2209,.T.);
#1287=ORIENTED_EDGE('',*,*,#2605,.T.);
#1288=ORIENTED_EDGE('',*,*,#2477,.F.);
#1289=ORIENTED_EDGE('',*,*,#2606,.T.);
#1290=ORIENTED_EDGE('',*,*,#2480,.F.);
#1291=ORIENTED_EDGE('',*,*,#2607,.T.);
#1292=ORIENTED_EDGE('',*,*,#2415,.T.);
#1293=ORIENTED_EDGE('',*,*,#2608,.T.);
#1294=ORIENTED_EDGE('',*,*,#2420,.F.);
#1295=ORIENTED_EDGE('',*,*,#2188,.F.);
#1296=ORIENTED_EDGE('',*,*,#2481,.F.);
#1297=ORIENTED_EDGE('',*,*,#2608,.F.);
#1298=ORIENTED_EDGE('',*,*,#2476,.F.);
#1299=ORIENTED_EDGE('',*,*,#2203,.F.);
#1300=ORIENTED_EDGE('',*,*,#2210,.F.);
#1301=ORIENTED_EDGE('',*,*,#2606,.F.);
#1302=ORIENTED_EDGE('',*,*,#2609,.F.);
#1303=ORIENTED_EDGE('',*,*,#2472,.T.);
#1304=ORIENTED_EDGE('',*,*,#2157,.F.);
#1305=ORIENTED_EDGE('',*,*,#2270,.T.);
#1306=ORIENTED_EDGE('',*,*,#2168,.F.);
#1307=ORIENTED_EDGE('',*,*,#2479,.F.);
#1308=ORIENTED_EDGE('',*,*,#2130,.F.);
#1309=ORIENTED_EDGE('',*,*,#2416,.F.);
#1310=ORIENTED_EDGE('',*,*,#2607,.F.);
#1311=ORIENTED_EDGE('',*,*,#2208,.F.);
#1312=ORIENTED_EDGE('',*,*,#2132,.F.);
#1313=ORIENTED_EDGE('',*,*,#2478,.F.);
#1314=ORIENTED_EDGE('',*,*,#2605,.F.);
#1315=ORIENTED_EDGE('',*,*,#2487,.T.);
#1316=ORIENTED_EDGE('',*,*,#2610,.T.);
#1317=ORIENTED_EDGE('',*,*,#2611,.T.);
#1318=ORIENTED_EDGE('',*,*,#2612,.T.);
#1319=ORIENTED_EDGE('',*,*,#2488,.F.);
#1320=ORIENTED_EDGE('',*,*,#2612,.F.);
#1321=ORIENTED_EDGE('',*,*,#2613,.F.);
#1322=ORIENTED_EDGE('',*,*,#2184,.F.);
#1323=ORIENTED_EDGE('',*,*,#2613,.T.);
#1324=ORIENTED_EDGE('',*,*,#2611,.F.);
#1325=ORIENTED_EDGE('',*,*,#2614,.F.);
#1326=ORIENTED_EDGE('',*,*,#2185,.F.);
#1327=ORIENTED_EDGE('',*,*,#2614,.T.);
#1328=ORIENTED_EDGE('',*,*,#2610,.F.);
#1329=ORIENTED_EDGE('',*,*,#2492,.F.);
#1330=ORIENTED_EDGE('',*,*,#2186,.F.);
#1331=ORIENTED_EDGE('',*,*,#2167,.F.);
#1332=ORIENTED_EDGE('',*,*,#2615,.T.);
#1333=ORIENTED_EDGE('',*,*,#2616,.T.);
#1334=ORIENTED_EDGE('',*,*,#2609,.T.);
#1335=ORIENTED_EDGE('',*,*,#2579,.F.);
#1336=ORIENTED_EDGE('',*,*,#2617,.T.);
#1337=ORIENTED_EDGE('',*,*,#2615,.F.);
#1338=ORIENTED_EDGE('',*,*,#2166,.F.);
#1339=ORIENTED_EDGE('',*,*,#2197,.F.);
#1340=ORIENTED_EDGE('',*,*,#2618,.T.);
#1341=ORIENTED_EDGE('',*,*,#2619,.T.);
#1342=ORIENTED_EDGE('',*,*,#2581,.F.);
#1343=ORIENTED_EDGE('',*,*,#2160,.F.);
#1344=ORIENTED_EDGE('',*,*,#2620,.T.);
#1345=ORIENTED_EDGE('',*,*,#2618,.F.);
#1346=ORIENTED_EDGE('',*,*,#2621,.T.);
#1347=ORIENTED_EDGE('',*,*,#2470,.T.);
#1348=ORIENTED_EDGE('',*,*,#2250,.T.);
#1349=ORIENTED_EDGE('',*,*,#2622,.T.);
#1350=ORIENTED_EDGE('',*,*,#2623,.T.);
#1351=ORIENTED_EDGE('',*,*,#2624,.T.);
#1352=ORIENTED_EDGE('',*,*,#2625,.T.);
#1353=ORIENTED_EDGE('',*,*,#2626,.T.);
#1354=ORIENTED_EDGE('',*,*,#2251,.F.);
#1355=ORIENTED_EDGE('',*,*,#2627,.F.);
#1356=ORIENTED_EDGE('',*,*,#2628,.T.);
#1357=ORIENTED_EDGE('',*,*,#2629,.T.);
#1358=ORIENTED_EDGE('',*,*,#2234,.T.);
#1359=ORIENTED_EDGE('',*,*,#2630,.T.);
#1360=ORIENTED_EDGE('',*,*,#2627,.T.);
#1361=ORIENTED_EDGE('',*,*,#2631,.T.);
#1362=ORIENTED_EDGE('',*,*,#2625,.F.);
#1363=ORIENTED_EDGE('',*,*,#2632,.T.);
#1364=ORIENTED_EDGE('',*,*,#2629,.F.);
#1365=ORIENTED_EDGE('',*,*,#2633,.T.);
#1366=ORIENTED_EDGE('',*,*,#2623,.F.);
#1367=ORIENTED_EDGE('',*,*,#2156,.F.);
#1368=ORIENTED_EDGE('',*,*,#2617,.F.);
#1369=ORIENTED_EDGE('',*,*,#2172,.F.);
#1370=ORIENTED_EDGE('',*,*,#2634,.F.);
#1371=ORIENTED_EDGE('',*,*,#2473,.F.);
#1372=ORIENTED_EDGE('',*,*,#2616,.F.);
#1373=ORIENTED_EDGE('',*,*,#2600,.F.);
#1374=ORIENTED_EDGE('',*,*,#2474,.F.);
#1375=ORIENTED_EDGE('',*,*,#2634,.T.);
#1376=ORIENTED_EDGE('',*,*,#2462,.F.);
#1377=ORIENTED_EDGE('',*,*,#2159,.F.);
#1378=ORIENTED_EDGE('',*,*,#2471,.F.);
#1379=ORIENTED_EDGE('',*,*,#2621,.F.);
#1380=ORIENTED_EDGE('',*,*,#2620,.F.);
#1381=ORIENTED_EDGE('',*,*,#2624,.F.);
#1382=ORIENTED_EDGE('',*,*,#2633,.F.);
#1383=ORIENTED_EDGE('',*,*,#2628,.F.);
#1384=ORIENTED_EDGE('',*,*,#2632,.F.);
#1385=ORIENTED_EDGE('',*,*,#2626,.F.);
#1386=ORIENTED_EDGE('',*,*,#2631,.F.);
#1387=ORIENTED_EDGE('',*,*,#2630,.F.);
#1388=ORIENTED_EDGE('',*,*,#2233,.F.);
#1389=ORIENTED_EDGE('',*,*,#2582,.F.);
#1390=ORIENTED_EDGE('',*,*,#2619,.F.);
#1391=ORIENTED_EDGE('',*,*,#2622,.F.);
#1392=ORIENTED_EDGE('',*,*,#2249,.F.);
#1393=ORIENTED_EDGE('',*,*,#2635,.F.);
#1394=ORIENTED_EDGE('',*,*,#2636,.T.);
#1395=ORIENTED_EDGE('',*,*,#2637,.T.);
#1396=ORIENTED_EDGE('',*,*,#2122,.T.);
#1397=ORIENTED_EDGE('',*,*,#2638,.F.);
#1398=ORIENTED_EDGE('',*,*,#2639,.T.);
#1399=ORIENTED_EDGE('',*,*,#2635,.T.);
#1400=ORIENTED_EDGE('',*,*,#2128,.T.);
#1401=ORIENTED_EDGE('',*,*,#2640,.F.);
#1402=ORIENTED_EDGE('',*,*,#2641,.T.);
#1403=ORIENTED_EDGE('',*,*,#2638,.T.);
#1404=ORIENTED_EDGE('',*,*,#2127,.T.);
#1405=ORIENTED_EDGE('',*,*,#2642,.F.);
#1406=ORIENTED_EDGE('',*,*,#2643,.T.);
#1407=ORIENTED_EDGE('',*,*,#2640,.T.);
#1408=ORIENTED_EDGE('',*,*,#2126,.T.);
#1409=ORIENTED_EDGE('',*,*,#2644,.F.);
#1410=ORIENTED_EDGE('',*,*,#2645,.T.);
#1411=ORIENTED_EDGE('',*,*,#2642,.T.);
#1412=ORIENTED_EDGE('',*,*,#2125,.T.);
#1413=ORIENTED_EDGE('',*,*,#2646,.F.);
#1414=ORIENTED_EDGE('',*,*,#2647,.T.);
#1415=ORIENTED_EDGE('',*,*,#2644,.T.);
#1416=ORIENTED_EDGE('',*,*,#2124,.T.);
#1417=ORIENTED_EDGE('',*,*,#2648,.F.);
#1418=ORIENTED_EDGE('',*,*,#2649,.T.);
#1419=ORIENTED_EDGE('',*,*,#2650,.T.);
#1420=ORIENTED_EDGE('',*,*,#2651,.T.);
#1421=ORIENTED_EDGE('',*,*,#2652,.F.);
#1422=ORIENTED_EDGE('',*,*,#2653,.T.);
#1423=ORIENTED_EDGE('',*,*,#2648,.T.);
#1424=ORIENTED_EDGE('',*,*,#2654,.T.);
#1425=ORIENTED_EDGE('',*,*,#2655,.F.);
#1426=ORIENTED_EDGE('',*,*,#2656,.T.);
#1427=ORIENTED_EDGE('',*,*,#2652,.T.);
#1428=ORIENTED_EDGE('',*,*,#2657,.T.);
#1429=ORIENTED_EDGE('',*,*,#2658,.F.);
#1430=ORIENTED_EDGE('',*,*,#2659,.T.);
#1431=ORIENTED_EDGE('',*,*,#2655,.T.);
#1432=ORIENTED_EDGE('',*,*,#2660,.T.);
#1433=ORIENTED_EDGE('',*,*,#2661,.F.);
#1434=ORIENTED_EDGE('',*,*,#2662,.T.);
#1435=ORIENTED_EDGE('',*,*,#2658,.T.);
#1436=ORIENTED_EDGE('',*,*,#2663,.T.);
#1437=ORIENTED_EDGE('',*,*,#2664,.F.);
#1438=ORIENTED_EDGE('',*,*,#2665,.T.);
#1439=ORIENTED_EDGE('',*,*,#2661,.T.);
#1440=ORIENTED_EDGE('',*,*,#2666,.T.);
#1441=ORIENTED_EDGE('',*,*,#2650,.F.);
#1442=ORIENTED_EDGE('',*,*,#2667,.T.);
#1443=ORIENTED_EDGE('',*,*,#2664,.T.);
#1444=ORIENTED_EDGE('',*,*,#2668,.T.);
#1445=ORIENTED_EDGE('',*,*,#2637,.F.);
#1446=ORIENTED_EDGE('',*,*,#2669,.T.);
#1447=ORIENTED_EDGE('',*,*,#2646,.T.);
#1448=ORIENTED_EDGE('',*,*,#2123,.T.);
#1449=ORIENTED_EDGE('',*,*,#2670,.T.);
#1450=ORIENTED_EDGE('',*,*,#2671,.T.);
#1451=ORIENTED_EDGE('',*,*,#2672,.T.);
#1452=ORIENTED_EDGE('',*,*,#2673,.T.);
#1453=ORIENTED_EDGE('',*,*,#2674,.T.);
#1454=ORIENTED_EDGE('',*,*,#2675,.T.);
#1455=ORIENTED_EDGE('',*,*,#2676,.T.);
#1456=ORIENTED_EDGE('',*,*,#2677,.T.);
#1457=ORIENTED_EDGE('',*,*,#2678,.T.);
#1458=ORIENTED_EDGE('',*,*,#2679,.T.);
#1459=ORIENTED_EDGE('',*,*,#2680,.T.);
#1460=ORIENTED_EDGE('',*,*,#2681,.T.);
#1461=ORIENTED_EDGE('',*,*,#2682,.T.);
#1462=ORIENTED_EDGE('',*,*,#2683,.T.);
#1463=ORIENTED_EDGE('',*,*,#2651,.F.);
#1464=ORIENTED_EDGE('',*,*,#2668,.F.);
#1465=ORIENTED_EDGE('',*,*,#2666,.F.);
#1466=ORIENTED_EDGE('',*,*,#2663,.F.);
#1467=ORIENTED_EDGE('',*,*,#2660,.F.);
#1468=ORIENTED_EDGE('',*,*,#2657,.F.);
#1469=ORIENTED_EDGE('',*,*,#2654,.F.);
#1470=ORIENTED_EDGE('',*,*,#2684,.F.);
#1471=ORIENTED_EDGE('',*,*,#2685,.T.);
#1472=ORIENTED_EDGE('',*,*,#2686,.T.);
#1473=ORIENTED_EDGE('',*,*,#2118,.T.);
#1474=ORIENTED_EDGE('',*,*,#2687,.F.);
#1475=ORIENTED_EDGE('',*,*,#2688,.T.);
#1476=ORIENTED_EDGE('',*,*,#2684,.T.);
#1477=ORIENTED_EDGE('',*,*,#2121,.T.);
#1478=ORIENTED_EDGE('',*,*,#2689,.F.);
#1479=ORIENTED_EDGE('',*,*,#2690,.T.);
#1480=ORIENTED_EDGE('',*,*,#2687,.T.);
#1481=ORIENTED_EDGE('',*,*,#2120,.T.);
#1482=ORIENTED_EDGE('',*,*,#2686,.F.);
#1483=ORIENTED_EDGE('',*,*,#2691,.T.);
#1484=ORIENTED_EDGE('',*,*,#2689,.T.);
#1485=ORIENTED_EDGE('',*,*,#2119,.T.);
#1486=ORIENTED_EDGE('',*,*,#2692,.T.);
#1487=ORIENTED_EDGE('',*,*,#2693,.T.);
#1488=ORIENTED_EDGE('',*,*,#2694,.T.);
#1489=ORIENTED_EDGE('',*,*,#2695,.T.);
#1490=ORIENTED_EDGE('',*,*,#2696,.T.);
#1491=ORIENTED_EDGE('',*,*,#2697,.T.);
#1492=ORIENTED_EDGE('',*,*,#2698,.T.);
#1493=ORIENTED_EDGE('',*,*,#2145,.F.);
#1494=ORIENTED_EDGE('',*,*,#2699,.T.);
#1495=ORIENTED_EDGE('',*,*,#2700,.T.);
#1496=ORIENTED_EDGE('',*,*,#2701,.T.);
#1497=ORIENTED_EDGE('',*,*,#2143,.T.);
#1498=ORIENTED_EDGE('',*,*,#2702,.T.);
#1499=ORIENTED_EDGE('',*,*,#2703,.T.);
#1500=ORIENTED_EDGE('',*,*,#2704,.T.);
#1501=ORIENTED_EDGE('',*,*,#2149,.T.);
#1502=ORIENTED_EDGE('',*,*,#2705,.T.);
#1503=ORIENTED_EDGE('',*,*,#2706,.T.);
#1504=ORIENTED_EDGE('',*,*,#2707,.T.);
#1505=ORIENTED_EDGE('',*,*,#2147,.F.);
#1506=ORIENTED_EDGE('',*,*,#2708,.T.);
#1507=ORIENTED_EDGE('',*,*,#2709,.T.);
#1508=ORIENTED_EDGE('',*,*,#2710,.T.);
#1509=ORIENTED_EDGE('',*,*,#2711,.T.);
#1510=ORIENTED_EDGE('',*,*,#2712,.T.);
#1511=ORIENTED_EDGE('',*,*,#2713,.T.);
#1512=ORIENTED_EDGE('',*,*,#2714,.T.);
#1513=ORIENTED_EDGE('',*,*,#2715,.T.);
#1514=ORIENTED_EDGE('',*,*,#2704,.F.);
#1515=ORIENTED_EDGE('',*,*,#2716,.T.);
#1516=ORIENTED_EDGE('',*,*,#2699,.F.);
#1517=ORIENTED_EDGE('',*,*,#2150,.F.);
#1518=ORIENTED_EDGE('',*,*,#2707,.F.);
#1519=ORIENTED_EDGE('',*,*,#2717,.T.);
#1520=ORIENTED_EDGE('',*,*,#2702,.F.);
#1521=ORIENTED_EDGE('',*,*,#2148,.F.);
#1522=ORIENTED_EDGE('',*,*,#2698,.F.);
#1523=ORIENTED_EDGE('',*,*,#2718,.T.);
#1524=ORIENTED_EDGE('',*,*,#2705,.F.);
#1525=ORIENTED_EDGE('',*,*,#2146,.F.);
#1526=ORIENTED_EDGE('',*,*,#2701,.F.);
#1527=ORIENTED_EDGE('',*,*,#2719,.T.);
#1528=ORIENTED_EDGE('',*,*,#2696,.F.);
#1529=ORIENTED_EDGE('',*,*,#2144,.F.);
#1530=ORIENTED_EDGE('',*,*,#2720,.F.);
#1531=ORIENTED_EDGE('',*,*,#2690,.F.);
#1532=ORIENTED_EDGE('',*,*,#2721,.F.);
#1533=ORIENTED_EDGE('',*,*,#2695,.F.);
#1534=ORIENTED_EDGE('',*,*,#2721,.T.);
#1535=ORIENTED_EDGE('',*,*,#2691,.F.);
#1536=ORIENTED_EDGE('',*,*,#2722,.F.);
#1537=ORIENTED_EDGE('',*,*,#2692,.F.);
#1538=ORIENTED_EDGE('',*,*,#2720,.T.);
#1539=ORIENTED_EDGE('',*,*,#2694,.F.);
#1540=ORIENTED_EDGE('',*,*,#2723,.F.);
#1541=ORIENTED_EDGE('',*,*,#2688,.F.);
#1542=ORIENTED_EDGE('',*,*,#2722,.T.);
#1543=ORIENTED_EDGE('',*,*,#2685,.F.);
#1544=ORIENTED_EDGE('',*,*,#2723,.T.);
#1545=ORIENTED_EDGE('',*,*,#2693,.F.);
#1546=ORIENTED_EDGE('',*,*,#2724,.F.);
#1547=ORIENTED_EDGE('',*,*,#2675,.F.);
#1548=ORIENTED_EDGE('',*,*,#2725,.F.);
#1549=ORIENTED_EDGE('',*,*,#2653,.F.);
#1550=ORIENTED_EDGE('',*,*,#2725,.T.);
#1551=ORIENTED_EDGE('',*,*,#2674,.F.);
#1552=ORIENTED_EDGE('',*,*,#2726,.F.);
#1553=ORIENTED_EDGE('',*,*,#2649,.F.);
#1554=ORIENTED_EDGE('',*,*,#2724,.T.);
#1555=ORIENTED_EDGE('',*,*,#2656,.F.);
#1556=ORIENTED_EDGE('',*,*,#2727,.F.);
#1557=ORIENTED_EDGE('',*,*,#2676,.F.);
#1558=ORIENTED_EDGE('',*,*,#2726,.T.);
#1559=ORIENTED_EDGE('',*,*,#2673,.F.);
#1560=ORIENTED_EDGE('',*,*,#2728,.F.);
#1561=ORIENTED_EDGE('',*,*,#2667,.F.);
#1562=ORIENTED_EDGE('',*,*,#2727,.T.);
#1563=ORIENTED_EDGE('',*,*,#2659,.F.);
#1564=ORIENTED_EDGE('',*,*,#2729,.F.);
#1565=ORIENTED_EDGE('',*,*,#2670,.F.);
#1566=ORIENTED_EDGE('',*,*,#2728,.T.);
#1567=ORIENTED_EDGE('',*,*,#2672,.F.);
#1568=ORIENTED_EDGE('',*,*,#2730,.F.);
#1569=ORIENTED_EDGE('',*,*,#2665,.F.);
#1570=ORIENTED_EDGE('',*,*,#2729,.T.);
#1571=ORIENTED_EDGE('',*,*,#2662,.F.);
#1572=ORIENTED_EDGE('',*,*,#2730,.T.);
#1573=ORIENTED_EDGE('',*,*,#2671,.F.);
#1574=ORIENTED_EDGE('',*,*,#2731,.F.);
#1575=ORIENTED_EDGE('',*,*,#2682,.F.);
#1576=ORIENTED_EDGE('',*,*,#2732,.F.);
#1577=ORIENTED_EDGE('',*,*,#2639,.F.);
#1578=ORIENTED_EDGE('',*,*,#2732,.T.);
#1579=ORIENTED_EDGE('',*,*,#2681,.F.);
#1580=ORIENTED_EDGE('',*,*,#2733,.F.);
#1581=ORIENTED_EDGE('',*,*,#2636,.F.);
#1582=ORIENTED_EDGE('',*,*,#2731,.T.);
#1583=ORIENTED_EDGE('',*,*,#2641,.F.);
#1584=ORIENTED_EDGE('',*,*,#2734,.F.);
#1585=ORIENTED_EDGE('',*,*,#2683,.F.);
#1586=ORIENTED_EDGE('',*,*,#2733,.T.);
#1587=ORIENTED_EDGE('',*,*,#2680,.F.);
#1588=ORIENTED_EDGE('',*,*,#2735,.F.);
#1589=ORIENTED_EDGE('',*,*,#2669,.F.);
#1590=ORIENTED_EDGE('',*,*,#2734,.T.);
#1591=ORIENTED_EDGE('',*,*,#2643,.F.);
#1592=ORIENTED_EDGE('',*,*,#2736,.F.);
#1593=ORIENTED_EDGE('',*,*,#2677,.F.);
#1594=ORIENTED_EDGE('',*,*,#2735,.T.);
#1595=ORIENTED_EDGE('',*,*,#2679,.F.);
#1596=ORIENTED_EDGE('',*,*,#2737,.F.);
#1597=ORIENTED_EDGE('',*,*,#2647,.F.);
#1598=ORIENTED_EDGE('',*,*,#2736,.T.);
#1599=ORIENTED_EDGE('',*,*,#2645,.F.);
#1600=ORIENTED_EDGE('',*,*,#2737,.T.);
#1601=ORIENTED_EDGE('',*,*,#2678,.F.);
#1602=ORIENTED_EDGE('',*,*,#2738,.F.);
#1603=ORIENTED_EDGE('',*,*,#2713,.F.);
#1604=ORIENTED_EDGE('',*,*,#2739,.F.);
#1605=ORIENTED_EDGE('',*,*,#2703,.F.);
#1606=ORIENTED_EDGE('',*,*,#2739,.T.);
#1607=ORIENTED_EDGE('',*,*,#2712,.F.);
#1608=ORIENTED_EDGE('',*,*,#2740,.F.);
#1609=ORIENTED_EDGE('',*,*,#2716,.F.);
#1610=ORIENTED_EDGE('',*,*,#2738,.T.);
#1611=ORIENTED_EDGE('',*,*,#2717,.F.);
#1612=ORIENTED_EDGE('',*,*,#2741,.F.);
#1613=ORIENTED_EDGE('',*,*,#2714,.F.);
#1614=ORIENTED_EDGE('',*,*,#2740,.T.);
#1615=ORIENTED_EDGE('',*,*,#2711,.F.);
#1616=ORIENTED_EDGE('',*,*,#2742,.F.);
#1617=ORIENTED_EDGE('',*,*,#2700,.F.);
#1618=ORIENTED_EDGE('',*,*,#2741,.T.);
#1619=ORIENTED_EDGE('',*,*,#2706,.F.);
#1620=ORIENTED_EDGE('',*,*,#2743,.F.);
#1621=ORIENTED_EDGE('',*,*,#2715,.F.);
#1622=ORIENTED_EDGE('',*,*,#2742,.T.);
#1623=ORIENTED_EDGE('',*,*,#2710,.F.);
#1624=ORIENTED_EDGE('',*,*,#2744,.F.);
#1625=ORIENTED_EDGE('',*,*,#2719,.F.);
#1626=ORIENTED_EDGE('',*,*,#2743,.T.);
#1627=ORIENTED_EDGE('',*,*,#2718,.F.);
#1628=ORIENTED_EDGE('',*,*,#2745,.F.);
#1629=ORIENTED_EDGE('',*,*,#2708,.F.);
#1630=ORIENTED_EDGE('',*,*,#2744,.T.);
#1631=ORIENTED_EDGE('',*,*,#2709,.F.);
#1632=ORIENTED_EDGE('',*,*,#2745,.T.);
#1633=ORIENTED_EDGE('',*,*,#2697,.F.);
#1634=ORIENTED_EDGE('',*,*,#2746,.F.);
#1635=ORIENTED_EDGE('',*,*,#2747,.T.);
#1636=ORIENTED_EDGE('',*,*,#2748,.T.);
#1637=ORIENTED_EDGE('',*,*,#2749,.T.);
#1638=ORIENTED_EDGE('',*,*,#2750,.T.);
#1639=ORIENTED_EDGE('',*,*,#2751,.T.);
#1640=ORIENTED_EDGE('',*,*,#2752,.T.);
#1641=ORIENTED_EDGE('',*,*,#2753,.T.);
#1642=ORIENTED_EDGE('',*,*,#2754,.F.);
#1643=ORIENTED_EDGE('',*,*,#2755,.F.);
#1644=ORIENTED_EDGE('',*,*,#2756,.T.);
#1645=ORIENTED_EDGE('',*,*,#2757,.T.);
#1646=ORIENTED_EDGE('',*,*,#2758,.F.);
#1647=ORIENTED_EDGE('',*,*,#2759,.F.);
#1648=ORIENTED_EDGE('',*,*,#2760,.F.);
#1649=ORIENTED_EDGE('',*,*,#2761,.T.);
#1650=ORIENTED_EDGE('',*,*,#2762,.F.);
#1651=ORIENTED_EDGE('',*,*,#2763,.F.);
#1652=ORIENTED_EDGE('',*,*,#2764,.F.);
#1653=ORIENTED_EDGE('',*,*,#2765,.F.);
#1654=ORIENTED_EDGE('',*,*,#2766,.F.);
#1655=ORIENTED_EDGE('',*,*,#2767,.F.);
#1656=ORIENTED_EDGE('',*,*,#2768,.T.);
#1657=ORIENTED_EDGE('',*,*,#2769,.F.);
#1658=ORIENTED_EDGE('',*,*,#2770,.T.);
#1659=ORIENTED_EDGE('',*,*,#2771,.F.);
#1660=ORIENTED_EDGE('',*,*,#2772,.F.);
#1661=ORIENTED_EDGE('',*,*,#2773,.F.);
#1662=ORIENTED_EDGE('',*,*,#2774,.F.);
#1663=ORIENTED_EDGE('',*,*,#2775,.T.);
#1664=ORIENTED_EDGE('',*,*,#2776,.T.);
#1665=ORIENTED_EDGE('',*,*,#2777,.T.);
#1666=ORIENTED_EDGE('',*,*,#2778,.F.);
#1667=ORIENTED_EDGE('',*,*,#2779,.T.);
#1668=ORIENTED_EDGE('',*,*,#2754,.T.);
#1669=ORIENTED_EDGE('',*,*,#2780,.T.);
#1670=ORIENTED_EDGE('',*,*,#2781,.F.);
#1671=ORIENTED_EDGE('',*,*,#2782,.T.);
#1672=ORIENTED_EDGE('',*,*,#2783,.F.);
#1673=ORIENTED_EDGE('',*,*,#2784,.F.);
#1674=ORIENTED_EDGE('',*,*,#2785,.T.);
#1675=ORIENTED_EDGE('',*,*,#2786,.T.);
#1676=ORIENTED_EDGE('',*,*,#2787,.F.);
#1677=ORIENTED_EDGE('',*,*,#2788,.T.);
#1678=ORIENTED_EDGE('',*,*,#2789,.T.);
#1679=ORIENTED_EDGE('',*,*,#2790,.F.);
#1680=ORIENTED_EDGE('',*,*,#2791,.T.);
#1681=ORIENTED_EDGE('',*,*,#2792,.T.);
#1682=ORIENTED_EDGE('',*,*,#2793,.T.);
#1683=ORIENTED_EDGE('',*,*,#2794,.F.);
#1684=ORIENTED_EDGE('',*,*,#2795,.T.);
#1685=ORIENTED_EDGE('',*,*,#2796,.T.);
#1686=ORIENTED_EDGE('',*,*,#2797,.T.);
#1687=ORIENTED_EDGE('',*,*,#2798,.F.);
#1688=ORIENTED_EDGE('',*,*,#2799,.F.);
#1689=ORIENTED_EDGE('',*,*,#2800,.F.);
#1690=ORIENTED_EDGE('',*,*,#2801,.T.);
#1691=ORIENTED_EDGE('',*,*,#2802,.F.);
#1692=ORIENTED_EDGE('',*,*,#2803,.F.);
#1693=ORIENTED_EDGE('',*,*,#2778,.T.);
#1694=ORIENTED_EDGE('',*,*,#2802,.T.);
#1695=ORIENTED_EDGE('',*,*,#2804,.T.);
#1696=ORIENTED_EDGE('',*,*,#2750,.F.);
#1697=ORIENTED_EDGE('',*,*,#2805,.F.);
#1698=ORIENTED_EDGE('',*,*,#2806,.F.);
#1699=ORIENTED_EDGE('',*,*,#2807,.T.);
#1700=ORIENTED_EDGE('',*,*,#2756,.F.);
#1701=ORIENTED_EDGE('',*,*,#2808,.F.);
#1702=ORIENTED_EDGE('',*,*,#2809,.F.);
#1703=ORIENTED_EDGE('',*,*,#2810,.T.);
#1704=ORIENTED_EDGE('',*,*,#2811,.T.);
#1705=ORIENTED_EDGE('',*,*,#2812,.T.);
#1706=ORIENTED_EDGE('',*,*,#2752,.F.);
#1707=ORIENTED_EDGE('',*,*,#2813,.F.);
#1708=ORIENTED_EDGE('',*,*,#2814,.F.);
#1709=ORIENTED_EDGE('',*,*,#2815,.T.);
#1710=ORIENTED_EDGE('',*,*,#2816,.F.);
#1711=ORIENTED_EDGE('',*,*,#2817,.T.);
#1712=ORIENTED_EDGE('',*,*,#2818,.F.);
#1713=ORIENTED_EDGE('',*,*,#2819,.T.);
#1714=ORIENTED_EDGE('',*,*,#2820,.F.);
#1715=ORIENTED_EDGE('',*,*,#2821,.T.);
#1716=ORIENTED_EDGE('',*,*,#2822,.F.);
#1717=ORIENTED_EDGE('',*,*,#2823,.T.);
#1718=ORIENTED_EDGE('',*,*,#2824,.T.);
#1719=ORIENTED_EDGE('',*,*,#2825,.F.);
#1720=ORIENTED_EDGE('',*,*,#2826,.F.);
#1721=ORIENTED_EDGE('',*,*,#2827,.F.);
#1722=ORIENTED_EDGE('',*,*,#2828,.F.);
#1723=ORIENTED_EDGE('',*,*,#2829,.F.);
#1724=ORIENTED_EDGE('',*,*,#2830,.T.);
#1725=ORIENTED_EDGE('',*,*,#2831,.F.);
#1726=ORIENTED_EDGE('',*,*,#2832,.F.);
#1727=ORIENTED_EDGE('',*,*,#2833,.T.);
#1728=ORIENTED_EDGE('',*,*,#2806,.T.);
#1729=ORIENTED_EDGE('',*,*,#2834,.F.);
#1730=ORIENTED_EDGE('',*,*,#2835,.F.);
#1731=ORIENTED_EDGE('',*,*,#2836,.F.);
#1732=ORIENTED_EDGE('',*,*,#2837,.F.);
#1733=ORIENTED_EDGE('',*,*,#2838,.F.);
#1734=ORIENTED_EDGE('',*,*,#2839,.T.);
#1735=ORIENTED_EDGE('',*,*,#2840,.F.);
#1736=ORIENTED_EDGE('',*,*,#2841,.F.);
#1737=ORIENTED_EDGE('',*,*,#2814,.T.);
#1738=ORIENTED_EDGE('',*,*,#2842,.F.);
#1739=ORIENTED_EDGE('',*,*,#2776,.F.);
#1740=ORIENTED_EDGE('',*,*,#2843,.T.);
#1741=ORIENTED_EDGE('',*,*,#2844,.F.);
#1742=ORIENTED_EDGE('',*,*,#2845,.T.);
#1743=ORIENTED_EDGE('',*,*,#2846,.T.);
#1744=ORIENTED_EDGE('',*,*,#2847,.T.);
#1745=ORIENTED_EDGE('',*,*,#2787,.T.);
#1746=ORIENTED_EDGE('',*,*,#2848,.T.);
#1747=ORIENTED_EDGE('',*,*,#2849,.F.);
#1748=ORIENTED_EDGE('',*,*,#2850,.T.);
#1749=ORIENTED_EDGE('',*,*,#2783,.T.);
#1750=ORIENTED_EDGE('',*,*,#2851,.T.);
#1751=ORIENTED_EDGE('',*,*,#2811,.F.);
#1752=ORIENTED_EDGE('',*,*,#2852,.T.);
#1753=ORIENTED_EDGE('',*,*,#2816,.T.);
#1754=ORIENTED_EDGE('',*,*,#2853,.T.);
#1755=ORIENTED_EDGE('',*,*,#2797,.F.);
#1756=ORIENTED_EDGE('',*,*,#2854,.F.);
#1757=ORIENTED_EDGE('',*,*,#2855,.T.);
#1758=ORIENTED_EDGE('',*,*,#2856,.F.);
#1759=ORIENTED_EDGE('',*,*,#2793,.F.);
#1760=ORIENTED_EDGE('',*,*,#2857,.F.);
#1761=ORIENTED_EDGE('',*,*,#2858,.T.);
#1762=ORIENTED_EDGE('',*,*,#2820,.T.);
#1763=ORIENTED_EDGE('',*,*,#2859,.T.);
#1764=ORIENTED_EDGE('',*,*,#2789,.F.);
#1765=ORIENTED_EDGE('',*,*,#2860,.T.);
#1766=ORIENTED_EDGE('',*,*,#2809,.T.);
#1767=ORIENTED_EDGE('',*,*,#2861,.T.);
#1768=ORIENTED_EDGE('',*,*,#2862,.F.);
#1769=ORIENTED_EDGE('',*,*,#2863,.F.);
#1770=ORIENTED_EDGE('',*,*,#2864,.T.);
#1771=ORIENTED_EDGE('',*,*,#2865,.T.);
#1772=ORIENTED_EDGE('',*,*,#2866,.T.);
#1773=ORIENTED_EDGE('',*,*,#2867,.T.);
#1774=ORIENTED_EDGE('',*,*,#2868,.F.);
#1775=ORIENTED_EDGE('',*,*,#2869,.T.);
#1776=ORIENTED_EDGE('',*,*,#2870,.T.);
#1777=ORIENTED_EDGE('',*,*,#2871,.T.);
#1778=ORIENTED_EDGE('',*,*,#2872,.T.);
#1779=ORIENTED_EDGE('',*,*,#2873,.T.);
#1780=ORIENTED_EDGE('',*,*,#2874,.T.);
#1781=ORIENTED_EDGE('',*,*,#2875,.T.);
#1782=ORIENTED_EDGE('',*,*,#2876,.F.);
#1783=ORIENTED_EDGE('',*,*,#2877,.T.);
#1784=ORIENTED_EDGE('',*,*,#2812,.F.);
#1785=ORIENTED_EDGE('',*,*,#2878,.T.);
#1786=ORIENTED_EDGE('',*,*,#2879,.T.);
#1787=ORIENTED_EDGE('',*,*,#2880,.F.);
#1788=ORIENTED_EDGE('',*,*,#2881,.F.);
#1789=ORIENTED_EDGE('',*,*,#2882,.T.);
#1790=ORIENTED_EDGE('',*,*,#2781,.T.);
#1791=ORIENTED_EDGE('',*,*,#2883,.T.);
#1792=ORIENTED_EDGE('',*,*,#2884,.T.);
#1793=ORIENTED_EDGE('',*,*,#2876,.T.);
#1794=ORIENTED_EDGE('',*,*,#2885,.T.);
#1795=ORIENTED_EDGE('',*,*,#2886,.T.);
#1796=ORIENTED_EDGE('',*,*,#2887,.T.);
#1797=ORIENTED_EDGE('',*,*,#2746,.T.);
#1798=ORIENTED_EDGE('',*,*,#2888,.T.);
#1799=ORIENTED_EDGE('',*,*,#2863,.T.);
#1800=ORIENTED_EDGE('',*,*,#2889,.T.);
#1801=ORIENTED_EDGE('',*,*,#2890,.T.);
#1802=ORIENTED_EDGE('',*,*,#2891,.T.);
#1803=ORIENTED_EDGE('',*,*,#2868,.T.);
#1804=ORIENTED_EDGE('',*,*,#2892,.T.);
#1805=ORIENTED_EDGE('',*,*,#2893,.T.);
#1806=ORIENTED_EDGE('',*,*,#2894,.T.);
#1807=ORIENTED_EDGE('',*,*,#2895,.T.);
#1808=ORIENTED_EDGE('',*,*,#2896,.T.);
#1809=ORIENTED_EDGE('',*,*,#2846,.F.);
#1810=ORIENTED_EDGE('',*,*,#2879,.F.);
#1811=ORIENTED_EDGE('',*,*,#2748,.F.);
#1812=ORIENTED_EDGE('',*,*,#2897,.T.);
#1813=ORIENTED_EDGE('',*,*,#2898,.T.);
#1814=ORIENTED_EDGE('',*,*,#2899,.T.);
#1815=ORIENTED_EDGE('',*,*,#2874,.F.);
#1816=ORIENTED_EDGE('',*,*,#2900,.T.);
#1817=ORIENTED_EDGE('',*,*,#2881,.T.);
#1818=ORIENTED_EDGE('',*,*,#2901,.T.);
#1819=ORIENTED_EDGE('',*,*,#2844,.T.);
#1820=ORIENTED_EDGE('',*,*,#2902,.T.);
#1821=ORIENTED_EDGE('',*,*,#2903,.F.);
#1822=ORIENTED_EDGE('',*,*,#2904,.F.);
#1823=ORIENTED_EDGE('',*,*,#2905,.T.);
#1824=ORIENTED_EDGE('',*,*,#2906,.T.);
#1825=ORIENTED_EDGE('',*,*,#2871,.F.);
#1826=ORIENTED_EDGE('',*,*,#2907,.F.);
#1827=ORIENTED_EDGE('',*,*,#2908,.T.);
#1828=ORIENTED_EDGE('',*,*,#2909,.T.);
#1829=ORIENTED_EDGE('',*,*,#2865,.F.);
#1830=ORIENTED_EDGE('',*,*,#2910,.T.);
#1831=ORIENTED_EDGE('',*,*,#2911,.F.);
#1832=ORIENTED_EDGE('',*,*,#2903,.T.);
#1833=ORIENTED_EDGE('',*,*,#2912,.T.);
#1834=ORIENTED_EDGE('',*,*,#2895,.F.);
#1835=ORIENTED_EDGE('',*,*,#2913,.T.);
#1836=ORIENTED_EDGE('',*,*,#2914,.T.);
#1837=ORIENTED_EDGE('',*,*,#2915,.F.);
#1838=ORIENTED_EDGE('',*,*,#2916,.T.);
#1839=ORIENTED_EDGE('',*,*,#2849,.T.);
#1840=ORIENTED_EDGE('',*,*,#2917,.F.);
#1841=ORIENTED_EDGE('',*,*,#2785,.F.);
#1842=ORIENTED_EDGE('',*,*,#2918,.F.);
#1843=ORIENTED_EDGE('',*,*,#2915,.T.);
#1844=ORIENTED_EDGE('',*,*,#2919,.F.);
#1845=ORIENTED_EDGE('',*,*,#2920,.T.);
#1846=ORIENTED_EDGE('',*,*,#2921,.T.);
#1847=ORIENTED_EDGE('',*,*,#2922,.T.);
#1848=ORIENTED_EDGE('',*,*,#2872,.F.);
#1849=ORIENTED_EDGE('',*,*,#2906,.F.);
#1850=ORIENTED_EDGE('',*,*,#2923,.T.);
#1851=ORIENTED_EDGE('',*,*,#2924,.T.);
#1852=ORIENTED_EDGE('',*,*,#2925,.T.);
#1853=ORIENTED_EDGE('',*,*,#2926,.T.);
#1854=ORIENTED_EDGE('',*,*,#2927,.T.);
#1855=ORIENTED_EDGE('',*,*,#2904,.T.);
#1856=ORIENTED_EDGE('',*,*,#2914,.F.);
#1857=ORIENTED_EDGE('',*,*,#2926,.F.);
#1858=ORIENTED_EDGE('',*,*,#2928,.T.);
#1859=ORIENTED_EDGE('',*,*,#2920,.F.);
#1860=ORIENTED_EDGE('',*,*,#2929,.T.);
#1861=ORIENTED_EDGE('',*,*,#2930,.T.);
#1862=ORIENTED_EDGE('',*,*,#2931,.T.);
#1863=ORIENTED_EDGE('',*,*,#2932,.T.);
#1864=ORIENTED_EDGE('',*,*,#2866,.F.);
#1865=ORIENTED_EDGE('',*,*,#2909,.F.);
#1866=ORIENTED_EDGE('',*,*,#2933,.T.);
#1867=ORIENTED_EDGE('',*,*,#2934,.T.);
#1868=ORIENTED_EDGE('',*,*,#2935,.T.);
#1869=ORIENTED_EDGE('',*,*,#2936,.T.);
#1870=ORIENTED_EDGE('',*,*,#2937,.T.);
#1871=ORIENTED_EDGE('',*,*,#2907,.T.);
#1872=ORIENTED_EDGE('',*,*,#2870,.F.);
#1873=ORIENTED_EDGE('',*,*,#2936,.F.);
#1874=ORIENTED_EDGE('',*,*,#2938,.T.);
#1875=ORIENTED_EDGE('',*,*,#2930,.F.);
#1876=ORIENTED_EDGE('',*,*,#2939,.T.);
#1877=ORIENTED_EDGE('',*,*,#2862,.T.);
#1878=ORIENTED_EDGE('',*,*,#2940,.T.);
#1879=ORIENTED_EDGE('',*,*,#2941,.F.);
#1880=ORIENTED_EDGE('',*,*,#2942,.T.);
#1881=ORIENTED_EDGE('',*,*,#2790,.T.);
#1882=ORIENTED_EDGE('',*,*,#2943,.F.);
#1883=ORIENTED_EDGE('',*,*,#2944,.T.);
#1884=ORIENTED_EDGE('',*,*,#2857,.T.);
#1885=ORIENTED_EDGE('',*,*,#2792,.F.);
#1886=ORIENTED_EDGE('',*,*,#2945,.T.);
#1887=ORIENTED_EDGE('',*,*,#2941,.T.);
#1888=ORIENTED_EDGE('',*,*,#2946,.T.);
#1889=ORIENTED_EDGE('',*,*,#2822,.T.);
#1890=ORIENTED_EDGE('',*,*,#2947,.T.);
#1891=ORIENTED_EDGE('',*,*,#2943,.T.);
#1892=ORIENTED_EDGE('',*,*,#2948,.T.);
#1893=ORIENTED_EDGE('',*,*,#2856,.T.);
#1894=ORIENTED_EDGE('',*,*,#2949,.T.);
#1895=ORIENTED_EDGE('',*,*,#2950,.F.);
#1896=ORIENTED_EDGE('',*,*,#2951,.T.);
#1897=ORIENTED_EDGE('',*,*,#2794,.T.);
#1898=ORIENTED_EDGE('',*,*,#2952,.F.);
#1899=ORIENTED_EDGE('',*,*,#2953,.T.);
#1900=ORIENTED_EDGE('',*,*,#2854,.T.);
#1901=ORIENTED_EDGE('',*,*,#2796,.F.);
#1902=ORIENTED_EDGE('',*,*,#2954,.T.);
#1903=ORIENTED_EDGE('',*,*,#2950,.T.);
#1904=ORIENTED_EDGE('',*,*,#2955,.T.);
#1905=ORIENTED_EDGE('',*,*,#2818,.T.);
#1906=ORIENTED_EDGE('',*,*,#2956,.T.);
#1907=ORIENTED_EDGE('',*,*,#2952,.T.);
#1908=ORIENTED_EDGE('',*,*,#2957,.T.);
#1909=ORIENTED_EDGE('',*,*,#2942,.F.);
#1910=ORIENTED_EDGE('',*,*,#2948,.F.);
#1911=ORIENTED_EDGE('',*,*,#2945,.F.);
#1912=ORIENTED_EDGE('',*,*,#2791,.F.);
#1913=ORIENTED_EDGE('',*,*,#2951,.F.);
#1914=ORIENTED_EDGE('',*,*,#2957,.F.);
#1915=ORIENTED_EDGE('',*,*,#2954,.F.);
#1916=ORIENTED_EDGE('',*,*,#2795,.F.);
#1917=ORIENTED_EDGE('',*,*,#2933,.F.);
#1918=ORIENTED_EDGE('',*,*,#2908,.F.);
#1919=ORIENTED_EDGE('',*,*,#2937,.F.);
#1920=ORIENTED_EDGE('',*,*,#2939,.F.);
#1921=ORIENTED_EDGE('',*,*,#2923,.F.);
#1922=ORIENTED_EDGE('',*,*,#2905,.F.);
#1923=ORIENTED_EDGE('',*,*,#2927,.F.);
#1924=ORIENTED_EDGE('',*,*,#2929,.F.);
#1925=ORIENTED_EDGE('',*,*,#2946,.F.);
#1926=ORIENTED_EDGE('',*,*,#2940,.F.);
#1927=ORIENTED_EDGE('',*,*,#2861,.F.);
#1928=ORIENTED_EDGE('',*,*,#2823,.F.);
#1929=ORIENTED_EDGE('',*,*,#2947,.F.);
#1930=ORIENTED_EDGE('',*,*,#2821,.F.);
#1931=ORIENTED_EDGE('',*,*,#2858,.F.);
#1932=ORIENTED_EDGE('',*,*,#2944,.F.);
#1933=ORIENTED_EDGE('',*,*,#2955,.F.);
#1934=ORIENTED_EDGE('',*,*,#2949,.F.);
#1935=ORIENTED_EDGE('',*,*,#2859,.F.);
#1936=ORIENTED_EDGE('',*,*,#2819,.F.);
#1937=ORIENTED_EDGE('',*,*,#2956,.F.);
#1938=ORIENTED_EDGE('',*,*,#2817,.F.);
#1939=ORIENTED_EDGE('',*,*,#2855,.F.);
#1940=ORIENTED_EDGE('',*,*,#2953,.F.);
#1941=ORIENTED_EDGE('',*,*,#2894,.F.);
#1942=ORIENTED_EDGE('',*,*,#2958,.T.);
#1943=ORIENTED_EDGE('',*,*,#2924,.F.);
#1944=ORIENTED_EDGE('',*,*,#2913,.F.);
#1945=ORIENTED_EDGE('',*,*,#2922,.F.);
#1946=ORIENTED_EDGE('',*,*,#2959,.T.);
#1947=ORIENTED_EDGE('',*,*,#2892,.F.);
#1948=ORIENTED_EDGE('',*,*,#2873,.F.);
#1949=ORIENTED_EDGE('',*,*,#2932,.F.);
#1950=ORIENTED_EDGE('',*,*,#2960,.T.);
#1951=ORIENTED_EDGE('',*,*,#2889,.F.);
#1952=ORIENTED_EDGE('',*,*,#2867,.F.);
#1953=ORIENTED_EDGE('',*,*,#2891,.F.);
#1954=ORIENTED_EDGE('',*,*,#2961,.T.);
#1955=ORIENTED_EDGE('',*,*,#2934,.F.);
#1956=ORIENTED_EDGE('',*,*,#2869,.F.);
#1957=ORIENTED_EDGE('',*,*,#2921,.F.);
#1958=ORIENTED_EDGE('',*,*,#2928,.F.);
#1959=ORIENTED_EDGE('',*,*,#2925,.F.);
#1960=ORIENTED_EDGE('',*,*,#2958,.F.);
#1961=ORIENTED_EDGE('',*,*,#2893,.F.);
#1962=ORIENTED_EDGE('',*,*,#2959,.F.);
#1963=ORIENTED_EDGE('',*,*,#2931,.F.);
#1964=ORIENTED_EDGE('',*,*,#2938,.F.);
#1965=ORIENTED_EDGE('',*,*,#2935,.F.);
#1966=ORIENTED_EDGE('',*,*,#2961,.F.);
#1967=ORIENTED_EDGE('',*,*,#2890,.F.);
#1968=ORIENTED_EDGE('',*,*,#2960,.F.);
#1969=ORIENTED_EDGE('',*,*,#2788,.F.);
#1970=ORIENTED_EDGE('',*,*,#2852,.F.);
#1971=ORIENTED_EDGE('',*,*,#2810,.F.);
#1972=ORIENTED_EDGE('',*,*,#2860,.F.);
#1973=ORIENTED_EDGE('',*,*,#2775,.F.);
#1974=ORIENTED_EDGE('',*,*,#2853,.F.);
#1975=ORIENTED_EDGE('',*,*,#2815,.F.);
#1976=ORIENTED_EDGE('',*,*,#2843,.F.);
#1977=ORIENTED_EDGE('',*,*,#2888,.F.);
#1978=ORIENTED_EDGE('',*,*,#2749,.F.);
#1979=ORIENTED_EDGE('',*,*,#2910,.F.);
#1980=ORIENTED_EDGE('',*,*,#2864,.F.);
#1981=ORIENTED_EDGE('',*,*,#2896,.F.);
#1982=ORIENTED_EDGE('',*,*,#2912,.F.);
#1983=ORIENTED_EDGE('',*,*,#2902,.F.);
#1984=ORIENTED_EDGE('',*,*,#2847,.F.);
#1985=ORIENTED_EDGE('',*,*,#2782,.F.);
#1986=ORIENTED_EDGE('',*,*,#2882,.F.);
#1987=ORIENTED_EDGE('',*,*,#2900,.F.);
#1988=ORIENTED_EDGE('',*,*,#2877,.F.);
#1989=ORIENTED_EDGE('',*,*,#2878,.F.);
#1990=ORIENTED_EDGE('',*,*,#2851,.F.);
#1991=ORIENTED_EDGE('',*,*,#2880,.T.);
#1992=ORIENTED_EDGE('',*,*,#2845,.F.);
#1993=ORIENTED_EDGE('',*,*,#2901,.F.);
#1994=ORIENTED_EDGE('',*,*,#2883,.F.);
#1995=ORIENTED_EDGE('',*,*,#2780,.F.);
#1996=ORIENTED_EDGE('',*,*,#2753,.F.);
#1997=ORIENTED_EDGE('',*,*,#2779,.F.);
#1998=ORIENTED_EDGE('',*,*,#2803,.T.);
#1999=ORIENTED_EDGE('',*,*,#2805,.T.);
#2000=ORIENTED_EDGE('',*,*,#2755,.T.);
#2001=ORIENTED_EDGE('',*,*,#2825,.T.);
#2002=ORIENTED_EDGE('',*,*,#2962,.T.);
#2003=ORIENTED_EDGE('',*,*,#2767,.T.);
#2004=ORIENTED_EDGE('',*,*,#2963,.F.);
#2005=ORIENTED_EDGE('',*,*,#2826,.T.);
#2006=ORIENTED_EDGE('',*,*,#2963,.T.);
#2007=ORIENTED_EDGE('',*,*,#2774,.T.);
#2008=ORIENTED_EDGE('',*,*,#2964,.F.);
#2009=ORIENTED_EDGE('',*,*,#2827,.T.);
#2010=ORIENTED_EDGE('',*,*,#2964,.T.);
#2011=ORIENTED_EDGE('',*,*,#2773,.T.);
#2012=ORIENTED_EDGE('',*,*,#2965,.F.);
#2013=ORIENTED_EDGE('',*,*,#2828,.T.);
#2014=ORIENTED_EDGE('',*,*,#2965,.T.);
#2015=ORIENTED_EDGE('',*,*,#2772,.T.);
#2016=ORIENTED_EDGE('',*,*,#2966,.F.);
#2017=ORIENTED_EDGE('',*,*,#2829,.T.);
#2018=ORIENTED_EDGE('',*,*,#2966,.T.);
#2019=ORIENTED_EDGE('',*,*,#2771,.T.);
#2020=ORIENTED_EDGE('',*,*,#2967,.F.);
#2021=ORIENTED_EDGE('',*,*,#2967,.T.);
#2022=ORIENTED_EDGE('',*,*,#2770,.F.);
#2023=ORIENTED_EDGE('',*,*,#2968,.F.);
#2024=ORIENTED_EDGE('',*,*,#2830,.F.);
#2025=ORIENTED_EDGE('',*,*,#2969,.T.);
#2026=ORIENTED_EDGE('',*,*,#2768,.F.);
#2027=ORIENTED_EDGE('',*,*,#2962,.F.);
#2028=ORIENTED_EDGE('',*,*,#2824,.F.);
#2029=ORIENTED_EDGE('',*,*,#2831,.T.);
#2030=ORIENTED_EDGE('',*,*,#2968,.T.);
#2031=ORIENTED_EDGE('',*,*,#2769,.T.);
#2032=ORIENTED_EDGE('',*,*,#2969,.F.);
#2033=ORIENTED_EDGE('',*,*,#2834,.T.);
#2034=ORIENTED_EDGE('',*,*,#2808,.T.);
#2035=ORIENTED_EDGE('',*,*,#2766,.T.);
#2036=ORIENTED_EDGE('',*,*,#2970,.F.);
#2037=ORIENTED_EDGE('',*,*,#2835,.T.);
#2038=ORIENTED_EDGE('',*,*,#2970,.T.);
#2039=ORIENTED_EDGE('',*,*,#2765,.T.);
#2040=ORIENTED_EDGE('',*,*,#2971,.F.);
#2041=ORIENTED_EDGE('',*,*,#2836,.T.);
#2042=ORIENTED_EDGE('',*,*,#2971,.T.);
#2043=ORIENTED_EDGE('',*,*,#2764,.T.);
#2044=ORIENTED_EDGE('',*,*,#2972,.F.);
#2045=ORIENTED_EDGE('',*,*,#2837,.T.);
#2046=ORIENTED_EDGE('',*,*,#2972,.T.);
#2047=ORIENTED_EDGE('',*,*,#2763,.T.);
#2048=ORIENTED_EDGE('',*,*,#2973,.F.);
#2049=ORIENTED_EDGE('',*,*,#2838,.T.);
#2050=ORIENTED_EDGE('',*,*,#2973,.T.);
#2051=ORIENTED_EDGE('',*,*,#2762,.T.);
#2052=ORIENTED_EDGE('',*,*,#2974,.F.);
#2053=ORIENTED_EDGE('',*,*,#2974,.T.);
#2054=ORIENTED_EDGE('',*,*,#2761,.F.);
#2055=ORIENTED_EDGE('',*,*,#2975,.F.);
#2056=ORIENTED_EDGE('',*,*,#2839,.F.);
#2057=ORIENTED_EDGE('',*,*,#2850,.F.);
#2058=ORIENTED_EDGE('',*,*,#2916,.F.);
#2059=ORIENTED_EDGE('',*,*,#2918,.T.);
#2060=ORIENTED_EDGE('',*,*,#2784,.T.);
#2061=ORIENTED_EDGE('',*,*,#2786,.F.);
#2062=ORIENTED_EDGE('',*,*,#2919,.T.);
#2063=ORIENTED_EDGE('',*,*,#2917,.T.);
#2064=ORIENTED_EDGE('',*,*,#2848,.F.);
#2065=ORIENTED_EDGE('',*,*,#2840,.T.);
#2066=ORIENTED_EDGE('',*,*,#2975,.T.);
#2067=ORIENTED_EDGE('',*,*,#2760,.T.);
#2068=ORIENTED_EDGE('',*,*,#2976,.F.);
#2069=ORIENTED_EDGE('',*,*,#2758,.T.);
#2070=ORIENTED_EDGE('',*,*,#2977,.T.);
#2071=ORIENTED_EDGE('',*,*,#2832,.T.);
#2072=ORIENTED_EDGE('',*,*,#2978,.T.);
#2073=ORIENTED_EDGE('',*,*,#2841,.T.);
#2074=ORIENTED_EDGE('',*,*,#2976,.T.);
#2075=ORIENTED_EDGE('',*,*,#2759,.T.);
#2076=ORIENTED_EDGE('',*,*,#2978,.F.);
#2077=ORIENTED_EDGE('',*,*,#2833,.F.);
#2078=ORIENTED_EDGE('',*,*,#2977,.F.);
#2079=ORIENTED_EDGE('',*,*,#2757,.F.);
#2080=ORIENTED_EDGE('',*,*,#2807,.F.);
#2081=ORIENTED_EDGE('',*,*,#2842,.T.);
#2082=ORIENTED_EDGE('',*,*,#2979,.T.);
#2083=ORIENTED_EDGE('',*,*,#2980,.F.);
#2084=ORIENTED_EDGE('',*,*,#2798,.T.);
#2085=ORIENTED_EDGE('',*,*,#2777,.F.);
#2086=ORIENTED_EDGE('',*,*,#2979,.F.);
#2087=ORIENTED_EDGE('',*,*,#2813,.T.);
#2088=ORIENTED_EDGE('',*,*,#2981,.T.);
#2089=ORIENTED_EDGE('',*,*,#2982,.F.);
#2090=ORIENTED_EDGE('',*,*,#2983,.F.);
#2091=ORIENTED_EDGE('',*,*,#2984,.F.);
#2092=ORIENTED_EDGE('',*,*,#2799,.T.);
#2093=ORIENTED_EDGE('',*,*,#2980,.T.);
#2094=ORIENTED_EDGE('',*,*,#2983,.T.);
#2095=ORIENTED_EDGE('',*,*,#2982,.T.);
#2096=ORIENTED_EDGE('',*,*,#2985,.T.);
#2097=ORIENTED_EDGE('',*,*,#2800,.T.);
#2098=ORIENTED_EDGE('',*,*,#2984,.T.);
#2099=ORIENTED_EDGE('',*,*,#2801,.F.);
#2100=ORIENTED_EDGE('',*,*,#2985,.F.);
#2101=ORIENTED_EDGE('',*,*,#2981,.F.);
#2102=ORIENTED_EDGE('',*,*,#2751,.F.);
#2103=ORIENTED_EDGE('',*,*,#2804,.F.);
#2104=ORIENTED_EDGE('',*,*,#2911,.T.);
#2105=ORIENTED_EDGE('',*,*,#2884,.F.);
#2106=ORIENTED_EDGE('',*,*,#2898,.F.);
#2107=ORIENTED_EDGE('',*,*,#2986,.T.);
#2108=ORIENTED_EDGE('',*,*,#2886,.F.);
#2109=ORIENTED_EDGE('',*,*,#2987,.T.);
#2110=ORIENTED_EDGE('',*,*,#2887,.F.);
#2111=ORIENTED_EDGE('',*,*,#2986,.F.);
#2112=ORIENTED_EDGE('',*,*,#2897,.F.);
#2113=ORIENTED_EDGE('',*,*,#2747,.F.);
#2114=ORIENTED_EDGE('',*,*,#2899,.F.);
#2115=ORIENTED_EDGE('',*,*,#2987,.F.);
#2116=ORIENTED_EDGE('',*,*,#2885,.F.);
#2117=ORIENTED_EDGE('',*,*,#2875,.F.);
#2118=EDGE_CURVE('',#2988,#2989,#3547,.T.);
#2119=EDGE_CURVE('',#2990,#2988,#3548,.T.);
#2120=EDGE_CURVE('',#2991,#2990,#3549,.T.);
#2121=EDGE_CURVE('',#2989,#2991,#3550,.T.);
#2122=EDGE_CURVE('',#2992,#2993,#352,.T.);
#2123=EDGE_CURVE('',#2994,#2992,#353,.T.);
#2124=EDGE_CURVE('',#2995,#2994,#3551,.T.);
#2125=EDGE_CURVE('',#2996,#2995,#3552,.T.);
#2126=EDGE_CURVE('',#2997,#2996,#3553,.T.);
#2127=EDGE_CURVE('',#2998,#2997,#354,.T.);
#2128=EDGE_CURVE('',#2993,#2998,#355,.T.);
#2129=EDGE_CURVE('',#2999,#3000,#3554,.T.);
#2130=EDGE_CURVE('',#3000,#3001,#3555,.T.);
#2131=EDGE_CURVE('',#3001,#3002,#3556,.T.);
#2132=EDGE_CURVE('',#3002,#3003,#3557,.F.);
#2133=EDGE_CURVE('',#3003,#3004,#3558,.T.);
#2134=EDGE_CURVE('',#3004,#3005,#3559,.T.);
#2135=EDGE_CURVE('',#3006,#3005,#3560,.T.);
#2136=EDGE_CURVE('',#3006,#3007,#176,.T.);
#2137=EDGE_CURVE('',#3008,#3007,#3561,.T.);
#2138=EDGE_CURVE('',#3008,#3009,#3562,.F.);
#2139=EDGE_CURVE('',#3010,#3009,#3563,.T.);
#2140=EDGE_CURVE('',#3010,#3011,#3564,.F.);
#2141=EDGE_CURVE('',#3012,#3011,#3565,.T.);
#2142=EDGE_CURVE('',#3012,#2999,#177,.T.);
#2143=EDGE_CURVE('',#3013,#3014,#3566,.T.);
#2144=EDGE_CURVE('',#3013,#3015,#178,.F.);
#2145=EDGE_CURVE('',#3015,#3016,#3567,.T.);
#2146=EDGE_CURVE('',#3016,#3017,#179,.F.);
#2147=EDGE_CURVE('',#3017,#3018,#3568,.T.);
#2148=EDGE_CURVE('',#3018,#3019,#180,.F.);
#2149=EDGE_CURVE('',#3020,#3019,#3569,.T.);
#2150=EDGE_CURVE('',#3020,#3014,#181,.F.);
#2151=EDGE_CURVE('',#3021,#3022,#3570,.T.);
#2152=EDGE_CURVE('',#3021,#3023,#3571,.T.);
#2153=EDGE_CURVE('',#3023,#3024,#3572,.T.);
#2154=EDGE_CURVE('',#3025,#3024,#3573,.T.);
#2155=EDGE_CURVE('',#3025,#3026,#3574,.T.);
#2156=EDGE_CURVE('',#3026,#3022,#3575,.T.);
#2157=EDGE_CURVE('',#3027,#3028,#3576,.T.);
#2158=EDGE_CURVE('',#3029,#3028,#3577,.F.);
#2159=EDGE_CURVE('',#3029,#3030,#3578,.F.);
#2160=EDGE_CURVE('',#3030,#3031,#3579,.T.);
#2161=EDGE_CURVE('',#3031,#3032,#3580,.F.);
#2162=EDGE_CURVE('',#3032,#3033,#3581,.T.);
#2163=EDGE_CURVE('',#3033,#3034,#3582,.T.);
#2164=EDGE_CURVE('',#3027,#3034,#3583,.T.);
#2165=EDGE_CURVE('',#3035,#3036,#3584,.T.);
#2166=EDGE_CURVE('',#3035,#3037,#3585,.F.);
#2167=EDGE_CURVE('',#3037,#3038,#3586,.T.);
#2168=EDGE_CURVE('',#3038,#3039,#3587,.T.);
#2169=EDGE_CURVE('',#3040,#3039,#3588,.T.);
#2170=EDGE_CURVE('',#3036,#3040,#3589,.T.);
#2171=EDGE_CURVE('',#3041,#3042,#3590,.T.);
#2172=EDGE_CURVE('',#3041,#3043,#3591,.T.);
#2173=EDGE_CURVE('',#3044,#3043,#3592,.T.);
#2174=EDGE_CURVE('',#3044,#3045,#182,.T.);
#2175=EDGE_CURVE('',#3045,#3046,#3593,.T.);
#2176=EDGE_CURVE('',#3046,#3047,#3594,.T.);
#2177=EDGE_CURVE('',#3047,#3048,#3595,.T.);
#2178=EDGE_CURVE('',#3048,#3049,#3596,.T.);
#2179=EDGE_CURVE('',#3050,#3049,#3597,.T.);
#2180=EDGE_CURVE('',#3050,#3051,#3598,.T.);
#2181=EDGE_CURVE('',#3051,#3052,#3599,.T.);
#2182=EDGE_CURVE('',#3052,#3042,#3600,.T.);
#2183=EDGE_CURVE('',#3053,#3054,#3601,.T.);
#2184=EDGE_CURVE('',#3054,#3055,#3602,.T.);
#2185=EDGE_CURVE('',#3055,#3056,#3603,.T.);
#2186=EDGE_CURVE('',#3056,#3057,#3604,.T.);
#2187=EDGE_CURVE('',#3057,#3058,#3605,.T.);
#2188=EDGE_CURVE('',#3058,#3059,#3606,.F.);
#2189=EDGE_CURVE('',#3060,#3059,#3607,.T.);
#2190=EDGE_CURVE('',#3060,#3061,#3608,.T.);
#2191=EDGE_CURVE('',#3062,#3061,#3609,.T.);
#2192=EDGE_CURVE('',#3062,#3063,#3610,.F.);
#2193=EDGE_CURVE('',#3064,#3063,#3611,.T.);
#2194=EDGE_CURVE('',#3064,#3065,#3612,.F.);
#2195=EDGE_CURVE('',#3053,#3065,#3613,.T.);
#2196=EDGE_CURVE('',#3066,#3067,#183,.T.);
#2197=EDGE_CURVE('',#3067,#3035,#3614,.T.);
#2198=EDGE_CURVE('',#3036,#3068,#3615,.T.);
#2199=EDGE_CURVE('',#3068,#3069,#184,.F.);
#2200=EDGE_CURVE('',#3069,#3070,#3616,.T.);
#2201=EDGE_CURVE('',#3070,#3066,#3617,.T.);
#2202=EDGE_CURVE('',#3071,#3072,#3618,.T.);
#2203=EDGE_CURVE('',#3071,#3073,#3619,.T.);
#2204=EDGE_CURVE('',#3073,#3074,#3620,.T.);
#2205=EDGE_CURVE('',#3075,#3074,#3621,.T.);
#2206=EDGE_CURVE('',#3076,#3075,#3622,.T.);
#2207=EDGE_CURVE('',#3076,#3072,#3623,.T.);
#2208=EDGE_CURVE('',#3003,#3077,#185,.T.);
#2209=EDGE_CURVE('',#3078,#3077,#186,.T.);
#2210=EDGE_CURVE('',#3078,#3071,#187,.T.);
#2211=EDGE_CURVE('',#3079,#3072,#188,.T.);
#2212=EDGE_CURVE('',#3080,#3079,#3624,.T.);
#2213=EDGE_CURVE('',#3081,#3080,#3625,.T.);
#2214=EDGE_CURVE('',#3081,#3082,#3626,.T.);
#2215=EDGE_CURVE('',#3082,#3083,#189,.F.);
#2216=EDGE_CURVE('',#3083,#3084,#3627,.T.);
#2217=EDGE_CURVE('',#3084,#3085,#190,.F.);
#2218=EDGE_CURVE('',#3085,#3086,#3628,.T.);
#2219=EDGE_CURVE('',#3086,#3087,#191,.F.);
#2220=EDGE_CURVE('',#3087,#3088,#3629,.T.);
#2221=EDGE_CURVE('',#3088,#3089,#192,.F.);
#2222=EDGE_CURVE('',#3089,#3090,#3630,.T.);
#2223=EDGE_CURVE('',#3090,#3091,#3631,.T.);
#2224=EDGE_CURVE('',#3092,#3091,#3632,.T.);
#2225=EDGE_CURVE('',#3049,#3092,#193,.T.);
#2226=EDGE_CURVE('',#3048,#3093,#3633,.F.);
#2227=EDGE_CURVE('',#3094,#3093,#3634,.T.);
#2228=EDGE_CURVE('',#3094,#3095,#3635,.T.);
#2229=EDGE_CURVE('',#3095,#3096,#3636,.T.);
#2230=EDGE_CURVE('',#3096,#3097,#194,.T.);
#2231=EDGE_CURVE('',#3098,#3097,#3637,.T.);
#2232=EDGE_CURVE('',#3098,#3004,#195,.T.);
#2233=EDGE_CURVE('',#3099,#3100,#3638,.T.);
#2234=EDGE_CURVE('',#3026,#3100,#3639,.T.);
#2235=EDGE_CURVE('',#3026,#3101,#196,.T.);
#2236=EDGE_CURVE('',#3102,#3101,#3640,.T.);
#2237=EDGE_CURVE('',#3102,#3103,#3641,.T.);
#2238=EDGE_CURVE('',#3103,#3104,#3642,.T.);
#2239=EDGE_CURVE('',#3105,#3104,#3643,.T.);
#2240=EDGE_CURVE('',#3106,#3105,#3644,.T.);
#2241=EDGE_CURVE('',#3107,#3106,#3645,.T.);
#2242=EDGE_CURVE('',#3107,#3108,#3646,.T.);
#2243=EDGE_CURVE('',#3108,#3109,#3647,.T.);
#2244=EDGE_CURVE('',#3110,#3109,#3648,.T.);
#2245=EDGE_CURVE('',#3110,#3111,#3649,.T.);
#2246=EDGE_CURVE('',#3111,#3112,#3650,.F.);
#2247=EDGE_CURVE('',#3112,#3113,#3651,.T.);
#2248=EDGE_CURVE('',#3113,#3114,#3652,.T.);
#2249=EDGE_CURVE('',#3114,#3115,#3653,.T.);
#2250=EDGE_CURVE('',#3021,#3115,#3654,.T.);
#2251=EDGE_CURVE('',#3022,#3099,#3655,.T.);
#2252=EDGE_CURVE('',#3116,#3106,#3656,.T.);
#2253=EDGE_CURVE('',#3117,#3116,#3657,.T.);
#2254=EDGE_CURVE('',#3117,#3107,#3658,.T.);
#2255=EDGE_CURVE('',#3109,#3118,#3659,.T.);
#2256=EDGE_CURVE('',#3119,#3108,#3660,.T.);
#2257=EDGE_CURVE('',#3119,#3118,#3661,.T.);
#2258=EDGE_CURVE('',#3120,#3121,#3662,.T.);
#2259=EDGE_CURVE('',#3121,#3122,#3663,.F.);
#2260=EDGE_CURVE('',#3122,#3123,#3664,.T.);
#2261=EDGE_CURVE('',#3123,#3124,#197,.T.);
#2262=EDGE_CURVE('',#3124,#3125,#3665,.T.);
#2263=EDGE_CURVE('',#3125,#3120,#198,.T.);
#2264=EDGE_CURVE('',#3122,#3126,#3666,.F.);
#2265=EDGE_CURVE('',#3126,#3127,#3667,.T.);
#2266=EDGE_CURVE('',#3127,#3128,#3668,.F.);
#2267=EDGE_CURVE('',#3128,#3129,#3669,.T.);
#2268=EDGE_CURVE('',#3129,#3130,#3670,.F.);
#2269=EDGE_CURVE('',#3123,#3130,#3671,.T.);
#2270=EDGE_CURVE('',#3027,#3039,#3672,.T.);
#2271=EDGE_CURVE('',#3034,#3131,#199,.F.);
#2272=EDGE_CURVE('',#3132,#3131,#3673,.T.);
#2273=EDGE_CURVE('',#3132,#3133,#200,.F.);
#2274=EDGE_CURVE('',#3134,#3133,#3674,.T.);
#2275=EDGE_CURVE('',#3134,#3111,#201,.F.);
#2276=EDGE_CURVE('',#3135,#3110,#3675,.T.);
#2277=EDGE_CURVE('',#3136,#3135,#3676,.T.);
#2278=EDGE_CURVE('',#3136,#3137,#3677,.T.);
#2279=EDGE_CURVE('',#3137,#3138,#3678,.T.);
#2280=EDGE_CURVE('',#3138,#3139,#202,.F.);
#2281=EDGE_CURVE('',#3139,#3140,#3679,.T.);
#2282=EDGE_CURVE('',#3140,#3141,#203,.F.);
#2283=EDGE_CURVE('',#3141,#3142,#3680,.T.);
#2284=EDGE_CURVE('',#3142,#3143,#3681,.T.);
#2285=EDGE_CURVE('',#3144,#3143,#3682,.T.);
#2286=EDGE_CURVE('',#3145,#3144,#3683,.T.);
#2287=EDGE_CURVE('',#3146,#3145,#3684,.T.);
#2288=EDGE_CURVE('',#3147,#3146,#3685,.T.);
#2289=EDGE_CURVE('',#3148,#3147,#3686,.T.);
#2290=EDGE_CURVE('',#3148,#3149,#3687,.T.);
#2291=EDGE_CURVE('',#3149,#3150,#3688,.T.);
#2292=EDGE_CURVE('',#3150,#3151,#3689,.T.);
#2293=EDGE_CURVE('',#3040,#3151,#3690,.T.);
#2294=EDGE_CURVE('',#3152,#3153,#3691,.T.);
#2295=EDGE_CURVE('',#3152,#3068,#3692,.F.);
#2296=EDGE_CURVE('',#3154,#3151,#3693,.T.);
#2297=EDGE_CURVE('',#3154,#3153,#3694,.T.);
#2298=EDGE_CURVE('',#3155,#3156,#3695,.T.);
#2299=EDGE_CURVE('',#3156,#3152,#204,.F.);
#2300=EDGE_CURVE('',#3153,#3157,#205,.F.);
#2301=EDGE_CURVE('',#3157,#3158,#3696,.T.);
#2302=EDGE_CURVE('',#3096,#3158,#3697,.T.);
#2303=EDGE_CURVE('',#3095,#3159,#206,.F.);
#2304=EDGE_CURVE('',#3159,#3160,#3698,.T.);
#2305=EDGE_CURVE('',#3161,#3160,#3699,.T.);
#2306=EDGE_CURVE('',#3161,#3162,#207,.T.);
#2307=EDGE_CURVE('',#3163,#3162,#3700,.T.);
#2308=EDGE_CURVE('',#3163,#3164,#208,.T.);
#2309=EDGE_CURVE('',#3155,#3164,#3701,.T.);
#2310=EDGE_CURVE('',#3046,#3160,#3702,.T.);
#2311=EDGE_CURVE('',#3159,#3165,#3703,.F.);
#2312=EDGE_CURVE('',#3166,#3165,#3704,.T.);
#2313=EDGE_CURVE('',#3166,#3047,#3705,.F.);
#2314=EDGE_CURVE('',#3011,#3062,#3706,.T.);
#2315=EDGE_CURVE('',#3061,#3167,#3707,.T.);
#2316=EDGE_CURVE('',#3167,#3168,#3708,.T.);
#2317=EDGE_CURVE('',#3168,#3012,#3709,.F.);
#2318=EDGE_CURVE('',#3130,#3169,#209,.F.);
#2319=EDGE_CURVE('',#3170,#3129,#3710,.T.);
#2320=EDGE_CURVE('',#3171,#3170,#3711,.T.);
#2321=EDGE_CURVE('',#3172,#3171,#210,.T.);
#2322=EDGE_CURVE('',#3173,#3172,#3712,.T.);
#2323=EDGE_CURVE('',#3174,#3173,#211,.T.);
#2324=EDGE_CURVE('',#3175,#3174,#3713,.T.);
#2325=EDGE_CURVE('',#3176,#3175,#3714,.T.);
#2326=EDGE_CURVE('',#3177,#3176,#3715,.F.);
#2327=EDGE_CURVE('',#3178,#3177,#212,.F.);
#2328=EDGE_CURVE('',#3169,#3178,#3716,.F.);
#2329=EDGE_CURVE('',#3179,#3180,#3717,.T.);
#2330=EDGE_CURVE('',#3180,#3181,#213,.T.);
#2331=EDGE_CURVE('',#3181,#3182,#3718,.T.);
#2332=EDGE_CURVE('',#3182,#3183,#214,.T.);
#2333=EDGE_CURVE('',#3183,#3184,#3719,.T.);
#2334=EDGE_CURVE('',#3184,#3185,#215,.T.);
#2335=EDGE_CURVE('',#3185,#3186,#3720,.T.);
#2336=EDGE_CURVE('',#3186,#3179,#216,.T.);
#2337=EDGE_CURVE('',#3112,#3187,#217,.T.);
#2338=EDGE_CURVE('',#3187,#3188,#3721,.T.);
#2339=EDGE_CURVE('',#3188,#3189,#218,.T.);
#2340=EDGE_CURVE('',#3189,#3190,#3722,.T.);
#2341=EDGE_CURVE('',#3190,#3033,#219,.T.);
#2342=EDGE_CURVE('',#3032,#3113,#220,.T.);
#2343=EDGE_CURVE('',#3157,#3191,#3723,.F.);
#2344=EDGE_CURVE('',#3191,#3192,#3724,.T.);
#2345=EDGE_CURVE('',#3192,#3193,#3725,.T.);
#2346=EDGE_CURVE('',#3193,#3194,#3726,.T.);
#2347=EDGE_CURVE('',#3194,#3195,#3727,.F.);
#2348=EDGE_CURVE('',#3196,#3195,#3728,.T.);
#2349=EDGE_CURVE('',#3197,#3196,#3729,.T.);
#2350=EDGE_CURVE('',#3198,#3197,#3730,.T.);
#2351=EDGE_CURVE('',#3198,#3006,#3731,.F.);
#2352=EDGE_CURVE('',#3199,#3005,#221,.T.);
#2353=EDGE_CURVE('',#3199,#3200,#3732,.T.);
#2354=EDGE_CURVE('',#3158,#3200,#222,.T.);
#2355=EDGE_CURVE('',#3201,#3147,#3733,.T.);
#2356=EDGE_CURVE('',#3201,#3202,#3734,.T.);
#2357=EDGE_CURVE('',#3202,#3148,#3735,.T.);
#2358=EDGE_CURVE('',#3203,#3204,#3736,.T.);
#2359=EDGE_CURVE('',#3203,#3205,#3737,.T.);
#2360=EDGE_CURVE('',#3205,#3204,#3738,.T.);
#2361=EDGE_CURVE('',#3206,#3207,#3739,.T.);
#2362=EDGE_CURVE('',#3207,#3208,#3740,.T.);
#2363=EDGE_CURVE('',#3208,#3209,#3741,.T.);
#2364=EDGE_CURVE('',#3209,#3210,#3742,.T.);
#2365=EDGE_CURVE('',#3210,#3211,#3743,.T.);
#2366=EDGE_CURVE('',#3211,#3212,#3744,.T.);
#2367=EDGE_CURVE('',#3213,#3212,#3745,.T.);
#2368=EDGE_CURVE('',#3213,#3206,#3746,.T.);
#2369=EDGE_CURVE('',#3214,#3215,#3747,.T.);
#2370=EDGE_CURVE('',#3215,#3216,#3748,.T.);
#2371=EDGE_CURVE('',#3216,#3214,#3749,.T.);
#2372=EDGE_CURVE('',#3217,#3218,#3750,.T.);
#2373=EDGE_CURVE('',#3217,#3219,#3751,.T.);
#2374=EDGE_CURVE('',#3219,#3220,#3752,.T.);
#2375=EDGE_CURVE('',#3218,#3220,#3753,.T.);
#2376=EDGE_CURVE('',#3221,#3222,#3754,.T.);
#2377=EDGE_CURVE('',#3221,#3203,#223,.T.);
#2378=EDGE_CURVE('',#3204,#3223,#57,.F.);
#2379=EDGE_CURVE('',#3223,#3213,#224,.F.);
#2380=EDGE_CURVE('',#3212,#3222,#225,.F.);
#2381=EDGE_CURVE('',#3216,#3224,#226,.T.);
#2382=EDGE_CURVE('',#3224,#3225,#3755,.T.);
#2383=EDGE_CURVE('',#3225,#3211,#227,.F.);
#2384=EDGE_CURVE('',#3210,#3226,#228,.F.);
#2385=EDGE_CURVE('',#3226,#3214,#58,.F.);
#2386=EDGE_CURVE('',#3080,#3227,#3756,.T.);
#2387=EDGE_CURVE('',#3228,#3079,#3757,.T.);
#2388=EDGE_CURVE('',#3228,#3229,#3758,.T.);
#2389=EDGE_CURVE('',#3229,#3092,#3759,.T.);
#2390=EDGE_CURVE('',#3230,#3091,#3760,.T.);
#2391=EDGE_CURVE('',#3231,#3230,#3761,.T.);
#2392=EDGE_CURVE('',#3218,#3231,#3762,.T.);
#2393=EDGE_CURVE('',#3232,#3220,#3763,.T.);
#2394=EDGE_CURVE('',#3227,#3232,#3764,.T.);
#2395=EDGE_CURVE('',#3233,#3234,#3765,.T.);
#2396=EDGE_CURVE('',#3235,#3233,#3766,.T.);
#2397=EDGE_CURVE('',#3236,#3235,#3767,.T.);
#2398=EDGE_CURVE('',#3234,#3236,#3768,.T.);
#2399=EDGE_CURVE('',#3237,#3238,#3769,.T.);
#2400=EDGE_CURVE('',#3237,#3239,#3770,.T.);
#2401=EDGE_CURVE('',#3239,#3240,#3771,.T.);
#2402=EDGE_CURVE('',#3238,#3240,#3772,.T.);
#2403=EDGE_CURVE('',#3241,#3025,#229,.F.);
#2404=EDGE_CURVE('',#3242,#3024,#3773,.T.);
#2405=EDGE_CURVE('',#3243,#3242,#3774,.T.);
#2406=EDGE_CURVE('',#3243,#3244,#3775,.T.);
#2407=EDGE_CURVE('',#3245,#3244,#3776,.T.);
#2408=EDGE_CURVE('',#3241,#3245,#3777,.T.);
#2409=EDGE_CURVE('',#3074,#3244,#230,.T.);
#2410=EDGE_CURVE('',#3243,#3075,#231,.F.);
#2411=EDGE_CURVE('',#3143,#3053,#3778,.F.);
#2412=EDGE_CURVE('',#3065,#3008,#3779,.T.);
#2413=EDGE_CURVE('',#3007,#3246,#3780,.T.);
#2414=EDGE_CURVE('',#3246,#3144,#3781,.T.);
#2415=EDGE_CURVE('',#3247,#3248,#232,.T.);
#2416=EDGE_CURVE('',#3247,#3000,#233,.T.);
#2417=EDGE_CURVE('',#2999,#3249,#3782,.T.);
#2418=EDGE_CURVE('',#3249,#3250,#3783,.T.);
#2419=EDGE_CURVE('',#3250,#3060,#3784,.T.);
#2420=EDGE_CURVE('',#3059,#3248,#234,.T.);
#2421=EDGE_CURVE('',#3251,#3252,#235,.T.);
#2422=EDGE_CURVE('',#3251,#3253,#236,.T.);
#2423=EDGE_CURVE('',#3254,#3253,#237,.T.);
#2424=EDGE_CURVE('',#3252,#3254,#238,.T.);
#2425=EDGE_CURVE('',#3255,#3256,#239,.T.);
#2426=EDGE_CURVE('',#3255,#3257,#3785,.T.);
#2427=EDGE_CURVE('',#3258,#3257,#3786,.T.);
#2428=EDGE_CURVE('',#3259,#3258,#240,.T.);
#2429=EDGE_CURVE('',#3259,#3260,#3787,.T.);
#2430=EDGE_CURVE('',#3261,#3260,#3788,.T.);
#2431=EDGE_CURVE('',#3262,#3261,#241,.T.);
#2432=EDGE_CURVE('',#3263,#3262,#3789,.T.);
#2433=EDGE_CURVE('',#3264,#3263,#242,.T.);
#2434=EDGE_CURVE('',#3265,#3264,#3790,.T.);
#2435=EDGE_CURVE('',#3266,#3265,#3791,.T.);
#2436=EDGE_CURVE('',#3267,#3266,#243,.T.);
#2437=EDGE_CURVE('',#3268,#3267,#3792,.T.);
#2438=EDGE_CURVE('',#3269,#3268,#3793,.T.);
#2439=EDGE_CURVE('',#3270,#3269,#244,.T.);
#2440=EDGE_CURVE('',#3270,#3256,#3794,.T.);
#2441=EDGE_CURVE('',#3098,#3199,#3795,.T.);
#2442=EDGE_CURVE('',#3097,#3200,#3796,.T.);
#2443=EDGE_CURVE('',#3271,#3272,#245,.T.);
#2444=EDGE_CURVE('',#3271,#3273,#246,.T.);
#2445=EDGE_CURVE('',#3274,#3273,#247,.T.);
#2446=EDGE_CURVE('',#3272,#3274,#248,.T.);
#2447=EDGE_CURVE('',#3275,#3276,#3797,.T.);
#2448=EDGE_CURVE('',#3275,#3221,#3798,.T.);
#2449=EDGE_CURVE('',#3222,#3276,#3799,.T.);
#2450=EDGE_CURVE('',#3277,#3278,#3800,.T.);
#2451=EDGE_CURVE('',#3277,#3275,#249,.T.);
#2452=EDGE_CURVE('',#3276,#3278,#250,.F.);
#2453=EDGE_CURVE('',#3279,#3280,#3801,.T.);
#2454=EDGE_CURVE('',#3279,#3277,#3802,.T.);
#2455=EDGE_CURVE('',#3278,#3280,#3803,.T.);
#2456=EDGE_CURVE('',#3281,#3282,#3804,.T.);
#2457=EDGE_CURVE('',#3281,#3279,#251,.T.);
#2458=EDGE_CURVE('',#3280,#3282,#252,.F.);
#2459=EDGE_CURVE('',#3224,#3281,#3805,.T.);
#2460=EDGE_CURVE('',#3282,#3225,#3806,.T.);
#2461=EDGE_CURVE('',#3042,#3283,#59,.T.);
#2462=EDGE_CURVE('',#3283,#3041,#60,.T.);
#2463=EDGE_CURVE('',#3051,#3242,#253,.F.);
#2464=EDGE_CURVE('',#3229,#3050,#254,.F.);
#2465=EDGE_CURVE('',#3076,#3228,#255,.F.);
#2466=EDGE_CURVE('',#3024,#3052,#61,.T.);
#2467=EDGE_CURVE('',#3241,#3101,#3807,.T.);
#2468=EDGE_CURVE('',#3245,#3236,#3808,.T.);
#2469=EDGE_CURVE('',#3235,#3102,#3809,.T.);
#2470=EDGE_CURVE('',#3284,#3021,#3810,.T.);
#2471=EDGE_CURVE('',#3284,#3029,#3811,.F.);
#2472=EDGE_CURVE('',#3285,#3028,#3812,.T.);
#2473=EDGE_CURVE('',#3285,#3286,#3813,.T.);
#2474=EDGE_CURVE('',#3286,#3287,#62,.T.);
#2475=EDGE_CURVE('',#3287,#3023,#3814,.T.);
#2476=EDGE_CURVE('',#3073,#3288,#256,.F.);
#2477=EDGE_CURVE('',#3288,#3289,#257,.T.);
#2478=EDGE_CURVE('',#3289,#3002,#258,.F.);
#2479=EDGE_CURVE('',#3001,#3290,#259,.F.);
#2480=EDGE_CURVE('',#3290,#3291,#260,.T.);
#2481=EDGE_CURVE('',#3291,#3058,#261,.F.);
#2482=EDGE_CURVE('',#3057,#3292,#3815,.T.);
#2483=EDGE_CURVE('',#3292,#3105,#3816,.T.);
#2484=EDGE_CURVE('',#3234,#3104,#3817,.T.);
#2485=EDGE_CURVE('',#3293,#3293,#262,.T.);
#2486=EDGE_CURVE('',#3117,#3119,#3818,.T.);
#2487=EDGE_CURVE('',#3294,#3295,#3819,.T.);
#2488=EDGE_CURVE('',#3294,#3054,#3820,.F.);
#2489=EDGE_CURVE('',#3136,#3054,#3821,.F.);
#2490=EDGE_CURVE('',#3135,#3118,#3822,.T.);
#2491=EDGE_CURVE('',#3116,#3292,#3823,.T.);
#2492=EDGE_CURVE('',#3057,#3295,#3824,.F.);
#2493=EDGE_CURVE('',#3103,#3233,#3825,.T.);
#2494=EDGE_CURVE('',#3133,#3188,#3826,.F.);
#2495=EDGE_CURVE('',#3187,#3134,#3827,.T.);
#2496=EDGE_CURVE('',#3189,#3132,#3828,.T.);
#2497=EDGE_CURVE('',#3131,#3190,#3829,.F.);
#2498=EDGE_CURVE('',#3296,#3237,#3830,.T.);
#2499=EDGE_CURVE('',#3296,#3297,#3831,.T.);
#2500=EDGE_CURVE('',#3297,#3239,#3832,.T.);
#2501=EDGE_CURVE('',#3298,#3238,#3833,.T.);
#2502=EDGE_CURVE('',#3296,#3298,#3834,.T.);
#2503=EDGE_CURVE('',#3299,#3240,#3835,.T.);
#2504=EDGE_CURVE('',#3298,#3299,#3836,.T.);
#2505=EDGE_CURVE('',#3297,#3299,#3837,.T.);
#2506=EDGE_CURVE('',#3090,#3215,#3838,.F.);
#2507=EDGE_CURVE('',#3226,#3230,#3839,.T.);
#2508=EDGE_CURVE('',#3208,#3217,#3840,.F.);
#2509=EDGE_CURVE('',#3209,#3231,#3841,.T.);
#2510=EDGE_CURVE('',#3219,#3207,#3842,.F.);
#2511=EDGE_CURVE('',#3206,#3232,#3843,.T.);
#2512=EDGE_CURVE('',#3223,#3227,#3844,.T.);
#2513=EDGE_CURVE('',#3205,#3081,#3845,.F.);
#2514=EDGE_CURVE('',#3191,#3154,#63,.T.);
#2515=EDGE_CURVE('',#3192,#3150,#3846,.T.);
#2516=EDGE_CURVE('',#3193,#3149,#3847,.T.);
#2517=EDGE_CURVE('',#3202,#3194,#64,.T.);
#2518=EDGE_CURVE('',#3195,#3201,#65,.F.);
#2519=EDGE_CURVE('',#3196,#3146,#3848,.T.);
#2520=EDGE_CURVE('',#3197,#3145,#3849,.T.);
#2521=EDGE_CURVE('',#3246,#3198,#66,.F.);
#2522=EDGE_CURVE('',#3165,#3094,#263,.T.);
#2523=EDGE_CURVE('',#3093,#3166,#3850,.T.);
#2524=EDGE_CURVE('',#3249,#3168,#264,.T.);
#2525=EDGE_CURVE('',#3167,#3250,#3851,.T.);
#2526=EDGE_CURVE('',#3063,#3010,#3852,.T.);
#2527=EDGE_CURVE('',#3064,#3009,#3853,.T.);
#2528=EDGE_CURVE('',#3082,#3203,#3854,.T.);
#2529=EDGE_CURVE('',#3083,#3221,#3855,.T.);
#2530=EDGE_CURVE('',#3084,#3275,#3856,.T.);
#2531=EDGE_CURVE('',#3085,#3277,#3857,.T.);
#2532=EDGE_CURVE('',#3086,#3279,#3858,.T.);
#2533=EDGE_CURVE('',#3087,#3281,#3859,.T.);
#2534=EDGE_CURVE('',#3088,#3224,#3860,.T.);
#2535=EDGE_CURVE('',#3089,#3216,#3861,.T.);
#2536=EDGE_CURVE('',#3222,#3184,#3862,.T.);
#2537=EDGE_CURVE('',#3185,#3212,#3863,.T.);
#2538=EDGE_CURVE('',#3186,#3211,#3864,.T.);
#2539=EDGE_CURVE('',#3276,#3183,#3865,.T.);
#2540=EDGE_CURVE('',#3179,#3225,#3866,.T.);
#2541=EDGE_CURVE('',#3278,#3182,#3867,.T.);
#2542=EDGE_CURVE('',#3180,#3282,#3868,.T.);
#2543=EDGE_CURVE('',#3280,#3181,#3869,.T.);
#2544=EDGE_CURVE('',#3262,#3300,#3870,.T.);
#2545=EDGE_CURVE('',#3300,#3261,#3871,.T.);
#2546=EDGE_CURVE('',#3301,#3300,#3872,.T.);
#2547=EDGE_CURVE('',#3263,#3301,#3873,.T.);
#2548=EDGE_CURVE('',#3301,#3260,#3874,.T.);
#2549=EDGE_CURVE('',#3264,#3301,#3875,.T.);
#2550=EDGE_CURVE('',#3270,#3302,#3876,.T.);
#2551=EDGE_CURVE('',#3302,#3269,#3877,.T.);
#2552=EDGE_CURVE('',#3301,#3303,#3878,.T.);
#2553=EDGE_CURVE('',#3303,#3259,#3879,.T.);
#2554=EDGE_CURVE('',#3265,#3303,#3880,.T.);
#2555=EDGE_CURVE('',#3267,#3304,#3881,.T.);
#2556=EDGE_CURVE('',#3304,#3266,#3882,.T.);
#2557=EDGE_CURVE('',#3302,#3305,#3883,.T.);
#2558=EDGE_CURVE('',#3305,#3268,#3884,.F.);
#2559=EDGE_CURVE('',#3256,#3305,#3885,.T.);
#2560=EDGE_CURVE('',#3303,#3258,#3886,.T.);
#2561=EDGE_CURVE('',#3304,#3303,#3887,.T.);
#2562=EDGE_CURVE('',#3305,#3304,#3888,.T.);
#2563=EDGE_CURVE('',#3255,#3305,#3889,.T.);
#2564=EDGE_CURVE('',#3304,#3257,#3890,.T.);
#2565=EDGE_CURVE('',#3251,#3306,#3891,.T.);
#2566=EDGE_CURVE('',#3306,#3252,#3892,.T.);
#2567=EDGE_CURVE('',#3306,#3307,#265,.T.);
#2568=EDGE_CURVE('',#3307,#3254,#3893,.T.);
#2569=EDGE_CURVE('',#3253,#3307,#3894,.T.);
#2570=EDGE_CURVE('',#3271,#3308,#3895,.T.);
#2571=EDGE_CURVE('',#3308,#3272,#3896,.T.);
#2572=EDGE_CURVE('',#3308,#3309,#266,.T.);
#2573=EDGE_CURVE('',#3309,#3274,#3897,.T.);
#2574=EDGE_CURVE('',#3273,#3309,#3898,.T.);
#2575=EDGE_CURVE('',#3045,#3161,#3899,.T.);
#2576=EDGE_CURVE('',#3070,#3155,#3900,.T.);
#2577=EDGE_CURVE('',#3164,#3066,#3901,.F.);
#2578=EDGE_CURVE('',#3162,#3044,#3902,.F.);
#2579=EDGE_CURVE('',#3043,#3067,#3903,.T.);
#2580=EDGE_CURVE('',#3067,#3163,#3904,.T.);
#2581=EDGE_CURVE('',#3031,#3310,#267,.F.);
#2582=EDGE_CURVE('',#3310,#3114,#356,.T.);
#2583=EDGE_CURVE('',#3141,#3171,#3905,.T.);
#2584=EDGE_CURVE('',#3311,#3170,#3906,.T.);
#2585=EDGE_CURVE('',#3311,#3142,#3907,.F.);
#2586=EDGE_CURVE('',#3140,#3172,#3908,.T.);
#2587=EDGE_CURVE('',#3128,#3311,#3909,.F.);
#2588=EDGE_CURVE('',#3139,#3173,#3910,.T.);
#2589=EDGE_CURVE('',#3138,#3174,#3911,.T.);
#2590=EDGE_CURVE('',#3312,#3175,#3912,.T.);
#2591=EDGE_CURVE('',#3137,#3312,#3913,.F.);
#2592=EDGE_CURVE('',#3313,#3176,#3914,.T.);
#2593=EDGE_CURVE('',#3312,#3313,#3915,.F.);
#2594=EDGE_CURVE('',#3314,#3315,#3916,.T.);
#2595=EDGE_CURVE('',#3314,#3121,#3917,.F.);
#2596=EDGE_CURVE('',#3120,#3177,#3918,.T.);
#2597=EDGE_CURVE('',#3313,#3315,#3919,.F.);
#2598=EDGE_CURVE('',#3125,#3178,#3920,.T.);
#2599=EDGE_CURVE('',#3124,#3169,#3921,.T.);
#2600=EDGE_CURVE('',#3287,#3283,#357,.T.);
#2601=EDGE_CURVE('',#3315,#3127,#3922,.T.);
#2602=EDGE_CURVE('',#3126,#3314,#3923,.T.);
#2603=EDGE_CURVE('',#3069,#3156,#3924,.T.);
#2604=EDGE_CURVE('',#3316,#3316,#268,.T.);
#2605=EDGE_CURVE('',#3077,#3289,#3925,.F.);
#2606=EDGE_CURVE('',#3288,#3078,#3926,.T.);
#2607=EDGE_CURVE('',#3290,#3247,#3927,.T.);
#2608=EDGE_CURVE('',#3248,#3291,#3928,.F.);
#2609=EDGE_CURVE('',#3285,#3038,#3929,.T.);
#2610=EDGE_CURVE('',#3295,#3317,#3930,.T.);
#2611=EDGE_CURVE('',#3317,#3318,#3931,.T.);
#2612=EDGE_CURVE('',#3318,#3294,#3932,.T.);
#2613=EDGE_CURVE('',#3055,#3318,#3933,.F.);
#2614=EDGE_CURVE('',#3056,#3317,#3934,.F.);
#2615=EDGE_CURVE('',#3037,#3319,#3935,.T.);
#2616=EDGE_CURVE('',#3319,#3285,#3936,.F.);
#2617=EDGE_CURVE('',#3043,#3319,#67,.T.);
#2618=EDGE_CURVE('',#3320,#3321,#3937,.T.);
#2619=EDGE_CURVE('',#3321,#3310,#3938,.F.);
#2620=EDGE_CURVE('',#3030,#3320,#3939,.T.);
#2621=EDGE_CURVE('',#3320,#3284,#3940,.F.);
#2622=EDGE_CURVE('',#3115,#3321,#269,.T.);
#2623=EDGE_CURVE('',#3022,#3322,#3941,.T.);
#2624=EDGE_CURVE('',#3322,#3323,#3942,.F.);
#2625=EDGE_CURVE('',#3323,#3324,#3943,.T.);
#2626=EDGE_CURVE('',#3324,#3099,#270,.F.);
#2627=EDGE_CURVE('',#3325,#3326,#3944,.T.);
#2628=EDGE_CURVE('',#3325,#3327,#3945,.F.);
#2629=EDGE_CURVE('',#3327,#3026,#3946,.T.);
#2630=EDGE_CURVE('',#3100,#3326,#271,.T.);
#2631=EDGE_CURVE('',#3326,#3324,#3947,.F.);
#2632=EDGE_CURVE('',#3323,#3325,#3948,.T.);
#2633=EDGE_CURVE('',#3327,#3322,#3949,.T.);
#2634=EDGE_CURVE('',#3286,#3041,#272,.T.);
#2635=EDGE_CURVE('',#3328,#2993,#3950,.T.);
#2636=EDGE_CURVE('',#3328,#3329,#358,.T.);
#2637=EDGE_CURVE('',#3329,#2992,#3951,.T.);
#2638=EDGE_CURVE('',#3330,#2998,#3952,.T.);
#2639=EDGE_CURVE('',#3330,#3328,#359,.T.);
#2640=EDGE_CURVE('',#3331,#2997,#3953,.T.);
#2641=EDGE_CURVE('',#3331,#3330,#360,.T.);
#2642=EDGE_CURVE('',#3332,#2996,#3954,.T.);
#2643=EDGE_CURVE('',#3332,#3331,#3955,.F.);
#2644=EDGE_CURVE('',#3333,#2995,#3956,.T.);
#2645=EDGE_CURVE('',#3333,#3332,#3957,.F.);
#2646=EDGE_CURVE('',#3334,#2994,#3958,.T.);
#2647=EDGE_CURVE('',#3334,#3333,#3959,.F.);
#2648=EDGE_CURVE('',#3335,#3336,#3960,.T.);
#2649=EDGE_CURVE('',#3335,#3337,#361,.T.);
#2650=EDGE_CURVE('',#3337,#3338,#3961,.T.);
#2651=EDGE_CURVE('',#3338,#3336,#362,.T.);
#2652=EDGE_CURVE('',#3339,#3340,#3962,.T.);
#2653=EDGE_CURVE('',#3339,#3335,#363,.T.);
#2654=EDGE_CURVE('',#3336,#3340,#364,.T.);
#2655=EDGE_CURVE('',#3341,#3342,#3963,.T.);
#2656=EDGE_CURVE('',#3341,#3339,#365,.T.);
#2657=EDGE_CURVE('',#3340,#3342,#366,.T.);
#2658=EDGE_CURVE('',#3343,#3344,#3964,.T.);
#2659=EDGE_CURVE('',#3343,#3341,#3965,.F.);
#2660=EDGE_CURVE('',#3342,#3344,#3966,.T.);
#2661=EDGE_CURVE('',#3345,#3346,#3967,.T.);
#2662=EDGE_CURVE('',#3345,#3343,#3968,.F.);
#2663=EDGE_CURVE('',#3344,#3346,#3969,.T.);
#2664=EDGE_CURVE('',#3347,#3348,#3970,.T.);
#2665=EDGE_CURVE('',#3347,#3345,#3971,.F.);
#2666=EDGE_CURVE('',#3346,#3348,#3972,.T.);
#2667=EDGE_CURVE('',#3337,#3347,#367,.T.);
#2668=EDGE_CURVE('',#3348,#3338,#368,.T.);
#2669=EDGE_CURVE('',#3329,#3334,#369,.T.);
#2670=EDGE_CURVE('',#3349,#3350,#3973,.T.);
#2671=EDGE_CURVE('',#3350,#3351,#3974,.T.);
#2672=EDGE_CURVE('',#3351,#3352,#3975,.T.);
#2673=EDGE_CURVE('',#3352,#3353,#370,.T.);
#2674=EDGE_CURVE('',#3353,#3354,#371,.T.);
#2675=EDGE_CURVE('',#3354,#3355,#372,.T.);
#2676=EDGE_CURVE('',#3355,#3349,#373,.T.);
#2677=EDGE_CURVE('',#3356,#3357,#3976,.T.);
#2678=EDGE_CURVE('',#3357,#3358,#3977,.T.);
#2679=EDGE_CURVE('',#3358,#3359,#3978,.T.);
#2680=EDGE_CURVE('',#3359,#3360,#374,.T.);
#2681=EDGE_CURVE('',#3360,#3361,#375,.T.);
#2682=EDGE_CURVE('',#3361,#3362,#376,.T.);
#2683=EDGE_CURVE('',#3362,#3356,#377,.T.);
#2684=EDGE_CURVE('',#3363,#2989,#3979,.T.);
#2685=EDGE_CURVE('',#3363,#3364,#3980,.F.);
#2686=EDGE_CURVE('',#3364,#2988,#3981,.T.);
#2687=EDGE_CURVE('',#3365,#2991,#3982,.T.);
#2688=EDGE_CURVE('',#3365,#3363,#3983,.F.);
#2689=EDGE_CURVE('',#3366,#2990,#3984,.T.);
#2690=EDGE_CURVE('',#3366,#3365,#3985,.F.);
#2691=EDGE_CURVE('',#3364,#3366,#3986,.F.);
#2692=EDGE_CURVE('',#3367,#3368,#3987,.T.);
#2693=EDGE_CURVE('',#3368,#3369,#3988,.T.);
#2694=EDGE_CURVE('',#3369,#3370,#3989,.T.);
#2695=EDGE_CURVE('',#3370,#3367,#3990,.T.);
#2696=EDGE_CURVE('',#3015,#3371,#3991,.F.);
#2697=EDGE_CURVE('',#3371,#3372,#3992,.T.);
#2698=EDGE_CURVE('',#3372,#3016,#3993,.T.);
#2699=EDGE_CURVE('',#3014,#3373,#3994,.F.);
#2700=EDGE_CURVE('',#3373,#3374,#3995,.F.);
#2701=EDGE_CURVE('',#3374,#3013,#3996,.T.);
#2702=EDGE_CURVE('',#3019,#3375,#3997,.F.);
#2703=EDGE_CURVE('',#3375,#3376,#3998,.F.);
#2704=EDGE_CURVE('',#3376,#3020,#3999,.T.);
#2705=EDGE_CURVE('',#3017,#3377,#4000,.F.);
#2706=EDGE_CURVE('',#3377,#3378,#4001,.T.);
#2707=EDGE_CURVE('',#3378,#3018,#4002,.T.);
#2708=EDGE_CURVE('',#3379,#3380,#273,.T.);
#2709=EDGE_CURVE('',#3380,#3381,#4003,.F.);
#2710=EDGE_CURVE('',#3381,#3382,#274,.T.);
#2711=EDGE_CURVE('',#3382,#3383,#4004,.T.);
#2712=EDGE_CURVE('',#3383,#3384,#275,.T.);
#2713=EDGE_CURVE('',#3384,#3385,#4005,.T.);
#2714=EDGE_CURVE('',#3385,#3386,#276,.T.);
#2715=EDGE_CURVE('',#3386,#3379,#4006,.F.);
#2716=EDGE_CURVE('',#3376,#3373,#277,.F.);
#2717=EDGE_CURVE('',#3378,#3375,#278,.F.);
#2718=EDGE_CURVE('',#3372,#3377,#279,.F.);
#2719=EDGE_CURVE('',#3374,#3371,#280,.F.);
#2720=EDGE_CURVE('',#3365,#3370,#68,.T.);
#2721=EDGE_CURVE('',#3367,#3366,#69,.F.);
#2722=EDGE_CURVE('',#3368,#3364,#70,.F.);
#2723=EDGE_CURVE('',#3363,#3369,#71,.T.);
#2724=EDGE_CURVE('',#3355,#3339,#281,.T.);
#2725=EDGE_CURVE('',#3335,#3354,#282,.T.);
#2726=EDGE_CURVE('',#3337,#3353,#283,.T.);
#2727=EDGE_CURVE('',#3349,#3341,#284,.T.);
#2728=EDGE_CURVE('',#3347,#3352,#285,.T.);
#2729=EDGE_CURVE('',#3350,#3343,#72,.F.);
#2730=EDGE_CURVE('',#3345,#3351,#73,.T.);
#2731=EDGE_CURVE('',#3362,#3330,#286,.T.);
#2732=EDGE_CURVE('',#3328,#3361,#287,.T.);
#2733=EDGE_CURVE('',#3329,#3360,#288,.T.);
#2734=EDGE_CURVE('',#3356,#3331,#289,.T.);
#2735=EDGE_CURVE('',#3334,#3359,#290,.T.);
#2736=EDGE_CURVE('',#3357,#3332,#74,.F.);
#2737=EDGE_CURVE('',#3333,#3358,#75,.T.);
#2738=EDGE_CURVE('',#3385,#3375,#291,.T.);
#2739=EDGE_CURVE('',#3376,#3384,#292,.T.);
#2740=EDGE_CURVE('',#3373,#3383,#293,.T.);
#2741=EDGE_CURVE('',#3386,#3378,#294,.T.);
#2742=EDGE_CURVE('',#3374,#3382,#295,.T.);
#2743=EDGE_CURVE('',#3379,#3377,#296,.T.);
#2744=EDGE_CURVE('',#3371,#3381,#297,.T.);
#2745=EDGE_CURVE('',#3380,#3372,#298,.T.);
#2746=EDGE_CURVE('',#3387,#3388,#4007,.T.);
#2747=EDGE_CURVE('',#3387,#3389,#4008,.T.);
#2748=EDGE_CURVE('',#3389,#3390,#4009,.T.);
#2749=EDGE_CURVE('',#3390,#3388,#4010,.F.);
#2750=EDGE_CURVE('',#3391,#3392,#4011,.T.);
#2751=EDGE_CURVE('',#3392,#3393,#299,.T.);
#2752=EDGE_CURVE('',#3393,#3394,#4012,.T.);
#2753=EDGE_CURVE('',#3394,#3395,#4013,.T.);
#2754=EDGE_CURVE('',#3396,#3395,#4014,.T.);
#2755=EDGE_CURVE('',#3391,#3396,#4015,.T.);
#2756=EDGE_CURVE('',#3397,#3398,#4016,.T.);
#2757=EDGE_CURVE('',#3398,#3399,#300,.T.);
#2758=EDGE_CURVE('',#3400,#3399,#301,.T.);
#2759=EDGE_CURVE('',#3401,#3400,#4017,.T.);
#2760=EDGE_CURVE('',#3402,#3401,#302,.T.);
#2761=EDGE_CURVE('',#3402,#3403,#4018,.T.);
#2762=EDGE_CURVE('',#3404,#3403,#303,.T.);
#2763=EDGE_CURVE('',#3405,#3404,#4019,.T.);
#2764=EDGE_CURVE('',#3406,#3405,#304,.T.);
#2765=EDGE_CURVE('',#3407,#3406,#4020,.T.);
#2766=EDGE_CURVE('',#3397,#3407,#305,.T.);
#2767=EDGE_CURVE('',#3408,#3409,#306,.T.);
#2768=EDGE_CURVE('',#3408,#3410,#4021,.T.);
#2769=EDGE_CURVE('',#3411,#3410,#307,.T.);
#2770=EDGE_CURVE('',#3411,#3412,#4022,.T.);
#2771=EDGE_CURVE('',#3413,#3412,#308,.T.);
#2772=EDGE_CURVE('',#3414,#3413,#4023,.T.);
#2773=EDGE_CURVE('',#3415,#3414,#309,.T.);
#2774=EDGE_CURVE('',#3409,#3415,#4024,.T.);
#2775=EDGE_CURVE('',#3416,#3417,#310,.T.);
#2776=EDGE_CURVE('',#3417,#3418,#4025,.T.);
#2777=EDGE_CURVE('',#3418,#3419,#4026,.T.);
#2778=EDGE_CURVE('',#3420,#3419,#4027,.T.);
#2779=EDGE_CURVE('',#3420,#3396,#4028,.T.);
#2780=EDGE_CURVE('',#3395,#3421,#4029,.F.);
#2781=EDGE_CURVE('',#3422,#3421,#4030,.T.);
#2782=EDGE_CURVE('',#3422,#3423,#4031,.T.);
#2783=EDGE_CURVE('',#3424,#3423,#4032,.T.);
#2784=EDGE_CURVE('',#3425,#3424,#4033,.T.);
#2785=EDGE_CURVE('',#3425,#3426,#4034,.T.);
#2786=EDGE_CURVE('',#3426,#3427,#4035,.T.);
#2787=EDGE_CURVE('',#3428,#3427,#4036,.T.);
#2788=EDGE_CURVE('',#3428,#3429,#311,.T.);
#2789=EDGE_CURVE('',#3429,#3430,#4037,.T.);
#2790=EDGE_CURVE('',#3431,#3430,#4038,.T.);
#2791=EDGE_CURVE('',#3431,#3432,#4039,.T.);
#2792=EDGE_CURVE('',#3432,#3433,#4040,.T.);
#2793=EDGE_CURVE('',#3433,#3434,#4041,.T.);
#2794=EDGE_CURVE('',#3435,#3434,#4042,.T.);
#2795=EDGE_CURVE('',#3435,#3436,#4043,.T.);
#2796=EDGE_CURVE('',#3436,#3437,#4044,.T.);
#2797=EDGE_CURVE('',#3437,#3416,#4045,.T.);
#2798=EDGE_CURVE('',#3438,#3419,#4046,.T.);
#2799=EDGE_CURVE('',#3439,#3438,#312,.T.);
#2800=EDGE_CURVE('',#3440,#3439,#4047,.T.);
#2801=EDGE_CURVE('',#3440,#3441,#313,.T.);
#2802=EDGE_CURVE('',#3442,#3441,#4048,.T.);
#2803=EDGE_CURVE('',#3420,#3442,#4049,.T.);
#2804=EDGE_CURVE('',#3441,#3392,#4050,.T.);
#2805=EDGE_CURVE('',#3442,#3391,#4051,.T.);
#2806=EDGE_CURVE('',#3443,#3444,#4052,.T.);
#2807=EDGE_CURVE('',#3443,#3398,#4053,.F.);
#2808=EDGE_CURVE('',#3444,#3397,#4054,.T.);
#2809=EDGE_CURVE('',#3445,#3446,#4055,.T.);
#2810=EDGE_CURVE('',#3445,#3447,#314,.F.);
#2811=EDGE_CURVE('',#3447,#3448,#4056,.T.);
#2812=EDGE_CURVE('',#3448,#3394,#4057,.T.);
#2813=EDGE_CURVE('',#3449,#3393,#4058,.T.);
#2814=EDGE_CURVE('',#3450,#3449,#4059,.T.);
#2815=EDGE_CURVE('',#3450,#3451,#315,.F.);
#2816=EDGE_CURVE('',#3452,#3451,#4060,.T.);
#2817=EDGE_CURVE('',#3452,#3453,#4061,.F.);
#2818=EDGE_CURVE('',#3454,#3453,#4062,.T.);
#2819=EDGE_CURVE('',#3454,#3455,#4063,.T.);
#2820=EDGE_CURVE('',#3456,#3455,#4064,.T.);
#2821=EDGE_CURVE('',#3456,#3457,#4065,.F.);
#2822=EDGE_CURVE('',#3458,#3457,#4066,.T.);
#2823=EDGE_CURVE('',#3458,#3446,#4067,.T.);
#2824=EDGE_CURVE('',#3459,#3460,#4068,.T.);
#2825=EDGE_CURVE('',#3461,#3460,#316,.F.);
#2826=EDGE_CURVE('',#3462,#3461,#4069,.T.);
#2827=EDGE_CURVE('',#3463,#3462,#317,.F.);
#2828=EDGE_CURVE('',#3464,#3463,#4070,.T.);
#2829=EDGE_CURVE('',#3465,#3464,#318,.F.);
#2830=EDGE_CURVE('',#3465,#3466,#4071,.T.);
#2831=EDGE_CURVE('',#3459,#3466,#319,.F.);
#2832=EDGE_CURVE('',#3467,#3468,#320,.F.);
#2833=EDGE_CURVE('',#3467,#3443,#321,.F.);
#2834=EDGE_CURVE('',#3469,#3444,#322,.F.);
#2835=EDGE_CURVE('',#3470,#3469,#4072,.T.);
#2836=EDGE_CURVE('',#3471,#3470,#323,.F.);
#2837=EDGE_CURVE('',#3472,#3471,#4073,.T.);
#2838=EDGE_CURVE('',#3473,#3472,#324,.F.);
#2839=EDGE_CURVE('',#3473,#3474,#4074,.T.);
#2840=EDGE_CURVE('',#3475,#3474,#325,.F.);
#2841=EDGE_CURVE('',#3468,#3475,#4075,.T.);
#2842=EDGE_CURVE('',#3418,#3449,#4076,.T.);
#2843=EDGE_CURVE('',#3417,#3450,#4077,.T.);
#2844=EDGE_CURVE('',#3476,#3477,#4078,.T.);
#2845=EDGE_CURVE('',#3476,#3478,#4079,.T.);
#2846=EDGE_CURVE('',#3478,#3479,#4080,.T.);
#2847=EDGE_CURVE('',#3479,#3477,#4081,.T.);
#2848=EDGE_CURVE('',#3427,#3480,#4082,.T.);
#2849=EDGE_CURVE('',#3481,#3480,#4083,.T.);
#2850=EDGE_CURVE('',#3481,#3424,#4084,.T.);
#2851=EDGE_CURVE('',#3423,#3448,#4085,.T.);
#2852=EDGE_CURVE('',#3447,#3428,#4086,.F.);
#2853=EDGE_CURVE('',#3451,#3416,#4087,.F.);
#2854=EDGE_CURVE('',#3482,#3437,#4088,.T.);
#2855=EDGE_CURVE('',#3482,#3452,#326,.T.);
#2856=EDGE_CURVE('',#3434,#3483,#4089,.T.);
#2857=EDGE_CURVE('',#3484,#3433,#4090,.T.);
#2858=EDGE_CURVE('',#3484,#3456,#327,.T.);
#2859=EDGE_CURVE('',#3455,#3483,#328,.T.);
#2860=EDGE_CURVE('',#3429,#3445,#4091,.T.);
#2861=EDGE_CURVE('',#3446,#3485,#329,.T.);
#2862=EDGE_CURVE('',#3430,#3485,#4092,.T.);
#2863=EDGE_CURVE('',#3486,#3487,#4093,.T.);
#2864=EDGE_CURVE('',#3486,#3488,#4094,.T.);
#2865=EDGE_CURVE('',#3488,#3489,#4095,.T.);
#2866=EDGE_CURVE('',#3489,#3490,#4096,.T.);
#2867=EDGE_CURVE('',#3490,#3487,#330,.T.);
#2868=EDGE_CURVE('',#3491,#3492,#4097,.T.);
#2869=EDGE_CURVE('',#3491,#3493,#331,.T.);
#2870=EDGE_CURVE('',#3493,#3494,#4098,.T.);
#2871=EDGE_CURVE('',#3494,#3495,#4099,.T.);
#2872=EDGE_CURVE('',#3495,#3496,#4100,.T.);
#2873=EDGE_CURVE('',#3496,#3492,#332,.T.);
#2874=EDGE_CURVE('',#3497,#3498,#4101,.T.);
#2875=EDGE_CURVE('',#3498,#3499,#4102,.F.);
#2876=EDGE_CURVE('',#3500,#3499,#4103,.T.);
#2877=EDGE_CURVE('',#3500,#3497,#4104,.T.);
#2878=EDGE_CURVE('',#3448,#3500,#4105,.T.);
#2879=EDGE_CURVE('',#3500,#3478,#4106,.T.);
#2880=EDGE_CURVE('',#3394,#3478,#4107,.T.);
#2881=EDGE_CURVE('',#3501,#3502,#4108,.T.);
#2882=EDGE_CURVE('',#3501,#3422,#4109,.T.);
#2883=EDGE_CURVE('',#3421,#3502,#4110,.T.);
#2884=EDGE_CURVE('',#3503,#3503,#333,.T.);
#2885=EDGE_CURVE('',#3499,#3504,#334,.T.);
#2886=EDGE_CURVE('',#3504,#3505,#335,.F.);
#2887=EDGE_CURVE('',#3505,#3387,#336,.T.);
#2888=EDGE_CURVE('',#3388,#3486,#337,.F.);
#2889=EDGE_CURVE('',#3487,#3506,#4111,.F.);
#2890=EDGE_CURVE('',#3506,#3507,#4112,.T.);
#2891=EDGE_CURVE('',#3507,#3491,#4113,.T.);
#2892=EDGE_CURVE('',#3492,#3508,#4114,.F.);
#2893=EDGE_CURVE('',#3508,#3509,#4115,.T.);
#2894=EDGE_CURVE('',#3509,#3510,#4116,.T.);
#2895=EDGE_CURVE('',#3510,#3511,#4117,.T.);
#2896=EDGE_CURVE('',#3511,#3479,#338,.F.);
#2897=EDGE_CURVE('',#3389,#3512,#339,.F.);
#2898=EDGE_CURVE('',#3512,#3513,#340,.T.);
#2899=EDGE_CURVE('',#3513,#3498,#341,.F.);
#2900=EDGE_CURVE('',#3497,#3501,#4118,.T.);
#2901=EDGE_CURVE('',#3502,#3476,#4119,.F.);
#2902=EDGE_CURVE('',#3477,#3514,#342,.T.);
#2903=EDGE_CURVE('',#3515,#3514,#4120,.T.);
#2904=EDGE_CURVE('',#3516,#3515,#4121,.T.);
#2905=EDGE_CURVE('',#3516,#3517,#4122,.F.);
#2906=EDGE_CURVE('',#3517,#3495,#4123,.T.);
#2907=EDGE_CURVE('',#3518,#3494,#4124,.T.);
#2908=EDGE_CURVE('',#3518,#3519,#4125,.F.);
#2909=EDGE_CURVE('',#3519,#3489,#4126,.T.);
#2910=EDGE_CURVE('',#3488,#3390,#343,.T.);
#2911=EDGE_CURVE('',#3520,#3520,#344,.T.);
#2912=EDGE_CURVE('',#3514,#3511,#4127,.F.);
#2913=EDGE_CURVE('',#3510,#3521,#345,.T.);
#2914=EDGE_CURVE('',#3521,#3515,#4128,.T.);
#2915=EDGE_CURVE('',#3522,#3523,#4129,.T.);
#2916=EDGE_CURVE('',#3522,#3481,#4130,.T.);
#2917=EDGE_CURVE('',#3523,#3480,#4131,.T.);
#2918=EDGE_CURVE('',#3522,#3425,#4132,.T.);
#2919=EDGE_CURVE('',#3426,#3523,#4133,.T.);
#2920=EDGE_CURVE('',#3524,#3525,#4134,.T.);
#2921=EDGE_CURVE('',#3525,#3526,#4135,.T.);
#2922=EDGE_CURVE('',#3526,#3496,#4136,.T.);
#2923=EDGE_CURVE('',#3517,#3524,#76,.T.);
#2924=EDGE_CURVE('',#3521,#3527,#4137,.F.);
#2925=EDGE_CURVE('',#3527,#3528,#4138,.T.);
#2926=EDGE_CURVE('',#3528,#3529,#4139,.T.);
#2927=EDGE_CURVE('',#3529,#3516,#77,.T.);
#2928=EDGE_CURVE('',#3528,#3525,#4140,.T.);
#2929=EDGE_CURVE('',#3524,#3529,#4141,.T.);
#2930=EDGE_CURVE('',#3530,#3531,#4142,.T.);
#2931=EDGE_CURVE('',#3531,#3532,#4143,.T.);
#2932=EDGE_CURVE('',#3532,#3490,#4144,.T.);
#2933=EDGE_CURVE('',#3519,#3530,#78,.T.);
#2934=EDGE_CURVE('',#3493,#3533,#4145,.F.);
#2935=EDGE_CURVE('',#3533,#3534,#4146,.T.);
#2936=EDGE_CURVE('',#3534,#3535,#4147,.T.);
#2937=EDGE_CURVE('',#3535,#3518,#79,.T.);
#2938=EDGE_CURVE('',#3534,#3531,#4148,.T.);
#2939=EDGE_CURVE('',#3530,#3535,#4149,.T.);
#2940=EDGE_CURVE('',#3485,#3536,#4150,.F.);
#2941=EDGE_CURVE('',#3537,#3536,#4151,.T.);
#2942=EDGE_CURVE('',#3537,#3431,#80,.F.);
#2943=EDGE_CURVE('',#3538,#3539,#4152,.T.);
#2944=EDGE_CURVE('',#3538,#3484,#4153,.T.);
#2945=EDGE_CURVE('',#3432,#3539,#81,.F.);
#2946=EDGE_CURVE('',#3536,#3458,#346,.T.);
#2947=EDGE_CURVE('',#3457,#3538,#347,.T.);
#2948=EDGE_CURVE('',#3539,#3537,#4154,.F.);
#2949=EDGE_CURVE('',#3483,#3540,#4155,.F.);
#2950=EDGE_CURVE('',#3541,#3540,#4156,.T.);
#2951=EDGE_CURVE('',#3541,#3435,#82,.F.);
#2952=EDGE_CURVE('',#3542,#3543,#4157,.T.);
#2953=EDGE_CURVE('',#3542,#3482,#4158,.T.);
#2954=EDGE_CURVE('',#3436,#3543,#83,.F.);
#2955=EDGE_CURVE('',#3540,#3454,#348,.T.);
#2956=EDGE_CURVE('',#3453,#3542,#349,.T.);
#2957=EDGE_CURVE('',#3543,#3541,#4159,.F.);
#2958=EDGE_CURVE('',#3509,#3527,#84,.F.);
#2959=EDGE_CURVE('',#3526,#3508,#85,.F.);
#2960=EDGE_CURVE('',#3532,#3506,#86,.F.);
#2961=EDGE_CURVE('',#3507,#3533,#87,.F.);
#2962=EDGE_CURVE('',#3460,#3408,#4160,.T.);
#2963=EDGE_CURVE('',#3461,#3409,#4161,.T.);
#2964=EDGE_CURVE('',#3462,#3415,#4162,.T.);
#2965=EDGE_CURVE('',#3463,#3414,#4163,.T.);
#2966=EDGE_CURVE('',#3464,#3413,#4164,.T.);
#2967=EDGE_CURVE('',#3465,#3412,#4165,.T.);
#2968=EDGE_CURVE('',#3466,#3411,#4166,.T.);
#2969=EDGE_CURVE('',#3459,#3410,#4167,.T.);
#2970=EDGE_CURVE('',#3469,#3407,#4168,.T.);
#2971=EDGE_CURVE('',#3470,#3406,#4169,.T.);
#2972=EDGE_CURVE('',#3471,#3405,#4170,.T.);
#2973=EDGE_CURVE('',#3472,#3404,#4171,.T.);
#2974=EDGE_CURVE('',#3473,#3403,#4172,.T.);
#2975=EDGE_CURVE('',#3474,#3402,#4173,.T.);
#2976=EDGE_CURVE('',#3475,#3401,#4174,.T.);
#2977=EDGE_CURVE('',#3399,#3467,#4175,.F.);
#2978=EDGE_CURVE('',#3468,#3400,#4176,.T.);
#2979=EDGE_CURVE('',#3449,#3544,#4177,.T.);
#2980=EDGE_CURVE('',#3438,#3544,#4178,.T.);
#2981=EDGE_CURVE('',#3393,#3545,#350,.T.);
#2982=EDGE_CURVE('',#3546,#3545,#4179,.T.);
#2983=EDGE_CURVE('',#3544,#3546,#351,.T.);
#2984=EDGE_CURVE('',#3439,#3546,#4180,.T.);
#2985=EDGE_CURVE('',#3545,#3440,#4181,.F.);
#2986=EDGE_CURVE('',#3512,#3505,#4182,.F.);
#2987=EDGE_CURVE('',#3504,#3513,#4183,.T.);
#2988=VERTEX_POINT('',#8231);
#2989=VERTEX_POINT('',#8232);
#2990=VERTEX_POINT('',#8234);
#2991=VERTEX_POINT('',#8236);
#2992=VERTEX_POINT('',#8241);
#2993=VERTEX_POINT('',#8242);
#2994=VERTEX_POINT('',#8246);
#2995=VERTEX_POINT('',#8248);
#2996=VERTEX_POINT('',#8250);
#2997=VERTEX_POINT('',#8252);
#2998=VERTEX_POINT('',#8256);
#2999=VERTEX_POINT('',#8261);
#3000=VERTEX_POINT('',#8262);
#3001=VERTEX_POINT('',#8264);
#3002=VERTEX_POINT('',#8266);
#3003=VERTEX_POINT('',#8268);
#3004=VERTEX_POINT('',#8270);
#3005=VERTEX_POINT('',#8272);
#3006=VERTEX_POINT('',#8274);
#3007=VERTEX_POINT('',#8276);
#3008=VERTEX_POINT('',#8278);
#3009=VERTEX_POINT('',#8280);
#3010=VERTEX_POINT('',#8282);
#3011=VERTEX_POINT('',#8284);
#3012=VERTEX_POINT('',#8286);
#3013=VERTEX_POINT('',#8289);
#3014=VERTEX_POINT('',#8290);
#3015=VERTEX_POINT('',#8292);
#3016=VERTEX_POINT('',#8294);
#3017=VERTEX_POINT('',#8296);
#3018=VERTEX_POINT('',#8298);
#3019=VERTEX_POINT('',#8300);
#3020=VERTEX_POINT('',#8302);
#3021=VERTEX_POINT('',#8306);
#3022=VERTEX_POINT('',#8307);
#3023=VERTEX_POINT('',#8309);
#3024=VERTEX_POINT('',#8311);
#3025=VERTEX_POINT('',#8313);
#3026=VERTEX_POINT('',#8315);
#3027=VERTEX_POINT('',#8319);
#3028=VERTEX_POINT('',#8320);
#3029=VERTEX_POINT('',#8322);
#3030=VERTEX_POINT('',#8324);
#3031=VERTEX_POINT('',#8326);
#3032=VERTEX_POINT('',#8328);
#3033=VERTEX_POINT('',#8330);
#3034=VERTEX_POINT('',#8332);
#3035=VERTEX_POINT('',#8336);
#3036=VERTEX_POINT('',#8337);
#3037=VERTEX_POINT('',#8339);
#3038=VERTEX_POINT('',#8341);
#3039=VERTEX_POINT('',#8343);
#3040=VERTEX_POINT('',#8345);
#3041=VERTEX_POINT('',#8349);
#3042=VERTEX_POINT('',#8350);
#3043=VERTEX_POINT('',#8352);
#3044=VERTEX_POINT('',#8354);
#3045=VERTEX_POINT('',#8356);
#3046=VERTEX_POINT('',#8358);
#3047=VERTEX_POINT('',#8360);
#3048=VERTEX_POINT('',#8362);
#3049=VERTEX_POINT('',#8364);
#3050=VERTEX_POINT('',#8366);
#3051=VERTEX_POINT('',#8368);
#3052=VERTEX_POINT('',#8370);
#3053=VERTEX_POINT('',#8374);
#3054=VERTEX_POINT('',#8375);
#3055=VERTEX_POINT('',#8377);
#3056=VERTEX_POINT('',#8379);
#3057=VERTEX_POINT('',#8381);
#3058=VERTEX_POINT('',#8383);
#3059=VERTEX_POINT('',#8385);
#3060=VERTEX_POINT('',#8387);
#3061=VERTEX_POINT('',#8389);
#3062=VERTEX_POINT('',#8391);
#3063=VERTEX_POINT('',#8393);
#3064=VERTEX_POINT('',#8395);
#3065=VERTEX_POINT('',#8397);
#3066=VERTEX_POINT('',#8401);
#3067=VERTEX_POINT('',#8402);
#3068=VERTEX_POINT('',#8405);
#3069=VERTEX_POINT('',#8407);
#3070=VERTEX_POINT('',#8409);
#3071=VERTEX_POINT('',#8413);
#3072=VERTEX_POINT('',#8414);
#3073=VERTEX_POINT('',#8416);
#3074=VERTEX_POINT('',#8418);
#3075=VERTEX_POINT('',#8420);
#3076=VERTEX_POINT('',#8422);
#3077=VERTEX_POINT('',#8426);
#3078=VERTEX_POINT('',#8428);
#3079=VERTEX_POINT('',#8431);
#3080=VERTEX_POINT('',#8433);
#3081=VERTEX_POINT('',#8435);
#3082=VERTEX_POINT('',#8437);
#3083=VERTEX_POINT('',#8439);
#3084=VERTEX_POINT('',#8441);
#3085=VERTEX_POINT('',#8443);
#3086=VERTEX_POINT('',#8445);
#3087=VERTEX_POINT('',#8447);
#3088=VERTEX_POINT('',#8449);
#3089=VERTEX_POINT('',#8451);
#3090=VERTEX_POINT('',#8453);
#3091=VERTEX_POINT('',#8455);
#3092=VERTEX_POINT('',#8457);
#3093=VERTEX_POINT('',#8460);
#3094=VERTEX_POINT('',#8462);
#3095=VERTEX_POINT('',#8464);
#3096=VERTEX_POINT('',#8466);
#3097=VERTEX_POINT('',#8468);
#3098=VERTEX_POINT('',#8470);
#3099=VERTEX_POINT('',#8474);
#3100=VERTEX_POINT('',#8475);
#3101=VERTEX_POINT('',#8478);
#3102=VERTEX_POINT('',#8480);
#3103=VERTEX_POINT('',#8482);
#3104=VERTEX_POINT('',#8484);
#3105=VERTEX_POINT('',#8486);
#3106=VERTEX_POINT('',#8488);
#3107=VERTEX_POINT('',#8490);
#3108=VERTEX_POINT('',#8492);
#3109=VERTEX_POINT('',#8494);
#3110=VERTEX_POINT('',#8496);
#3111=VERTEX_POINT('',#8498);
#3112=VERTEX_POINT('',#8500);
#3113=VERTEX_POINT('',#8502);
#3114=VERTEX_POINT('',#8504);
#3115=VERTEX_POINT('',#8506);
#3116=VERTEX_POINT('',#8511);
#3117=VERTEX_POINT('',#8513);
#3118=VERTEX_POINT('',#8517);
#3119=VERTEX_POINT('',#8519);
#3120=VERTEX_POINT('',#8523);
#3121=VERTEX_POINT('',#8524);
#3122=VERTEX_POINT('',#8526);
#3123=VERTEX_POINT('',#8528);
#3124=VERTEX_POINT('',#8530);
#3125=VERTEX_POINT('',#8532);
#3126=VERTEX_POINT('',#8536);
#3127=VERTEX_POINT('',#8538);
#3128=VERTEX_POINT('',#8540);
#3129=VERTEX_POINT('',#8542);
#3130=VERTEX_POINT('',#8544);
#3131=VERTEX_POINT('',#8549);
#3132=VERTEX_POINT('',#8551);
#3133=VERTEX_POINT('',#8553);
#3134=VERTEX_POINT('',#8555);
#3135=VERTEX_POINT('',#8558);
#3136=VERTEX_POINT('',#8560);
#3137=VERTEX_POINT('',#8562);
#3138=VERTEX_POINT('',#8564);
#3139=VERTEX_POINT('',#8566);
#3140=VERTEX_POINT('',#8568);
#3141=VERTEX_POINT('',#8570);
#3142=VERTEX_POINT('',#8572);
#3143=VERTEX_POINT('',#8574);
#3144=VERTEX_POINT('',#8576);
#3145=VERTEX_POINT('',#8578);
#3146=VERTEX_POINT('',#8580);
#3147=VERTEX_POINT('',#8582);
#3148=VERTEX_POINT('',#8584);
#3149=VERTEX_POINT('',#8586);
#3150=VERTEX_POINT('',#8588);
#3151=VERTEX_POINT('',#8590);
#3152=VERTEX_POINT('',#8594);
#3153=VERTEX_POINT('',#8595);
#3154=VERTEX_POINT('',#8598);
#3155=VERTEX_POINT('',#8602);
#3156=VERTEX_POINT('',#8603);
#3157=VERTEX_POINT('',#8606);
#3158=VERTEX_POINT('',#8608);
#3159=VERTEX_POINT('',#8611);
#3160=VERTEX_POINT('',#8613);
#3161=VERTEX_POINT('',#8615);
#3162=VERTEX_POINT('',#8617);
#3163=VERTEX_POINT('',#8619);
#3164=VERTEX_POINT('',#8621);
#3165=VERTEX_POINT('',#8626);
#3166=VERTEX_POINT('',#8628);
#3167=VERTEX_POINT('',#8633);
#3168=VERTEX_POINT('',#8635);
#3169=VERTEX_POINT('',#8639);
#3170=VERTEX_POINT('',#8641);
#3171=VERTEX_POINT('',#8643);
#3172=VERTEX_POINT('',#8645);
#3173=VERTEX_POINT('',#8647);
#3174=VERTEX_POINT('',#8649);
#3175=VERTEX_POINT('',#8651);
#3176=VERTEX_POINT('',#8653);
#3177=VERTEX_POINT('',#8655);
#3178=VERTEX_POINT('',#8657);
#3179=VERTEX_POINT('',#8660);
#3180=VERTEX_POINT('',#8661);
#3181=VERTEX_POINT('',#8663);
#3182=VERTEX_POINT('',#8665);
#3183=VERTEX_POINT('',#8667);
#3184=VERTEX_POINT('',#8669);
#3185=VERTEX_POINT('',#8671);
#3186=VERTEX_POINT('',#8673);
#3187=VERTEX_POINT('',#8676);
#3188=VERTEX_POINT('',#8678);
#3189=VERTEX_POINT('',#8680);
#3190=VERTEX_POINT('',#8682);
#3191=VERTEX_POINT('',#8686);
#3192=VERTEX_POINT('',#8688);
#3193=VERTEX_POINT('',#8690);
#3194=VERTEX_POINT('',#8692);
#3195=VERTEX_POINT('',#8694);
#3196=VERTEX_POINT('',#8696);
#3197=VERTEX_POINT('',#8698);
#3198=VERTEX_POINT('',#8700);
#3199=VERTEX_POINT('',#8703);
#3200=VERTEX_POINT('',#8705);
#3201=VERTEX_POINT('',#8709);
#3202=VERTEX_POINT('',#8711);
#3203=VERTEX_POINT('',#8715);
#3204=VERTEX_POINT('',#8716);
#3205=VERTEX_POINT('',#8718);
#3206=VERTEX_POINT('',#8722);
#3207=VERTEX_POINT('',#8723);
#3208=VERTEX_POINT('',#8725);
#3209=VERTEX_POINT('',#8727);
#3210=VERTEX_POINT('',#8729);
#3211=VERTEX_POINT('',#8731);
#3212=VERTEX_POINT('',#8733);
#3213=VERTEX_POINT('',#8735);
#3214=VERTEX_POINT('',#8739);
#3215=VERTEX_POINT('',#8740);
#3216=VERTEX_POINT('',#8742);
#3217=VERTEX_POINT('',#8746);
#3218=VERTEX_POINT('',#8747);
#3219=VERTEX_POINT('',#8749);
#3220=VERTEX_POINT('',#8751);
#3221=VERTEX_POINT('',#8755);
#3222=VERTEX_POINT('',#8756);
#3223=VERTEX_POINT('',#8759);
#3224=VERTEX_POINT('',#8764);
#3225=VERTEX_POINT('',#8766);
#3226=VERTEX_POINT('',#8769);
#3227=VERTEX_POINT('',#8773);
#3228=VERTEX_POINT('',#8775);
#3229=VERTEX_POINT('',#8777);
#3230=VERTEX_POINT('',#8780);
#3231=VERTEX_POINT('',#8782);
#3232=VERTEX_POINT('',#8785);
#3233=VERTEX_POINT('',#8789);
#3234=VERTEX_POINT('',#8790);
#3235=VERTEX_POINT('',#8792);
#3236=VERTEX_POINT('',#8794);
#3237=VERTEX_POINT('',#8797);
#3238=VERTEX_POINT('',#8798);
#3239=VERTEX_POINT('',#8800);
#3240=VERTEX_POINT('',#8802);
#3241=VERTEX_POINT('',#8806);
#3242=VERTEX_POINT('',#8808);
#3243=VERTEX_POINT('',#8810);
#3244=VERTEX_POINT('',#8812);
#3245=VERTEX_POINT('',#8814);
#3246=VERTEX_POINT('',#8823);
#3247=VERTEX_POINT('',#8827);
#3248=VERTEX_POINT('',#8828);
#3249=VERTEX_POINT('',#8831);
#3250=VERTEX_POINT('',#8833);
#3251=VERTEX_POINT('',#8838);
#3252=VERTEX_POINT('',#8839);
#3253=VERTEX_POINT('',#8841);
#3254=VERTEX_POINT('',#8843);
#3255=VERTEX_POINT('',#8846);
#3256=VERTEX_POINT('',#8847);
#3257=VERTEX_POINT('',#8849);
#3258=VERTEX_POINT('',#8851);
#3259=VERTEX_POINT('',#8853);
#3260=VERTEX_POINT('',#8855);
#3261=VERTEX_POINT('',#8857);
#3262=VERTEX_POINT('',#8859);
#3263=VERTEX_POINT('',#8861);
#3264=VERTEX_POINT('',#8863);
#3265=VERTEX_POINT('',#8865);
#3266=VERTEX_POINT('',#8867);
#3267=VERTEX_POINT('',#8869);
#3268=VERTEX_POINT('',#8871);
#3269=VERTEX_POINT('',#8873);
#3270=VERTEX_POINT('',#8875);
#3271=VERTEX_POINT('',#8880);
#3272=VERTEX_POINT('',#8881);
#3273=VERTEX_POINT('',#8883);
#3274=VERTEX_POINT('',#8885);
#3275=VERTEX_POINT('',#8890);
#3276=VERTEX_POINT('',#8891);
#3277=VERTEX_POINT('',#8896);
#3278=VERTEX_POINT('',#8897);
#3279=VERTEX_POINT('',#8902);
#3280=VERTEX_POINT('',#8903);
#3281=VERTEX_POINT('',#8908);
#3282=VERTEX_POINT('',#8909);
#3283=VERTEX_POINT('',#8918);
#3284=VERTEX_POINT('',#8935);
#3285=VERTEX_POINT('',#8938);
#3286=VERTEX_POINT('',#8940);
#3287=VERTEX_POINT('',#8942);
#3288=VERTEX_POINT('',#8946);
#3289=VERTEX_POINT('',#8948);
#3290=VERTEX_POINT('',#8951);
#3291=VERTEX_POINT('',#8953);
#3292=VERTEX_POINT('',#8956);
#3293=VERTEX_POINT('',#8960);
#3294=VERTEX_POINT('',#8965);
#3295=VERTEX_POINT('',#8966);
#3296=VERTEX_POINT('',#8982);
#3297=VERTEX_POINT('',#8984);
#3298=VERTEX_POINT('',#8988);
#3299=VERTEX_POINT('',#8992);
#3300=VERTEX_POINT('',#9075);
#3301=VERTEX_POINT('',#9079);
#3302=VERTEX_POINT('',#9087);
#3303=VERTEX_POINT('',#9091);
#3304=VERTEX_POINT('',#9097);
#3305=VERTEX_POINT('',#9101);
#3306=VERTEX_POINT('',#9118);
#3307=VERTEX_POINT('',#9122);
#3308=VERTEX_POINT('',#9129);
#3309=VERTEX_POINT('',#9133);
#3310=VERTEX_POINT('',#9157);
#3311=VERTEX_POINT('',#9167);
#3312=VERTEX_POINT('',#9179);
#3313=VERTEX_POINT('',#9183);
#3314=VERTEX_POINT('',#9187);
#3315=VERTEX_POINT('',#9188);
#3316=VERTEX_POINT('',#9214);
#3317=VERTEX_POINT('',#9230);
#3318=VERTEX_POINT('',#9232);
#3319=VERTEX_POINT('',#9241);
#3320=VERTEX_POINT('',#9247);
#3321=VERTEX_POINT('',#9248);
#3322=VERTEX_POINT('',#9256);
#3323=VERTEX_POINT('',#9258);
#3324=VERTEX_POINT('',#9260);
#3325=VERTEX_POINT('',#9264);
#3326=VERTEX_POINT('',#9265);
#3327=VERTEX_POINT('',#9267);
#3328=VERTEX_POINT('',#9305);
#3329=VERTEX_POINT('',#9310);
#3330=VERTEX_POINT('',#9321);
#3331=VERTEX_POINT('',#9335);
#3332=VERTEX_POINT('',#9342);
#3333=VERTEX_POINT('',#9346);
#3334=VERTEX_POINT('',#9350);
#3335=VERTEX_POINT('',#9361);
#3336=VERTEX_POINT('',#9362);
#3337=VERTEX_POINT('',#9367);
#3338=VERTEX_POINT('',#9369);
#3339=VERTEX_POINT('',#9382);
#3340=VERTEX_POINT('',#9383);
#3341=VERTEX_POINT('',#9400);
#3342=VERTEX_POINT('',#9401);
#3343=VERTEX_POINT('',#9411);
#3344=VERTEX_POINT('',#9412);
#3345=VERTEX_POINT('',#9417);
#3346=VERTEX_POINT('',#9418);
#3347=VERTEX_POINT('',#9423);
#3348=VERTEX_POINT('',#9424);
#3349=VERTEX_POINT('',#9456);
#3350=VERTEX_POINT('',#9457);
#3351=VERTEX_POINT('',#9459);
#3352=VERTEX_POINT('',#9461);
#3353=VERTEX_POINT('',#9466);
#3354=VERTEX_POINT('',#9471);
#3355=VERTEX_POINT('',#9476);
#3356=VERTEX_POINT('',#9482);
#3357=VERTEX_POINT('',#9483);
#3358=VERTEX_POINT('',#9485);
#3359=VERTEX_POINT('',#9487);
#3360=VERTEX_POINT('',#9492);
#3361=VERTEX_POINT('',#9497);
#3362=VERTEX_POINT('',#9502);
#3363=VERTEX_POINT('',#9510);
#3364=VERTEX_POINT('',#9512);
#3365=VERTEX_POINT('',#9516);
#3366=VERTEX_POINT('',#9520);
#3367=VERTEX_POINT('',#9526);
#3368=VERTEX_POINT('',#9527);
#3369=VERTEX_POINT('',#9529);
#3370=VERTEX_POINT('',#9531);
#3371=VERTEX_POINT('',#9535);
#3372=VERTEX_POINT('',#9537);
#3373=VERTEX_POINT('',#9541);
#3374=VERTEX_POINT('',#9543);
#3375=VERTEX_POINT('',#9547);
#3376=VERTEX_POINT('',#9549);
#3377=VERTEX_POINT('',#9553);
#3378=VERTEX_POINT('',#9555);
#3379=VERTEX_POINT('',#9559);
#3380=VERTEX_POINT('',#9560);
#3381=VERTEX_POINT('',#9562);
#3382=VERTEX_POINT('',#9564);
#3383=VERTEX_POINT('',#9566);
#3384=VERTEX_POINT('',#9568);
#3385=VERTEX_POINT('',#9570);
#3386=VERTEX_POINT('',#9572);
#3387=VERTEX_POINT('',#9734);
#3388=VERTEX_POINT('',#9735);
#3389=VERTEX_POINT('',#9737);
#3390=VERTEX_POINT('',#9739);
#3391=VERTEX_POINT('',#9743);
#3392=VERTEX_POINT('',#9744);
#3393=VERTEX_POINT('',#9746);
#3394=VERTEX_POINT('',#9748);
#3395=VERTEX_POINT('',#9750);
#3396=VERTEX_POINT('',#9752);
#3397=VERTEX_POINT('',#9756);
#3398=VERTEX_POINT('',#9757);
#3399=VERTEX_POINT('',#9759);
#3400=VERTEX_POINT('',#9761);
#3401=VERTEX_POINT('',#9763);
#3402=VERTEX_POINT('',#9765);
#3403=VERTEX_POINT('',#9767);
#3404=VERTEX_POINT('',#9769);
#3405=VERTEX_POINT('',#9771);
#3406=VERTEX_POINT('',#9773);
#3407=VERTEX_POINT('',#9775);
#3408=VERTEX_POINT('',#9778);
#3409=VERTEX_POINT('',#9779);
#3410=VERTEX_POINT('',#9781);
#3411=VERTEX_POINT('',#9783);
#3412=VERTEX_POINT('',#9785);
#3413=VERTEX_POINT('',#9787);
#3414=VERTEX_POINT('',#9789);
#3415=VERTEX_POINT('',#9791);
#3416=VERTEX_POINT('',#9794);
#3417=VERTEX_POINT('',#9795);
#3418=VERTEX_POINT('',#9797);
#3419=VERTEX_POINT('',#9799);
#3420=VERTEX_POINT('',#9801);
#3421=VERTEX_POINT('',#9804);
#3422=VERTEX_POINT('',#9806);
#3423=VERTEX_POINT('',#9808);
#3424=VERTEX_POINT('',#9810);
#3425=VERTEX_POINT('',#9812);
#3426=VERTEX_POINT('',#9814);
#3427=VERTEX_POINT('',#9816);
#3428=VERTEX_POINT('',#9818);
#3429=VERTEX_POINT('',#9820);
#3430=VERTEX_POINT('',#9822);
#3431=VERTEX_POINT('',#9824);
#3432=VERTEX_POINT('',#9826);
#3433=VERTEX_POINT('',#9828);
#3434=VERTEX_POINT('',#9830);
#3435=VERTEX_POINT('',#9832);
#3436=VERTEX_POINT('',#9834);
#3437=VERTEX_POINT('',#9836);
#3438=VERTEX_POINT('',#9840);
#3439=VERTEX_POINT('',#9842);
#3440=VERTEX_POINT('',#9844);
#3441=VERTEX_POINT('',#9846);
#3442=VERTEX_POINT('',#9848);
#3443=VERTEX_POINT('',#9855);
#3444=VERTEX_POINT('',#9856);
#3445=VERTEX_POINT('',#9861);
#3446=VERTEX_POINT('',#9862);
#3447=VERTEX_POINT('',#9864);
#3448=VERTEX_POINT('',#9866);
#3449=VERTEX_POINT('',#9869);
#3450=VERTEX_POINT('',#9871);
#3451=VERTEX_POINT('',#9873);
#3452=VERTEX_POINT('',#9875);
#3453=VERTEX_POINT('',#9877);
#3454=VERTEX_POINT('',#9879);
#3455=VERTEX_POINT('',#9881);
#3456=VERTEX_POINT('',#9883);
#3457=VERTEX_POINT('',#9885);
#3458=VERTEX_POINT('',#9887);
#3459=VERTEX_POINT('',#9890);
#3460=VERTEX_POINT('',#9891);
#3461=VERTEX_POINT('',#9893);
#3462=VERTEX_POINT('',#9895);
#3463=VERTEX_POINT('',#9897);
#3464=VERTEX_POINT('',#9899);
#3465=VERTEX_POINT('',#9901);
#3466=VERTEX_POINT('',#9903);
#3467=VERTEX_POINT('',#9906);
#3468=VERTEX_POINT('',#9907);
#3469=VERTEX_POINT('',#9910);
#3470=VERTEX_POINT('',#9912);
#3471=VERTEX_POINT('',#9914);
#3472=VERTEX_POINT('',#9916);
#3473=VERTEX_POINT('',#9918);
#3474=VERTEX_POINT('',#9920);
#3475=VERTEX_POINT('',#9922);
#3476=VERTEX_POINT('',#9929);
#3477=VERTEX_POINT('',#9930);
#3478=VERTEX_POINT('',#9932);
#3479=VERTEX_POINT('',#9934);
#3480=VERTEX_POINT('',#9938);
#3481=VERTEX_POINT('',#9940);
#3482=VERTEX_POINT('',#9947);
#3483=VERTEX_POINT('',#9951);
#3484=VERTEX_POINT('',#9953);
#3485=VERTEX_POINT('',#9959);
#3486=VERTEX_POINT('',#9963);
#3487=VERTEX_POINT('',#9964);
#3488=VERTEX_POINT('',#9966);
#3489=VERTEX_POINT('',#9968);
#3490=VERTEX_POINT('',#9970);
#3491=VERTEX_POINT('',#9974);
#3492=VERTEX_POINT('',#9975);
#3493=VERTEX_POINT('',#9977);
#3494=VERTEX_POINT('',#9979);
#3495=VERTEX_POINT('',#9981);
#3496=VERTEX_POINT('',#9983);
#3497=VERTEX_POINT('',#9987);
#3498=VERTEX_POINT('',#9988);
#3499=VERTEX_POINT('',#9990);
#3500=VERTEX_POINT('',#9992);
#3501=VERTEX_POINT('',#10000);
#3502=VERTEX_POINT('',#10001);
#3503=VERTEX_POINT('',#10006);
#3504=VERTEX_POINT('',#10008);
#3505=VERTEX_POINT('',#10010);
#3506=VERTEX_POINT('',#10014);
#3507=VERTEX_POINT('',#10016);
#3508=VERTEX_POINT('',#10019);
#3509=VERTEX_POINT('',#10021);
#3510=VERTEX_POINT('',#10023);
#3511=VERTEX_POINT('',#10025);
#3512=VERTEX_POINT('',#10029);
#3513=VERTEX_POINT('',#10031);
#3514=VERTEX_POINT('',#10036);
#3515=VERTEX_POINT('',#10038);
#3516=VERTEX_POINT('',#10040);
#3517=VERTEX_POINT('',#10042);
#3518=VERTEX_POINT('',#10045);
#3519=VERTEX_POINT('',#10047);
#3520=VERTEX_POINT('',#10051);
#3521=VERTEX_POINT('',#10055);
#3522=VERTEX_POINT('',#10059);
#3523=VERTEX_POINT('',#10060);
#3524=VERTEX_POINT('',#10068);
#3525=VERTEX_POINT('',#10069);
#3526=VERTEX_POINT('',#10071);
#3527=VERTEX_POINT('',#10076);
#3528=VERTEX_POINT('',#10078);
#3529=VERTEX_POINT('',#10080);
#3530=VERTEX_POINT('',#10087);
#3531=VERTEX_POINT('',#10088);
#3532=VERTEX_POINT('',#10090);
#3533=VERTEX_POINT('',#10095);
#3534=VERTEX_POINT('',#10097);
#3535=VERTEX_POINT('',#10099);
#3536=VERTEX_POINT('',#10106);
#3537=VERTEX_POINT('',#10108);
#3538=VERTEX_POINT('',#10112);
#3539=VERTEX_POINT('',#10113);
#3540=VERTEX_POINT('',#10122);
#3541=VERTEX_POINT('',#10124);
#3542=VERTEX_POINT('',#10128);
#3543=VERTEX_POINT('',#10129);
#3544=VERTEX_POINT('',#10200);
#3545=VERTEX_POINT('',#10204);
#3546=VERTEX_POINT('',#10206);
#3547=LINE('',#8230,#4184);
#3548=LINE('',#8233,#4185);
#3549=LINE('',#8235,#4186);
#3550=LINE('',#8237,#4187);
#3551=LINE('',#8247,#4188);
#3552=LINE('',#8249,#4189);
#3553=LINE('',#8251,#4190);
#3554=LINE('',#8260,#4191);
#3555=LINE('',#8263,#4192);
#3556=LINE('',#8265,#4193);
#3557=LINE('',#8267,#4194);
#3558=LINE('',#8269,#4195);
#3559=LINE('',#8271,#4196);
#3560=LINE('',#8273,#4197);
#3561=LINE('',#8277,#4198);
#3562=LINE('',#8279,#4199);
#3563=LINE('',#8281,#4200);
#3564=LINE('',#8283,#4201);
#3565=LINE('',#8285,#4202);
#3566=LINE('',#8288,#4203);
#3567=LINE('',#8293,#4204);
#3568=LINE('',#8297,#4205);
#3569=LINE('',#8301,#4206);
#3570=LINE('',#8305,#4207);
#3571=LINE('',#8308,#4208);
#3572=LINE('',#8310,#4209);
#3573=LINE('',#8312,#4210);
#3574=LINE('',#8314,#4211);
#3575=LINE('',#8316,#4212);
#3576=LINE('',#8318,#4213);
#3577=LINE('',#8321,#4214);
#3578=LINE('',#8323,#4215);
#3579=LINE('',#8325,#4216);
#3580=LINE('',#8327,#4217);
#3581=LINE('',#8329,#4218);
#3582=LINE('',#8331,#4219);
#3583=LINE('',#8333,#4220);
#3584=LINE('',#8335,#4221);
#3585=LINE('',#8338,#4222);
#3586=LINE('',#8340,#4223);
#3587=LINE('',#8342,#4224);
#3588=LINE('',#8344,#4225);
#3589=LINE('',#8346,#4226);
#3590=LINE('',#8348,#4227);
#3591=LINE('',#8351,#4228);
#3592=LINE('',#8353,#4229);
#3593=LINE('',#8357,#4230);
#3594=LINE('',#8359,#4231);
#3595=LINE('',#8361,#4232);
#3596=LINE('',#8363,#4233);
#3597=LINE('',#8365,#4234);
#3598=LINE('',#8367,#4235);
#3599=LINE('',#8369,#4236);
#3600=LINE('',#8371,#4237);
#3601=LINE('',#8373,#4238);
#3602=LINE('',#8376,#4239);
#3603=LINE('',#8378,#4240);
#3604=LINE('',#8380,#4241);
#3605=LINE('',#8382,#4242);
#3606=LINE('',#8384,#4243);
#3607=LINE('',#8386,#4244);
#3608=LINE('',#8388,#4245);
#3609=LINE('',#8390,#4246);
#3610=LINE('',#8392,#4247);
#3611=LINE('',#8394,#4248);
#3612=LINE('',#8396,#4249);
#3613=LINE('',#8398,#4250);
#3614=LINE('',#8403,#4251);
#3615=LINE('',#8404,#4252);
#3616=LINE('',#8408,#4253);
#3617=LINE('',#8410,#4254);
#3618=LINE('',#8412,#4255);
#3619=LINE('',#8415,#4256);
#3620=LINE('',#8417,#4257);
#3621=LINE('',#8419,#4258);
#3622=LINE('',#8421,#4259);
#3623=LINE('',#8423,#4260);
#3624=LINE('',#8432,#4261);
#3625=LINE('',#8434,#4262);
#3626=LINE('',#8436,#4263);
#3627=LINE('',#8440,#4264);
#3628=LINE('',#8444,#4265);
#3629=LINE('',#8448,#4266);
#3630=LINE('',#8452,#4267);
#3631=LINE('',#8454,#4268);
#3632=LINE('',#8456,#4269);
#3633=LINE('',#8459,#4270);
#3634=LINE('',#8461,#4271);
#3635=LINE('',#8463,#4272);
#3636=LINE('',#8465,#4273);
#3637=LINE('',#8469,#4274);
#3638=LINE('',#8473,#4275);
#3639=LINE('',#8476,#4276);
#3640=LINE('',#8479,#4277);
#3641=LINE('',#8481,#4278);
#3642=LINE('',#8483,#4279);
#3643=LINE('',#8485,#4280);
#3644=LINE('',#8487,#4281);
#3645=LINE('',#8489,#4282);
#3646=LINE('',#8491,#4283);
#3647=LINE('',#8493,#4284);
#3648=LINE('',#8495,#4285);
#3649=LINE('',#8497,#4286);
#3650=LINE('',#8499,#4287);
#3651=LINE('',#8501,#4288);
#3652=LINE('',#8503,#4289);
#3653=LINE('',#8505,#4290);
#3654=LINE('',#8507,#4291);
#3655=LINE('',#8508,#4292);
#3656=LINE('',#8510,#4293);
#3657=LINE('',#8512,#4294);
#3658=LINE('',#8514,#4295);
#3659=LINE('',#8516,#4296);
#3660=LINE('',#8518,#4297);
#3661=LINE('',#8520,#4298);
#3662=LINE('',#8522,#4299);
#3663=LINE('',#8525,#4300);
#3664=LINE('',#8527,#4301);
#3665=LINE('',#8531,#4302);
#3666=LINE('',#8535,#4303);
#3667=LINE('',#8537,#4304);
#3668=LINE('',#8539,#4305);
#3669=LINE('',#8541,#4306);
#3670=LINE('',#8543,#4307);
#3671=LINE('',#8545,#4308);
#3672=LINE('',#8547,#4309);
#3673=LINE('',#8550,#4310);
#3674=LINE('',#8554,#4311);
#3675=LINE('',#8557,#4312);
#3676=LINE('',#8559,#4313);
#3677=LINE('',#8561,#4314);
#3678=LINE('',#8563,#4315);
#3679=LINE('',#8567,#4316);
#3680=LINE('',#8571,#4317);
#3681=LINE('',#8573,#4318);
#3682=LINE('',#8575,#4319);
#3683=LINE('',#8577,#4320);
#3684=LINE('',#8579,#4321);
#3685=LINE('',#8581,#4322);
#3686=LINE('',#8583,#4323);
#3687=LINE('',#8585,#4324);
#3688=LINE('',#8587,#4325);
#3689=LINE('',#8589,#4326);
#3690=LINE('',#8591,#4327);
#3691=LINE('',#8593,#4328);
#3692=LINE('',#8596,#4329);
#3693=LINE('',#8597,#4330);
#3694=LINE('',#8599,#4331);
#3695=LINE('',#8601,#4332);
#3696=LINE('',#8607,#4333);
#3697=LINE('',#8609,#4334);
#3698=LINE('',#8612,#4335);
#3699=LINE('',#8614,#4336);
#3700=LINE('',#8618,#4337);
#3701=LINE('',#8622,#4338);
#3702=LINE('',#8624,#4339);
#3703=LINE('',#8625,#4340);
#3704=LINE('',#8627,#4341);
#3705=LINE('',#8629,#4342);
#3706=LINE('',#8631,#4343);
#3707=LINE('',#8632,#4344);
#3708=LINE('',#8634,#4345);
#3709=LINE('',#8636,#4346);
#3710=LINE('',#8640,#4347);
#3711=LINE('',#8642,#4348);
#3712=LINE('',#8646,#4349);
#3713=LINE('',#8650,#4350);
#3714=LINE('',#8652,#4351);
#3715=LINE('',#8654,#4352);
#3716=LINE('',#8658,#4353);
#3717=LINE('',#8659,#4354);
#3718=LINE('',#8664,#4355);
#3719=LINE('',#8668,#4356);
#3720=LINE('',#8672,#4357);
#3721=LINE('',#8677,#4358);
#3722=LINE('',#8681,#4359);
#3723=LINE('',#8685,#4360);
#3724=LINE('',#8687,#4361);
#3725=LINE('',#8689,#4362);
#3726=LINE('',#8691,#4363);
#3727=LINE('',#8693,#4364);
#3728=LINE('',#8695,#4365);
#3729=LINE('',#8697,#4366);
#3730=LINE('',#8699,#4367);
#3731=LINE('',#8701,#4368);
#3732=LINE('',#8704,#4369);
#3733=LINE('',#8708,#4370);
#3734=LINE('',#8710,#4371);
#3735=LINE('',#8712,#4372);
#3736=LINE('',#8714,#4373);
#3737=LINE('',#8717,#4374);
#3738=LINE('',#8719,#4375);
#3739=LINE('',#8721,#4376);
#3740=LINE('',#8724,#4377);
#3741=LINE('',#8726,#4378);
#3742=LINE('',#8728,#4379);
#3743=LINE('',#8730,#4380);
#3744=LINE('',#8732,#4381);
#3745=LINE('',#8734,#4382);
#3746=LINE('',#8736,#4383);
#3747=LINE('',#8738,#4384);
#3748=LINE('',#8741,#4385);
#3749=LINE('',#8743,#4386);
#3750=LINE('',#8745,#4387);
#3751=LINE('',#8748,#4388);
#3752=LINE('',#8750,#4389);
#3753=LINE('',#8752,#4390);
#3754=LINE('',#8754,#4391);
#3755=LINE('',#8765,#4392);
#3756=LINE('',#8772,#4393);
#3757=LINE('',#8774,#4394);
#3758=LINE('',#8776,#4395);
#3759=LINE('',#8778,#4396);
#3760=LINE('',#8779,#4397);
#3761=LINE('',#8781,#4398);
#3762=LINE('',#8783,#4399);
#3763=LINE('',#8784,#4400);
#3764=LINE('',#8786,#4401);
#3765=LINE('',#8788,#4402);
#3766=LINE('',#8791,#4403);
#3767=LINE('',#8793,#4404);
#3768=LINE('',#8795,#4405);
#3769=LINE('',#8796,#4406);
#3770=LINE('',#8799,#4407);
#3771=LINE('',#8801,#4408);
#3772=LINE('',#8803,#4409);
#3773=LINE('',#8807,#4410);
#3774=LINE('',#8809,#4411);
#3775=LINE('',#8811,#4412);
#3776=LINE('',#8813,#4413);
#3777=LINE('',#8815,#4414);
#3778=LINE('',#8820,#4415);
#3779=LINE('',#8821,#4416);
#3780=LINE('',#8822,#4417);
#3781=LINE('',#8824,#4418);
#3782=LINE('',#8830,#4419);
#3783=LINE('',#8832,#4420);
#3784=LINE('',#8834,#4421);
#3785=LINE('',#8848,#4422);
#3786=LINE('',#8850,#4423);
#3787=LINE('',#8854,#4424);
#3788=LINE('',#8856,#4425);
#3789=LINE('',#8860,#4426);
#3790=LINE('',#8864,#4427);
#3791=LINE('',#8866,#4428);
#3792=LINE('',#8870,#4429);
#3793=LINE('',#8872,#4430);
#3794=LINE('',#8876,#4431);
#3795=LINE('',#8877,#4432);
#3796=LINE('',#8878,#4433);
#3797=LINE('',#8889,#4434);
#3798=LINE('',#8892,#4435);
#3799=LINE('',#8893,#4436);
#3800=LINE('',#8895,#4437);
#3801=LINE('',#8901,#4438);
#3802=LINE('',#8904,#4439);
#3803=LINE('',#8905,#4440);
#3804=LINE('',#8907,#4441);
#3805=LINE('',#8913,#4442);
#3806=LINE('',#8914,#4443);
#3807=LINE('',#8929,#4444);
#3808=LINE('',#8931,#4445);
#3809=LINE('',#8932,#4446);
#3810=LINE('',#8934,#4447);
#3811=LINE('',#8936,#4448);
#3812=LINE('',#8937,#4449);
#3813=LINE('',#8939,#4450);
#3814=LINE('',#8943,#4451);
#3815=LINE('',#8955,#4452);
#3816=LINE('',#8957,#4453);
#3817=LINE('',#8958,#4454);
#3818=LINE('',#8962,#4455);
#3819=LINE('',#8964,#4456);
#3820=LINE('',#8967,#4457);
#3821=LINE('',#8968,#4458);
#3822=LINE('',#8969,#4459);
#3823=LINE('',#8970,#4460);
#3824=LINE('',#8971,#4461);
#3825=LINE('',#8973,#4462);
#3826=LINE('',#8975,#4463);
#3827=LINE('',#8976,#4464);
#3828=LINE('',#8978,#4465);
#3829=LINE('',#8979,#4466);
#3830=LINE('',#8981,#4467);
#3831=LINE('',#8983,#4468);
#3832=LINE('',#8985,#4469);
#3833=LINE('',#8987,#4470);
#3834=LINE('',#8989,#4471);
#3835=LINE('',#8991,#4472);
#3836=LINE('',#8993,#4473);
#3837=LINE('',#8995,#4474);
#3838=LINE('',#8998,#4475);
#3839=LINE('',#8999,#4476);
#3840=LINE('',#9001,#4477);
#3841=LINE('',#9002,#4478);
#3842=LINE('',#9005,#4479);
#3843=LINE('',#9006,#4480);
#3844=LINE('',#9008,#4481);
#3845=LINE('',#9010,#4482);
#3846=LINE('',#9013,#4483);
#3847=LINE('',#9015,#4484);
#3848=LINE('',#9020,#4485);
#3849=LINE('',#9022,#4486);
#3850=LINE('',#9027,#4487);
#3851=LINE('',#9030,#4488);
#3852=LINE('',#9032,#4489);
#3853=LINE('',#9033,#4490);
#3854=LINE('',#9041,#4491);
#3855=LINE('',#9043,#4492);
#3856=LINE('',#9045,#4493);
#3857=LINE('',#9047,#4494);
#3858=LINE('',#9049,#4495);
#3859=LINE('',#9051,#4496);
#3860=LINE('',#9053,#4497);
#3861=LINE('',#9055,#4498);
#3862=LINE('',#9058,#4499);
#3863=LINE('',#9059,#4500);
#3864=LINE('',#9061,#4501);
#3865=LINE('',#9063,#4502);
#3866=LINE('',#9065,#4503);
#3867=LINE('',#9067,#4504);
#3868=LINE('',#9069,#4505);
#3869=LINE('',#9071,#4506);
#3870=LINE('',#9074,#4507);
#3871=LINE('',#9076,#4508);
#3872=LINE('',#9078,#4509);
#3873=LINE('',#9080,#4510);
#3874=LINE('',#9082,#4511);
#3875=LINE('',#9084,#4512);
#3876=LINE('',#9086,#4513);
#3877=LINE('',#9088,#4514);
#3878=LINE('',#9090,#4515);
#3879=LINE('',#9092,#4516);
#3880=LINE('',#9094,#4517);
#3881=LINE('',#9096,#4518);
#3882=LINE('',#9098,#4519);
#3883=LINE('',#9100,#4520);
#3884=LINE('',#9102,#4521);
#3885=LINE('',#9104,#4522);
#3886=LINE('',#9106,#4523);
#3887=LINE('',#9108,#4524);
#3888=LINE('',#9110,#4525);
#3889=LINE('',#9112,#4526);
#3890=LINE('',#9114,#4527);
#3891=LINE('',#9117,#4528);
#3892=LINE('',#9119,#4529);
#3893=LINE('',#9123,#4530);
#3894=LINE('',#9125,#4531);
#3895=LINE('',#9128,#4532);
#3896=LINE('',#9130,#4533);
#3897=LINE('',#9134,#4534);
#3898=LINE('',#9136,#4535);
#3899=LINE('',#9141,#4536);
#3900=LINE('',#9143,#4537);
#3901=LINE('',#9144,#4538);
#3902=LINE('',#9146,#4539);
#3903=LINE('',#9147,#4540);
#3904=LINE('',#9148,#4541);
#3905=LINE('',#9165,#4542);
#3906=LINE('',#9166,#4543);
#3907=LINE('',#9168,#4544);
#3908=LINE('',#9170,#4545);
#3909=LINE('',#9172,#4546);
#3910=LINE('',#9174,#4547);
#3911=LINE('',#9176,#4548);
#3912=LINE('',#9178,#4549);
#3913=LINE('',#9180,#4550);
#3914=LINE('',#9182,#4551);
#3915=LINE('',#9184,#4552);
#3916=LINE('',#9186,#4553);
#3917=LINE('',#9189,#4554);
#3918=LINE('',#9190,#4555);
#3919=LINE('',#9191,#4556);
#3920=LINE('',#9193,#4557);
#3921=LINE('',#9195,#4558);
#3922=LINE('',#9203,#4559);
#3923=LINE('',#9205,#4560);
#3924=LINE('',#9208,#4561);
#3925=LINE('',#9217,#4562);
#3926=LINE('',#9218,#4563);
#3927=LINE('',#9220,#4564);
#3928=LINE('',#9221,#4565);
#3929=LINE('',#9225,#4566);
#3930=LINE('',#9229,#4567);
#3931=LINE('',#9231,#4568);
#3932=LINE('',#9233,#4569);
#3933=LINE('',#9235,#4570);
#3934=LINE('',#9237,#4571);
#3935=LINE('',#9240,#4572);
#3936=LINE('',#9242,#4573);
#3937=LINE('',#9246,#4574);
#3938=LINE('',#9249,#4575);
#3939=LINE('',#9250,#4576);
#3940=LINE('',#9252,#4577);
#3941=LINE('',#9255,#4578);
#3942=LINE('',#9257,#4579);
#3943=LINE('',#9259,#4580);
#3944=LINE('',#9263,#4581);
#3945=LINE('',#9266,#4582);
#3946=LINE('',#9268,#4583);
#3947=LINE('',#9271,#4584);
#3948=LINE('',#9272,#4585);
#3949=LINE('',#9274,#4586);
#3950=LINE('',#9304,#4587);
#3951=LINE('',#9311,#4588);
#3952=LINE('',#9320,#4589);
#3953=LINE('',#9334,#4590);
#3954=LINE('',#9341,#4591);
#3955=LINE('',#9343,#4592);
#3956=LINE('',#9345,#4593);
#3957=LINE('',#9347,#4594);
#3958=LINE('',#9349,#4595);
#3959=LINE('',#9351,#4596);
#3960=LINE('',#9360,#4597);
#3961=LINE('',#9368,#4598);
#3962=LINE('',#9381,#4599);
#3963=LINE('',#9399,#4600);
#3964=LINE('',#9410,#4601);
#3965=LINE('',#9413,#4602);
#3966=LINE('',#9414,#4603);
#3967=LINE('',#9416,#4604);
#3968=LINE('',#9419,#4605);
#3969=LINE('',#9420,#4606);
#3970=LINE('',#9422,#4607);
#3971=LINE('',#9425,#4608);
#3972=LINE('',#9426,#4609);
#3973=LINE('',#9455,#4610);
#3974=LINE('',#9458,#4611);
#3975=LINE('',#9460,#4612);
#3976=LINE('',#9481,#4613);
#3977=LINE('',#9484,#4614);
#3978=LINE('',#9486,#4615);
#3979=LINE('',#9509,#4616);
#3980=LINE('',#9511,#4617);
#3981=LINE('',#9513,#4618);
#3982=LINE('',#9515,#4619);
#3983=LINE('',#9517,#4620);
#3984=LINE('',#9519,#4621);
#3985=LINE('',#9521,#4622);
#3986=LINE('',#9523,#4623);
#3987=LINE('',#9525,#4624);
#3988=LINE('',#9528,#4625);
#3989=LINE('',#9530,#4626);
#3990=LINE('',#9532,#4627);
#3991=LINE('',#9534,#4628);
#3992=LINE('',#9536,#4629);
#3993=LINE('',#9538,#4630);
#3994=LINE('',#9540,#4631);
#3995=LINE('',#9542,#4632);
#3996=LINE('',#9544,#4633);
#3997=LINE('',#9546,#4634);
#3998=LINE('',#9548,#4635);
#3999=LINE('',#9550,#4636);
#4000=LINE('',#9552,#4637);
#4001=LINE('',#9554,#4638);
#4002=LINE('',#9556,#4639);
#4003=LINE('',#9561,#4640);
#4004=LINE('',#9565,#4641);
#4005=LINE('',#9569,#4642);
#4006=LINE('',#9573,#4643);
#4007=LINE('',#9733,#4644);
#4008=LINE('',#9736,#4645);
#4009=LINE('',#9738,#4646);
#4010=LINE('',#9740,#4647);
#4011=LINE('',#9742,#4648);
#4012=LINE('',#9747,#4649);
#4013=LINE('',#9749,#4650);
#4014=LINE('',#9751,#4651);
#4015=LINE('',#9753,#4652);
#4016=LINE('',#9755,#4653);
#4017=LINE('',#9762,#4654);
#4018=LINE('',#9766,#4655);
#4019=LINE('',#9770,#4656);
#4020=LINE('',#9774,#4657);
#4021=LINE('',#9780,#4658);
#4022=LINE('',#9784,#4659);
#4023=LINE('',#9788,#4660);
#4024=LINE('',#9792,#4661);
#4025=LINE('',#9796,#4662);
#4026=LINE('',#9798,#4663);
#4027=LINE('',#9800,#4664);
#4028=LINE('',#9802,#4665);
#4029=LINE('',#9803,#4666);
#4030=LINE('',#9805,#4667);
#4031=LINE('',#9807,#4668);
#4032=LINE('',#9809,#4669);
#4033=LINE('',#9811,#4670);
#4034=LINE('',#9813,#4671);
#4035=LINE('',#9815,#4672);
#4036=LINE('',#9817,#4673);
#4037=LINE('',#9821,#4674);
#4038=LINE('',#9823,#4675);
#4039=LINE('',#9825,#4676);
#4040=LINE('',#9827,#4677);
#4041=LINE('',#9829,#4678);
#4042=LINE('',#9831,#4679);
#4043=LINE('',#9833,#4680);
#4044=LINE('',#9835,#4681);
#4045=LINE('',#9837,#4682);
#4046=LINE('',#9839,#4683);
#4047=LINE('',#9843,#4684);
#4048=LINE('',#9847,#4685);
#4049=LINE('',#9849,#4686);
#4050=LINE('',#9851,#4687);
#4051=LINE('',#9852,#4688);
#4052=LINE('',#9854,#4689);
#4053=LINE('',#9857,#4690);
#4054=LINE('',#9858,#4691);
#4055=LINE('',#9860,#4692);
#4056=LINE('',#9865,#4693);
#4057=LINE('',#9867,#4694);
#4058=LINE('',#9868,#4695);
#4059=LINE('',#9870,#4696);
#4060=LINE('',#9874,#4697);
#4061=LINE('',#9876,#4698);
#4062=LINE('',#9878,#4699);
#4063=LINE('',#9880,#4700);
#4064=LINE('',#9882,#4701);
#4065=LINE('',#9884,#4702);
#4066=LINE('',#9886,#4703);
#4067=LINE('',#9888,#4704);
#4068=LINE('',#9889,#4705);
#4069=LINE('',#9894,#4706);
#4070=LINE('',#9898,#4707);
#4071=LINE('',#9902,#4708);
#4072=LINE('',#9911,#4709);
#4073=LINE('',#9915,#4710);
#4074=LINE('',#9919,#4711);
#4075=LINE('',#9923,#4712);
#4076=LINE('',#9925,#4713);
#4077=LINE('',#9926,#4714);
#4078=LINE('',#9928,#4715);
#4079=LINE('',#9931,#4716);
#4080=LINE('',#9933,#4717);
#4081=LINE('',#9935,#4718);
#4082=LINE('',#9937,#4719);
#4083=LINE('',#9939,#4720);
#4084=LINE('',#9941,#4721);
#4085=LINE('',#9942,#4722);
#4086=LINE('',#9943,#4723);
#4087=LINE('',#9945,#4724);
#4088=LINE('',#9946,#4725);
#4089=LINE('',#9950,#4726);
#4090=LINE('',#9952,#4727);
#4091=LINE('',#9957,#4728);
#4092=LINE('',#9960,#4729);
#4093=LINE('',#9962,#4730);
#4094=LINE('',#9965,#4731);
#4095=LINE('',#9967,#4732);
#4096=LINE('',#9969,#4733);
#4097=LINE('',#9973,#4734);
#4098=LINE('',#9978,#4735);
#4099=LINE('',#9980,#4736);
#4100=LINE('',#9982,#4737);
#4101=LINE('',#9986,#4738);
#4102=LINE('',#9989,#4739);
#4103=LINE('',#9991,#4740);
#4104=LINE('',#9993,#4741);
#4105=LINE('',#9995,#4742);
#4106=LINE('',#9996,#4743);
#4107=LINE('',#9997,#4744);
#4108=LINE('',#9999,#4745);
#4109=LINE('',#10002,#4746);
#4110=LINE('',#10003,#4747);
#4111=LINE('',#10013,#4748);
#4112=LINE('',#10015,#4749);
#4113=LINE('',#10017,#4750);
#4114=LINE('',#10018,#4751);
#4115=LINE('',#10020,#4752);
#4116=LINE('',#10022,#4753);
#4117=LINE('',#10024,#4754);
#4118=LINE('',#10033,#4755);
#4119=LINE('',#10034,#4756);
#4120=LINE('',#10037,#4757);
#4121=LINE('',#10039,#4758);
#4122=LINE('',#10041,#4759);
#4123=LINE('',#10043,#4760);
#4124=LINE('',#10044,#4761);
#4125=LINE('',#10046,#4762);
#4126=LINE('',#10048,#4763);
#4127=LINE('',#10053,#4764);
#4128=LINE('',#10056,#4765);
#4129=LINE('',#10058,#4766);
#4130=LINE('',#10061,#4767);
#4131=LINE('',#10062,#4768);
#4132=LINE('',#10064,#4769);
#4133=LINE('',#10065,#4770);
#4134=LINE('',#10067,#4771);
#4135=LINE('',#10070,#4772);
#4136=LINE('',#10072,#4773);
#4137=LINE('',#10075,#4774);
#4138=LINE('',#10077,#4775);
#4139=LINE('',#10079,#4776);
#4140=LINE('',#10083,#4777);
#4141=LINE('',#10084,#4778);
#4142=LINE('',#10086,#4779);
#4143=LINE('',#10089,#4780);
#4144=LINE('',#10091,#4781);
#4145=LINE('',#10094,#4782);
#4146=LINE('',#10096,#4783);
#4147=LINE('',#10098,#4784);
#4148=LINE('',#10102,#4785);
#4149=LINE('',#10103,#4786);
#4150=LINE('',#10105,#4787);
#4151=LINE('',#10107,#4788);
#4152=LINE('',#10111,#4789);
#4153=LINE('',#10114,#4790);
#4154=LINE('',#10119,#4791);
#4155=LINE('',#10121,#4792);
#4156=LINE('',#10123,#4793);
#4157=LINE('',#10127,#4794);
#4158=LINE('',#10130,#4795);
#4159=LINE('',#10135,#4796);
#4160=LINE('',#10162,#4797);
#4161=LINE('',#10163,#4798);
#4162=LINE('',#10165,#4799);
#4163=LINE('',#10167,#4800);
#4164=LINE('',#10169,#4801);
#4165=LINE('',#10171,#4802);
#4166=LINE('',#10173,#4803);
#4167=LINE('',#10175,#4804);
#4168=LINE('',#10178,#4805);
#4169=LINE('',#10180,#4806);
#4170=LINE('',#10182,#4807);
#4171=LINE('',#10184,#4808);
#4172=LINE('',#10186,#4809);
#4173=LINE('',#10188,#4810);
#4174=LINE('',#10192,#4811);
#4175=LINE('',#10194,#4812);
#4176=LINE('',#10195,#4813);
#4177=LINE('',#10199,#4814);
#4178=LINE('',#10201,#4815);
#4179=LINE('',#10205,#4816);
#4180=LINE('',#10209,#4817);
#4181=LINE('',#10211,#4818);
#4182=LINE('',#10215,#4819);
#4183=LINE('',#10216,#4820);
#4184=VECTOR('',#6565,1.);
#4185=VECTOR('',#6566,1.);
#4186=VECTOR('',#6567,1.);
#4187=VECTOR('',#6568,1.);
#4188=VECTOR('',#6569,1.);
#4189=VECTOR('',#6570,1.);
#4190=VECTOR('',#6571,1.);
#4191=VECTOR('',#6572,1.);
#4192=VECTOR('',#6573,1.);
#4193=VECTOR('',#6574,1.);
#4194=VECTOR('',#6575,1.);
#4195=VECTOR('',#6576,1.);
#4196=VECTOR('',#6577,1.);
#4197=VECTOR('',#6578,1.);
#4198=VECTOR('',#6581,1.);
#4199=VECTOR('',#6582,1.);
#4200=VECTOR('',#6583,1.);
#4201=VECTOR('',#6584,1.);
#4202=VECTOR('',#6585,1.);
#4203=VECTOR('',#6588,1.);
#4204=VECTOR('',#6591,1.);
#4205=VECTOR('',#6594,1.);
#4206=VECTOR('',#6597,1.);
#4207=VECTOR('',#6602,1.);
#4208=VECTOR('',#6603,1.);
#4209=VECTOR('',#6604,1.);
#4210=VECTOR('',#6605,1.);
#4211=VECTOR('',#6606,1.);
#4212=VECTOR('',#6607,1.);
#4213=VECTOR('',#6610,1.);
#4214=VECTOR('',#6611,1.);
#4215=VECTOR('',#6612,1.);
#4216=VECTOR('',#6613,1.);
#4217=VECTOR('',#6614,1.);
#4218=VECTOR('',#6615,1.);
#4219=VECTOR('',#6616,1.);
#4220=VECTOR('',#6617,1.);
#4221=VECTOR('',#6620,1.);
#4222=VECTOR('',#6621,1.);
#4223=VECTOR('',#6622,1.);
#4224=VECTOR('',#6623,1.);
#4225=VECTOR('',#6624,1.);
#4226=VECTOR('',#6625,1.);
#4227=VECTOR('',#6628,1.);
#4228=VECTOR('',#6629,1.);
#4229=VECTOR('',#6630,1.);
#4230=VECTOR('',#6633,1.);
#4231=VECTOR('',#6634,1.);
#4232=VECTOR('',#6635,1.);
#4233=VECTOR('',#6636,1.);
#4234=VECTOR('',#6637,1.);
#4235=VECTOR('',#6638,1.);
#4236=VECTOR('',#6639,1.);
#4237=VECTOR('',#6640,1.);
#4238=VECTOR('',#6643,1.);
#4239=VECTOR('',#6644,1.);
#4240=VECTOR('',#6645,1.);
#4241=VECTOR('',#6646,1.);
#4242=VECTOR('',#6647,1.);
#4243=VECTOR('',#6648,1.);
#4244=VECTOR('',#6649,1.);
#4245=VECTOR('',#6650,1.);
#4246=VECTOR('',#6651,1.);
#4247=VECTOR('',#6652,1.);
#4248=VECTOR('',#6653,1.);
#4249=VECTOR('',#6654,1.);
#4250=VECTOR('',#6655,1.);
#4251=VECTOR('',#6660,1.);
#4252=VECTOR('',#6661,1.);
#4253=VECTOR('',#6664,1.);
#4254=VECTOR('',#6665,1.);
#4255=VECTOR('',#6668,1.);
#4256=VECTOR('',#6669,1.);
#4257=VECTOR('',#6670,1.);
#4258=VECTOR('',#6671,1.);
#4259=VECTOR('',#6672,1.);
#4260=VECTOR('',#6673,1.);
#4261=VECTOR('',#6684,1.);
#4262=VECTOR('',#6685,1.);
#4263=VECTOR('',#6686,1.);
#4264=VECTOR('',#6689,1.);
#4265=VECTOR('',#6692,1.);
#4266=VECTOR('',#6695,1.);
#4267=VECTOR('',#6698,1.);
#4268=VECTOR('',#6699,1.);
#4269=VECTOR('',#6700,1.);
#4270=VECTOR('',#6703,1.);
#4271=VECTOR('',#6704,1.);
#4272=VECTOR('',#6705,1.);
#4273=VECTOR('',#6706,1.);
#4274=VECTOR('',#6709,1.);
#4275=VECTOR('',#6714,1.);
#4276=VECTOR('',#6715,1.);
#4277=VECTOR('',#6718,1.);
#4278=VECTOR('',#6719,1.);
#4279=VECTOR('',#6720,1.);
#4280=VECTOR('',#6721,1.);
#4281=VECTOR('',#6722,1.);
#4282=VECTOR('',#6723,1.);
#4283=VECTOR('',#6724,1.);
#4284=VECTOR('',#6725,1.);
#4285=VECTOR('',#6726,1.);
#4286=VECTOR('',#6727,1.);
#4287=VECTOR('',#6728,1.);
#4288=VECTOR('',#6729,1.);
#4289=VECTOR('',#6730,1.);
#4290=VECTOR('',#6731,1.);
#4291=VECTOR('',#6732,1.);
#4292=VECTOR('',#6733,1.);
#4293=VECTOR('',#6736,1.);
#4294=VECTOR('',#6737,1.);
#4295=VECTOR('',#6738,1.);
#4296=VECTOR('',#6741,1.);
#4297=VECTOR('',#6742,1.);
#4298=VECTOR('',#6743,1.);
#4299=VECTOR('',#6746,1.);
#4300=VECTOR('',#6747,1.);
#4301=VECTOR('',#6748,1.);
#4302=VECTOR('',#6751,1.);
#4303=VECTOR('',#6756,1.);
#4304=VECTOR('',#6757,1.);
#4305=VECTOR('',#6758,1.);
#4306=VECTOR('',#6759,1.);
#4307=VECTOR('',#6760,1.);
#4308=VECTOR('',#6761,1.);
#4309=VECTOR('',#6764,1.);
#4310=VECTOR('',#6767,1.);
#4311=VECTOR('',#6770,1.);
#4312=VECTOR('',#6773,1.);
#4313=VECTOR('',#6774,1.);
#4314=VECTOR('',#6775,1.);
#4315=VECTOR('',#6776,1.);
#4316=VECTOR('',#6779,1.);
#4317=VECTOR('',#6782,1.);
#4318=VECTOR('',#6783,1.);
#4319=VECTOR('',#6784,1.);
#4320=VECTOR('',#6785,1.);
#4321=VECTOR('',#6786,1.);
#4322=VECTOR('',#6787,1.);
#4323=VECTOR('',#6788,1.);
#4324=VECTOR('',#6789,1.);
#4325=VECTOR('',#6790,1.);
#4326=VECTOR('',#6791,1.);
#4327=VECTOR('',#6792,1.);
#4328=VECTOR('',#6795,1.);
#4329=VECTOR('',#6796,1.);
#4330=VECTOR('',#6797,1.);
#4331=VECTOR('',#6798,1.);
#4332=VECTOR('',#6801,1.);
#4333=VECTOR('',#6806,1.);
#4334=VECTOR('',#6807,1.);
#4335=VECTOR('',#6810,1.);
#4336=VECTOR('',#6811,1.);
#4337=VECTOR('',#6814,1.);
#4338=VECTOR('',#6817,1.);
#4339=VECTOR('',#6820,1.);
#4340=VECTOR('',#6821,1.);
#4341=VECTOR('',#6822,1.);
#4342=VECTOR('',#6823,1.);
#4343=VECTOR('',#6826,1.);
#4344=VECTOR('',#6827,1.);
#4345=VECTOR('',#6828,1.);
#4346=VECTOR('',#6829,1.);
#4347=VECTOR('',#6834,1.);
#4348=VECTOR('',#6835,1.);
#4349=VECTOR('',#6838,1.);
#4350=VECTOR('',#6841,1.);
#4351=VECTOR('',#6842,1.);
#4352=VECTOR('',#6843,1.);
#4353=VECTOR('',#6846,1.);
#4354=VECTOR('',#6847,1.);
#4355=VECTOR('',#6850,1.);
#4356=VECTOR('',#6853,1.);
#4357=VECTOR('',#6856,1.);
#4358=VECTOR('',#6861,1.);
#4359=VECTOR('',#6864,1.);
#4360=VECTOR('',#6869,1.);
#4361=VECTOR('',#6870,1.);
#4362=VECTOR('',#6871,1.);
#4363=VECTOR('',#6872,1.);
#4364=VECTOR('',#6873,1.);
#4365=VECTOR('',#6874,1.);
#4366=VECTOR('',#6875,1.);
#4367=VECTOR('',#6876,1.);
#4368=VECTOR('',#6877,1.);
#4369=VECTOR('',#6880,1.);
#4370=VECTOR('',#6885,1.);
#4371=VECTOR('',#6886,1.);
#4372=VECTOR('',#6887,1.);
#4373=VECTOR('',#6890,1.);
#4374=VECTOR('',#6891,1.);
#4375=VECTOR('',#6892,1.);
#4376=VECTOR('',#6895,1.);
#4377=VECTOR('',#6896,1.);
#4378=VECTOR('',#6897,1.);
#4379=VECTOR('',#6898,1.);
#4380=VECTOR('',#6899,1.);
#4381=VECTOR('',#6900,1.);
#4382=VECTOR('',#6901,1.);
#4383=VECTOR('',#6902,1.);
#4384=VECTOR('',#6905,1.);
#4385=VECTOR('',#6906,1.);
#4386=VECTOR('',#6907,1.);
#4387=VECTOR('',#6910,1.);
#4388=VECTOR('',#6911,1.);
#4389=VECTOR('',#6912,1.);
#4390=VECTOR('',#6913,1.);
#4391=VECTOR('',#6916,1.);
#4392=VECTOR('',#6929,1.);
#4393=VECTOR('',#6938,1.);
#4394=VECTOR('',#6939,1.);
#4395=VECTOR('',#6940,1.);
#4396=VECTOR('',#6941,1.);
#4397=VECTOR('',#6942,1.);
#4398=VECTOR('',#6943,1.);
#4399=VECTOR('',#6944,1.);
#4400=VECTOR('',#6945,1.);
#4401=VECTOR('',#6946,1.);
#4402=VECTOR('',#6949,1.);
#4403=VECTOR('',#6950,1.);
#4404=VECTOR('',#6951,1.);
#4405=VECTOR('',#6952,1.);
#4406=VECTOR('',#6953,1.);
#4407=VECTOR('',#6954,1.);
#4408=VECTOR('',#6955,1.);
#4409=VECTOR('',#6956,1.);
#4410=VECTOR('',#6961,1.);
#4411=VECTOR('',#6962,1.);
#4412=VECTOR('',#6963,1.);
#4413=VECTOR('',#6964,1.);
#4414=VECTOR('',#6965,1.);
#4415=VECTOR('',#6974,1.);
#4416=VECTOR('',#6975,1.);
#4417=VECTOR('',#6976,1.);
#4418=VECTOR('',#6977,1.);
#4419=VECTOR('',#6984,1.);
#4420=VECTOR('',#6985,1.);
#4421=VECTOR('',#6986,1.);
#4422=VECTOR('',#7001,1.);
#4423=VECTOR('',#7002,1.);
#4424=VECTOR('',#7005,1.);
#4425=VECTOR('',#7006,1.);
#4426=VECTOR('',#7009,1.);
#4427=VECTOR('',#7012,1.);
#4428=VECTOR('',#7013,1.);
#4429=VECTOR('',#7016,1.);
#4430=VECTOR('',#7017,1.);
#4431=VECTOR('',#7020,1.);
#4432=VECTOR('',#7021,1.);
#4433=VECTOR('',#7022,1.);
#4434=VECTOR('',#7035,1.);
#4435=VECTOR('',#7036,1.);
#4436=VECTOR('',#7037,1.);
#4437=VECTOR('',#7040,1.);
#4438=VECTOR('',#7047,1.);
#4439=VECTOR('',#7048,1.);
#4440=VECTOR('',#7049,1.);
#4441=VECTOR('',#7052,1.);
#4442=VECTOR('',#7059,1.);
#4443=VECTOR('',#7060,1.);
#4444=VECTOR('',#7087,1.);
#4445=VECTOR('',#7090,1.);
#4446=VECTOR('',#7091,1.);
#4447=VECTOR('',#7094,1.);
#4448=VECTOR('',#7095,1.);
#4449=VECTOR('',#7096,1.);
#4450=VECTOR('',#7097,1.);
#4451=VECTOR('',#7100,1.);
#4452=VECTOR('',#7115,1.);
#4453=VECTOR('',#7116,1.);
#4454=VECTOR('',#7117,1.);
#4455=VECTOR('',#7122,1.);
#4456=VECTOR('',#7125,1.);
#4457=VECTOR('',#7126,1.);
#4458=VECTOR('',#7127,1.);
#4459=VECTOR('',#7128,1.);
#4460=VECTOR('',#7129,1.);
#4461=VECTOR('',#7130,1.);
#4462=VECTOR('',#7133,1.);
#4463=VECTOR('',#7136,1.);
#4464=VECTOR('',#7137,1.);
#4465=VECTOR('',#7140,1.);
#4466=VECTOR('',#7141,1.);
#4467=VECTOR('',#7144,1.);
#4468=VECTOR('',#7145,1.);
#4469=VECTOR('',#7146,1.);
#4470=VECTOR('',#7149,1.);
#4471=VECTOR('',#7150,1.);
#4472=VECTOR('',#7153,1.);
#4473=VECTOR('',#7154,1.);
#4474=VECTOR('',#7157,1.);
#4475=VECTOR('',#7162,1.);
#4476=VECTOR('',#7163,1.);
#4477=VECTOR('',#7166,1.);
#4478=VECTOR('',#7167,1.);
#4479=VECTOR('',#7172,1.);
#4480=VECTOR('',#7173,1.);
#4481=VECTOR('',#7176,1.);
#4482=VECTOR('',#7179,1.);
#4483=VECTOR('',#7184,1.);
#4484=VECTOR('',#7187,1.);
#4485=VECTOR('',#7196,1.);
#4486=VECTOR('',#7199,1.);
#4487=VECTOR('',#7208,1.);
#4488=VECTOR('',#7213,1.);
#4489=VECTOR('',#7216,1.);
#4490=VECTOR('',#7217,1.);
#4491=VECTOR('',#7232,1.);
#4492=VECTOR('',#7235,1.);
#4493=VECTOR('',#7238,1.);
#4494=VECTOR('',#7241,1.);
#4495=VECTOR('',#7244,1.);
#4496=VECTOR('',#7247,1.);
#4497=VECTOR('',#7250,1.);
#4498=VECTOR('',#7253,1.);
#4499=VECTOR('',#7258,1.);
#4500=VECTOR('',#7259,1.);
#4501=VECTOR('',#7262,1.);
#4502=VECTOR('',#7265,1.);
#4503=VECTOR('',#7268,1.);
#4504=VECTOR('',#7271,1.);
#4505=VECTOR('',#7274,1.);
#4506=VECTOR('',#7277,1.);
#4507=VECTOR('',#7282,1.);
#4508=VECTOR('',#7283,1.);
#4509=VECTOR('',#7286,1.);
#4510=VECTOR('',#7287,1.);
#4511=VECTOR('',#7290,1.);
#4512=VECTOR('',#7293,1.);
#4513=VECTOR('',#7296,1.);
#4514=VECTOR('',#7297,1.);
#4515=VECTOR('',#7300,1.);
#4516=VECTOR('',#7301,1.);
#4517=VECTOR('',#7304,1.);
#4518=VECTOR('',#7307,1.);
#4519=VECTOR('',#7308,1.);
#4520=VECTOR('',#7311,1.);
#4521=VECTOR('',#7312,1.);
#4522=VECTOR('',#7315,1.);
#4523=VECTOR('',#7318,1.);
#4524=VECTOR('',#7321,1.);
#4525=VECTOR('',#7324,1.);
#4526=VECTOR('',#7327,1.);
#4527=VECTOR('',#7330,1.);
#4528=VECTOR('',#7335,1.);
#4529=VECTOR('',#7336,1.);
#4530=VECTOR('',#7341,1.);
#4531=VECTOR('',#7344,1.);
#4532=VECTOR('',#7349,1.);
#4533=VECTOR('',#7350,1.);
#4534=VECTOR('',#7355,1.);
#4535=VECTOR('',#7358,1.);
#4536=VECTOR('',#7367,1.);
#4537=VECTOR('',#7370,1.);
#4538=VECTOR('',#7371,1.);
#4539=VECTOR('',#7374,1.);
#4540=VECTOR('',#7375,1.);
#4541=VECTOR('',#7376,1.);
#4542=VECTOR('',#7399,1.);
#4543=VECTOR('',#7400,1.);
#4544=VECTOR('',#7401,1.);
#4545=VECTOR('',#7404,1.);
#4546=VECTOR('',#7407,1.);
#4547=VECTOR('',#7410,1.);
#4548=VECTOR('',#7413,1.);
#4549=VECTOR('',#7416,1.);
#4550=VECTOR('',#7417,1.);
#4551=VECTOR('',#7420,1.);
#4552=VECTOR('',#7421,1.);
#4553=VECTOR('',#7424,1.);
#4554=VECTOR('',#7425,1.);
#4555=VECTOR('',#7426,1.);
#4556=VECTOR('',#7427,1.);
#4557=VECTOR('',#7430,1.);
#4558=VECTOR('',#7433,1.);
#4559=VECTOR('',#7440,1.);
#4560=VECTOR('',#7443,1.);
#4561=VECTOR('',#7448,1.);
#4562=VECTOR('',#7463,1.);
#4563=VECTOR('',#7464,1.);
#4564=VECTOR('',#7467,1.);
#4565=VECTOR('',#7468,1.);
#4566=VECTOR('',#7475,1.);
#4567=VECTOR('',#7482,1.);
#4568=VECTOR('',#7483,1.);
#4569=VECTOR('',#7484,1.);
#4570=VECTOR('',#7487,1.);
#4571=VECTOR('',#7490,1.);
#4572=VECTOR('',#7495,1.);
#4573=VECTOR('',#7496,1.);
#4574=VECTOR('',#7503,1.);
#4575=VECTOR('',#7504,1.);
#4576=VECTOR('',#7505,1.);
#4577=VECTOR('',#7508,1.);
#4578=VECTOR('',#7513,1.);
#4579=VECTOR('',#7514,1.);
#4580=VECTOR('',#7515,1.);
#4581=VECTOR('',#7520,1.);
#4582=VECTOR('',#7521,1.);
#4583=VECTOR('',#7522,1.);
#4584=VECTOR('',#7527,1.);
#4585=VECTOR('',#7528,1.);
#4586=VECTOR('',#7531,1.);
#4587=VECTOR('',#7544,1.);
#4588=VECTOR('',#7545,1.);
#4589=VECTOR('',#7546,1.);
#4590=VECTOR('',#7547,1.);
#4591=VECTOR('',#7550,1.);
#4592=VECTOR('',#7551,1.);
#4593=VECTOR('',#7554,1.);
#4594=VECTOR('',#7555,1.);
#4595=VECTOR('',#7558,1.);
#4596=VECTOR('',#7559,1.);
#4597=VECTOR('',#7560,1.);
#4598=VECTOR('',#7561,1.);
#4599=VECTOR('',#7562,1.);
#4600=VECTOR('',#7563,1.);
#4601=VECTOR('',#7566,1.);
#4602=VECTOR('',#7567,1.);
#4603=VECTOR('',#7568,1.);
#4604=VECTOR('',#7571,1.);
#4605=VECTOR('',#7572,1.);
#4606=VECTOR('',#7573,1.);
#4607=VECTOR('',#7576,1.);
#4608=VECTOR('',#7577,1.);
#4609=VECTOR('',#7578,1.);
#4610=VECTOR('',#7581,1.);
#4611=VECTOR('',#7582,1.);
#4612=VECTOR('',#7583,1.);
#4613=VECTOR('',#7584,1.);
#4614=VECTOR('',#7585,1.);
#4615=VECTOR('',#7586,1.);
#4616=VECTOR('',#7591,1.);
#4617=VECTOR('',#7592,1.);
#4618=VECTOR('',#7593,1.);
#4619=VECTOR('',#7596,1.);
#4620=VECTOR('',#7597,1.);
#4621=VECTOR('',#7600,1.);
#4622=VECTOR('',#7601,1.);
#4623=VECTOR('',#7604,1.);
#4624=VECTOR('',#7607,1.);
#4625=VECTOR('',#7608,1.);
#4626=VECTOR('',#7609,1.);
#4627=VECTOR('',#7610,1.);
#4628=VECTOR('',#7613,1.);
#4629=VECTOR('',#7614,1.);
#4630=VECTOR('',#7615,1.);
#4631=VECTOR('',#7618,1.);
#4632=VECTOR('',#7619,1.);
#4633=VECTOR('',#7620,1.);
#4634=VECTOR('',#7623,1.);
#4635=VECTOR('',#7624,1.);
#4636=VECTOR('',#7625,1.);
#4637=VECTOR('',#7628,1.);
#4638=VECTOR('',#7629,1.);
#4639=VECTOR('',#7630,1.);
#4640=VECTOR('',#7635,1.);
#4641=VECTOR('',#7638,1.);
#4642=VECTOR('',#7641,1.);
#4643=VECTOR('',#7644,1.);
#4644=VECTOR('',#7753,1.);
#4645=VECTOR('',#7754,1.);
#4646=VECTOR('',#7755,1.);
#4647=VECTOR('',#7756,1.);
#4648=VECTOR('',#7759,1.);
#4649=VECTOR('',#7762,1.);
#4650=VECTOR('',#7763,1.);
#4651=VECTOR('',#7764,1.);
#4652=VECTOR('',#7765,1.);
#4653=VECTOR('',#7768,1.);
#4654=VECTOR('',#7773,1.);
#4655=VECTOR('',#7776,1.);
#4656=VECTOR('',#7779,1.);
#4657=VECTOR('',#7782,1.);
#4658=VECTOR('',#7787,1.);
#4659=VECTOR('',#7790,1.);
#4660=VECTOR('',#7793,1.);
#4661=VECTOR('',#7796,1.);
#4662=VECTOR('',#7799,1.);
#4663=VECTOR('',#7800,1.);
#4664=VECTOR('',#7801,1.);
#4665=VECTOR('',#7802,1.);
#4666=VECTOR('',#7803,1.);
#4667=VECTOR('',#7804,1.);
#4668=VECTOR('',#7805,1.);
#4669=VECTOR('',#7806,1.);
#4670=VECTOR('',#7807,1.);
#4671=VECTOR('',#7808,1.);
#4672=VECTOR('',#7809,1.);
#4673=VECTOR('',#7810,1.);
#4674=VECTOR('',#7813,1.);
#4675=VECTOR('',#7814,1.);
#4676=VECTOR('',#7815,1.);
#4677=VECTOR('',#7816,1.);
#4678=VECTOR('',#7817,1.);
#4679=VECTOR('',#7818,1.);
#4680=VECTOR('',#7819,1.);
#4681=VECTOR('',#7820,1.);
#4682=VECTOR('',#7821,1.);
#4683=VECTOR('',#7824,1.);
#4684=VECTOR('',#7827,1.);
#4685=VECTOR('',#7830,1.);
#4686=VECTOR('',#7831,1.);
#4687=VECTOR('',#7834,1.);
#4688=VECTOR('',#7835,1.);
#4689=VECTOR('',#7838,1.);
#4690=VECTOR('',#7839,1.);
#4691=VECTOR('',#7840,1.);
#4692=VECTOR('',#7843,1.);
#4693=VECTOR('',#7846,1.);
#4694=VECTOR('',#7847,1.);
#4695=VECTOR('',#7848,1.);
#4696=VECTOR('',#7849,1.);
#4697=VECTOR('',#7852,1.);
#4698=VECTOR('',#7853,1.);
#4699=VECTOR('',#7854,1.);
#4700=VECTOR('',#7855,1.);
#4701=VECTOR('',#7856,1.);
#4702=VECTOR('',#7857,1.);
#4703=VECTOR('',#7858,1.);
#4704=VECTOR('',#7859,1.);
#4705=VECTOR('',#7860,1.);
#4706=VECTOR('',#7863,1.);
#4707=VECTOR('',#7866,1.);
#4708=VECTOR('',#7869,1.);
#4709=VECTOR('',#7878,1.);
#4710=VECTOR('',#7881,1.);
#4711=VECTOR('',#7884,1.);
#4712=VECTOR('',#7887,1.);
#4713=VECTOR('',#7890,1.);
#4714=VECTOR('',#7891,1.);
#4715=VECTOR('',#7894,1.);
#4716=VECTOR('',#7895,1.);
#4717=VECTOR('',#7896,1.);
#4718=VECTOR('',#7897,1.);
#4719=VECTOR('',#7900,1.);
#4720=VECTOR('',#7901,1.);
#4721=VECTOR('',#7902,1.);
#4722=VECTOR('',#7903,1.);
#4723=VECTOR('',#7904,1.);
#4724=VECTOR('',#7907,1.);
#4725=VECTOR('',#7908,1.);
#4726=VECTOR('',#7913,1.);
#4727=VECTOR('',#7914,1.);
#4728=VECTOR('',#7921,1.);
#4729=VECTOR('',#7924,1.);
#4730=VECTOR('',#7927,1.);
#4731=VECTOR('',#7928,1.);
#4732=VECTOR('',#7929,1.);
#4733=VECTOR('',#7930,1.);
#4734=VECTOR('',#7935,1.);
#4735=VECTOR('',#7938,1.);
#4736=VECTOR('',#7939,1.);
#4737=VECTOR('',#7940,1.);
#4738=VECTOR('',#7945,1.);
#4739=VECTOR('',#7946,1.);
#4740=VECTOR('',#7947,1.);
#4741=VECTOR('',#7948,1.);
#4742=VECTOR('',#7951,1.);
#4743=VECTOR('',#7952,1.);
#4744=VECTOR('',#7953,1.);
#4745=VECTOR('',#7956,1.);
#4746=VECTOR('',#7957,1.);
#4747=VECTOR('',#7958,1.);
#4748=VECTOR('',#7971,1.);
#4749=VECTOR('',#7972,1.);
#4750=VECTOR('',#7973,1.);
#4751=VECTOR('',#7974,1.);
#4752=VECTOR('',#7975,1.);
#4753=VECTOR('',#7976,1.);
#4754=VECTOR('',#7977,1.);
#4755=VECTOR('',#7988,1.);
#4756=VECTOR('',#7989,1.);
#4757=VECTOR('',#7992,1.);
#4758=VECTOR('',#7993,1.);
#4759=VECTOR('',#7994,1.);
#4760=VECTOR('',#7995,1.);
#4761=VECTOR('',#7996,1.);
#4762=VECTOR('',#7997,1.);
#4763=VECTOR('',#7998,1.);
#4764=VECTOR('',#8005,1.);
#4765=VECTOR('',#8008,1.);
#4766=VECTOR('',#8011,1.);
#4767=VECTOR('',#8012,1.);
#4768=VECTOR('',#8013,1.);
#4769=VECTOR('',#8016,1.);
#4770=VECTOR('',#8017,1.);
#4771=VECTOR('',#8020,1.);
#4772=VECTOR('',#8021,1.);
#4773=VECTOR('',#8022,1.);
#4774=VECTOR('',#8027,1.);
#4775=VECTOR('',#8028,1.);
#4776=VECTOR('',#8029,1.);
#4777=VECTOR('',#8034,1.);
#4778=VECTOR('',#8035,1.);
#4779=VECTOR('',#8038,1.);
#4780=VECTOR('',#8039,1.);
#4781=VECTOR('',#8040,1.);
#4782=VECTOR('',#8045,1.);
#4783=VECTOR('',#8046,1.);
#4784=VECTOR('',#8047,1.);
#4785=VECTOR('',#8052,1.);
#4786=VECTOR('',#8053,1.);
#4787=VECTOR('',#8056,1.);
#4788=VECTOR('',#8057,1.);
#4789=VECTOR('',#8062,1.);
#4790=VECTOR('',#8063,1.);
#4791=VECTOR('',#8072,1.);
#4792=VECTOR('',#8075,1.);
#4793=VECTOR('',#8076,1.);
#4794=VECTOR('',#8081,1.);
#4795=VECTOR('',#8082,1.);
#4796=VECTOR('',#8091,1.);
#4797=VECTOR('',#8144,1.);
#4798=VECTOR('',#8145,1.);
#4799=VECTOR('',#8148,1.);
#4800=VECTOR('',#8151,1.);
#4801=VECTOR('',#8154,1.);
#4802=VECTOR('',#8157,1.);
#4803=VECTOR('',#8160,1.);
#4804=VECTOR('',#8163,1.);
#4805=VECTOR('',#8168,1.);
#4806=VECTOR('',#8171,1.);
#4807=VECTOR('',#8174,1.);
#4808=VECTOR('',#8177,1.);
#4809=VECTOR('',#8180,1.);
#4810=VECTOR('',#8183,1.);
#4811=VECTOR('',#8190,1.);
#4812=VECTOR('',#8193,1.);
#4813=VECTOR('',#8194,1.);
#4814=VECTOR('',#8201,1.);
#4815=VECTOR('',#8202,1.);
#4816=VECTOR('',#8207,1.);
#4817=VECTOR('',#8212,1.);
#4818=VECTOR('',#8215,1.);
#4819=VECTOR('',#8222,1.);
#4820=VECTOR('',#8223,1.);
#4821=EDGE_LOOP('',(#378,#379,#380,#381));
#4822=EDGE_LOOP('',(#382,#383,#384,#385,#386,#387,#388));
#4823=EDGE_LOOP('',(#389,#390,#391,#392,#393,#394,#395,#396,#397,#398,#399,#400,#401,#402));
#4824=EDGE_LOOP('',(#403,#404,#405,#406,#407,#408,#409,#410));
#4825=EDGE_LOOP('',(#411,#412,#413,#414,#415,#416));
#4826=EDGE_LOOP('',(#417,#418,#419,#420,#421,#422,#423,#424));
#4827=EDGE_LOOP('',(#425,#426,#427,#428,#429,#430));
#4828=EDGE_LOOP('',(#431,#432,#433,#434,#435,#436,#437,#438,#439,#440,#441,#442));
#4829=EDGE_LOOP('',(#443,#444,#445,#446,#447,#448,#449,#450,#451,#452,#453,#454,#455));
#4830=EDGE_LOOP('',(#456,#457,#458,#459,#460,#461,#462));
#4831=EDGE_LOOP('',(#463,#464,#465,#466,#467,#468));
#4832=EDGE_LOOP('',(#469,#470,#471,#472,#473,#474,#475,#476,#477,#478,#479,#480,#481,#482,#483,#484,#485,#486,#487,#488,#489,#490,#491,#492,#493,#494,#495,#496));
#4833=EDGE_LOOP('',(#497,#498,#499,#500,#501,#502,#503,#504,#505,#506,#507,#508,#509,#510,#511,#512,#513,#514,#515,#516));
#4834=EDGE_LOOP('',(#517,#518,#519,#520));
#4835=EDGE_LOOP('',(#521,#522,#523,#524));
#4836=EDGE_LOOP('',(#525,#526,#527,#528,#529,#530));
#4837=EDGE_LOOP('',(#531,#532,#533,#534,#535,#536,#537));
#4838=EDGE_LOOP('',(#538,#539,#540,#541,#542,#543,#544,#545,#546,#547,#548,#549,#550,#551,#552,#553,#554,#555,#556,#557,#558,#559,#560,#561,#562,#563,#564));
#4839=EDGE_LOOP('',(#565,#566,#567,#568,#569,#570,#571));
#4840=EDGE_LOOP('',(#572,#573,#574,#575,#576,#577,#578,#579,#580,#581,#582,#583,#584,#585));
#4841=EDGE_LOOP('',(#586,#587,#588,#589,#590,#591));
#4842=EDGE_LOOP('',(#592,#593,#594,#595,#596,#597));
#4843=EDGE_LOOP('',(#598,#599,#600,#601,#602,#603,#604,#605,#606,#607,#608,#609));
#4844=EDGE_LOOP('',(#610,#611,#612,#613,#614,#615,#616,#617));
#4845=EDGE_LOOP('',(#618,#619,#620,#621,#622,#623,#624,#625));
#4846=EDGE_LOOP('',(#626,#627,#628,#629,#630,#631,#632,#633,#634,#635,#636,#637,#638,#639));
#4847=EDGE_LOOP('',(#640,#641,#642,#643));
#4848=EDGE_LOOP('',(#644,#645,#646));
#4849=EDGE_LOOP('',(#647,#648,#649,#650,#651,#652,#653,#654));
#4850=EDGE_LOOP('',(#655,#656,#657));
#4851=EDGE_LOOP('',(#658,#659,#660,#661));
#4852=EDGE_LOOP('',(#662,#663,#664,#665,#666,#667,#668));
#4853=EDGE_LOOP('',(#669,#670,#671,#672,#673,#674,#675));
#4854=EDGE_LOOP('',(#676,#677,#678,#679,#680,#681,#682,#683,#684,#685,#686,#687));
#4855=EDGE_LOOP('',(#688,#689,#690,#691));
#4856=EDGE_LOOP('',(#692,#693,#694,#695));
#4857=EDGE_LOOP('',(#696,#697,#698,#699,#700,#701,#702));
#4858=EDGE_LOOP('',(#703,#704,#705,#706));
#4859=EDGE_LOOP('',(#707,#708,#709,#710,#711,#712,#713));
#4860=EDGE_LOOP('',(#714,#715,#716,#717,#718,#719,#720,#721));
#4861=EDGE_LOOP('',(#722,#723,#724,#725));
#4862=EDGE_LOOP('',(#726,#727,#728,#729,#730,#731,#732,#733,#734,#735,#736,#737,#738,#739,#740,#741));
#4863=EDGE_LOOP('',(#742,#743,#744,#745));
#4864=EDGE_LOOP('',(#746,#747,#748,#749));
#4865=EDGE_LOOP('',(#750,#751,#752,#753));
#4866=EDGE_LOOP('',(#754,#755,#756,#757));
#4867=EDGE_LOOP('',(#758,#759,#760,#761));
#4868=EDGE_LOOP('',(#762,#763,#764,#765));
#4869=EDGE_LOOP('',(#766,#767,#768,#769));
#4870=EDGE_LOOP('',(#770,#771,#772,#773));
#4871=EDGE_LOOP('',(#774,#775,#776,#777));
#4872=EDGE_LOOP('',(#778,#779,#780));
#4873=EDGE_LOOP('',(#781,#782,#783,#784,#785,#786,#787,#788));
#4874=EDGE_LOOP('',(#789,#790,#791,#792));
#4875=EDGE_LOOP('',(#793,#794,#795,#796));
#4876=EDGE_LOOP('',(#797,#798,#799,#800));
#4877=EDGE_LOOP('',(#801,#802,#803,#804));
#4878=EDGE_LOOP('',(#805,#806,#807,#808,#809,#810));
#4879=EDGE_LOOP('',(#811,#812,#813,#814,#815,#816,#817,#818));
#4880=EDGE_LOOP('',(#819,#820,#821,#822,#823,#824,#825,#826,#827,#828,#829,#830,#831,#832,#833,#834,#835));
#4881=EDGE_LOOP('',(#836));
#4882=EDGE_LOOP('',(#837,#838,#839,#840));
#4883=EDGE_LOOP('',(#841,#842,#843,#844,#845,#846,#847,#848,#849,#850,#851));
#4884=EDGE_LOOP('',(#852,#853,#854,#855));
#4885=EDGE_LOOP('',(#856,#857,#858,#859));
#4886=EDGE_LOOP('',(#860,#861,#862,#863));
#4887=EDGE_LOOP('',(#864,#865,#866,#867));
#4888=EDGE_LOOP('',(#868,#869,#870,#871));
#4889=EDGE_LOOP('',(#872,#873,#874,#875));
#4890=EDGE_LOOP('',(#876,#877,#878,#879));
#4891=EDGE_LOOP('',(#880,#881,#882,#883));
#4892=EDGE_LOOP('',(#884,#885,#886,#887,#888,#889));
#4893=EDGE_LOOP('',(#890,#891,#892,#893,#894));
#4894=EDGE_LOOP('',(#895,#896,#897,#898,#899));
#4895=EDGE_LOOP('',(#900,#901,#902,#903,#904));
#4896=EDGE_LOOP('',(#905,#906,#907,#908,#909));
#4897=EDGE_LOOP('',(#910,#911,#912,#913,#914,#915));
#4898=EDGE_LOOP('',(#916,#917,#918,#919,#920));
#4899=EDGE_LOOP('',(#921,#922,#923,#924));
#4900=EDGE_LOOP('',(#925,#926,#927,#928,#929));
#4901=EDGE_LOOP('',(#930,#931,#932,#933,#934));
#4902=EDGE_LOOP('',(#935,#936,#937,#938));
#4903=EDGE_LOOP('',(#939,#940,#941,#942,#943));
#4904=EDGE_LOOP('',(#944,#945,#946,#947));
#4905=EDGE_LOOP('',(#948,#949,#950,#951));
#4906=EDGE_LOOP('',(#952,#953,#954,#955));
#4907=EDGE_LOOP('',(#956,#957,#958,#959));
#4908=EDGE_LOOP('',(#960,#961,#962,#963));
#4909=EDGE_LOOP('',(#964,#965,#966,#967));
#4910=EDGE_LOOP('',(#968,#969,#970,#971));
#4911=EDGE_LOOP('',(#972,#973,#974,#975));
#4912=EDGE_LOOP('',(#976,#977,#978,#979));
#4913=EDGE_LOOP('',(#980,#981,#982,#983));
#4914=EDGE_LOOP('',(#984,#985,#986,#987));
#4915=EDGE_LOOP('',(#988,#989,#990,#991));
#4916=EDGE_LOOP('',(#992,#993,#994,#995));
#4917=EDGE_LOOP('',(#996,#997,#998,#999));
#4918=EDGE_LOOP('',(#1000,#1001,#1002,#1003));
#4919=EDGE_LOOP('',(#1004,#1005,#1006,#1007));
#4920=EDGE_LOOP('',(#1008,#1009,#1010,#1011));
#4921=EDGE_LOOP('',(#1012,#1013,#1014,#1015));
#4922=EDGE_LOOP('',(#1016,#1017,#1018,#1019));
#4923=EDGE_LOOP('',(#1020,#1021,#1022,#1023));
#4924=EDGE_LOOP('',(#1024,#1025,#1026,#1027));
#4925=EDGE_LOOP('',(#1028,#1029,#1030,#1031));
#4926=EDGE_LOOP('',(#1032,#1033,#1034,#1035));
#4927=EDGE_LOOP('',(#1036,#1037,#1038,#1039));
#4928=EDGE_LOOP('',(#1040,#1041,#1042,#1043));
#4929=EDGE_LOOP('',(#1044,#1045,#1046,#1047));
#4930=EDGE_LOOP('',(#1048,#1049,#1050));
#4931=EDGE_LOOP('',(#1051,#1052,#1053,#1054));
#4932=EDGE_LOOP('',(#1055,#1056,#1057,#1058));
#4933=EDGE_LOOP('',(#1059,#1060,#1061));
#4934=EDGE_LOOP('',(#1062,#1063,#1064));
#4935=EDGE_LOOP('',(#1065,#1066,#1067,#1068));
#4936=EDGE_LOOP('',(#1069,#1070,#1071,#1072));
#4937=EDGE_LOOP('',(#1073,#1074,#1075));
#4938=EDGE_LOOP('',(#1076,#1077,#1078,#1079));
#4939=EDGE_LOOP('',(#1080,#1081,#1082,#1083));
#4940=EDGE_LOOP('',(#1084,#1085,#1086));
#4941=EDGE_LOOP('',(#1087,#1088,#1089,#1090));
#4942=EDGE_LOOP('',(#1091,#1092,#1093,#1094));
#4943=EDGE_LOOP('',(#1095,#1096,#1097));
#4944=EDGE_LOOP('',(#1098,#1099,#1100,#1101));
#4945=EDGE_LOOP('',(#1102,#1103,#1104,#1105));
#4946=EDGE_LOOP('',(#1106,#1107,#1108));
#4947=EDGE_LOOP('',(#1109,#1110,#1111,#1112));
#4948=EDGE_LOOP('',(#1113,#1114,#1115,#1116));
#4949=EDGE_LOOP('',(#1117,#1118,#1119));
#4950=EDGE_LOOP('',(#1120,#1121,#1122));
#4951=EDGE_LOOP('',(#1123,#1124,#1125,#1126));
#4952=EDGE_LOOP('',(#1127,#1128,#1129,#1130));
#4953=EDGE_LOOP('',(#1131,#1132,#1133));
#4954=EDGE_LOOP('',(#1134,#1135,#1136,#1137));
#4955=EDGE_LOOP('',(#1138,#1139,#1140,#1141));
#4956=EDGE_LOOP('',(#1142,#1143,#1144,#1145));
#4957=EDGE_LOOP('',(#1146,#1147,#1148,#1149));
#4958=EDGE_LOOP('',(#1150,#1151,#1152,#1153,#1154));
#4959=EDGE_LOOP('',(#1155,#1156,#1157,#1158));
#4960=EDGE_LOOP('',(#1159,#1160,#1161,#1162));
#4961=EDGE_LOOP('',(#1163,#1164,#1165,#1166));
#4962=EDGE_LOOP('',(#1167,#1168,#1169,#1170));
#4963=EDGE_LOOP('',(#1171,#1172,#1173,#1174));
#4964=EDGE_LOOP('',(#1175,#1176,#1177,#1178));
#4965=EDGE_LOOP('',(#1179,#1180,#1181,#1182,#1183));
#4966=EDGE_LOOP('',(#1184,#1185,#1186,#1187));
#4967=EDGE_LOOP('',(#1188,#1189,#1190,#1191));
#4968=EDGE_LOOP('',(#1192,#1193,#1194,#1195,#1196));
#4969=EDGE_LOOP('',(#1197,#1198,#1199,#1200));
#4970=EDGE_LOOP('',(#1201,#1202,#1203,#1204));
#4971=EDGE_LOOP('',(#1205,#1206,#1207,#1208));
#4972=EDGE_LOOP('',(#1209,#1210,#1211,#1212));
#4973=EDGE_LOOP('',(#1213,#1214,#1215,#1216,#1217));
#4974=EDGE_LOOP('',(#1218,#1219,#1220,#1221));
#4975=EDGE_LOOP('',(#1222,#1223,#1224,#1225,#1226,#1227,#1228));
#4976=EDGE_LOOP('',(#1229,#1230,#1231,#1232));
#4977=EDGE_LOOP('',(#1233,#1234,#1235,#1236));
#4978=EDGE_LOOP('',(#1237,#1238,#1239,#1240));
#4979=EDGE_LOOP('',(#1241,#1242,#1243,#1244,#1245,#1246));
#4980=EDGE_LOOP('',(#1247,#1248,#1249,#1250,#1251,#1252,#1253,#1254,#1255,#1256,#1257,#1258));
#4981=EDGE_LOOP('',(#1259,#1260,#1261,#1262));
#4982=EDGE_LOOP('',(#1263,#1264,#1265,#1266));
#4983=EDGE_LOOP('',(#1267,#1268,#1269,#1270));
#4984=EDGE_LOOP('',(#1271,#1272,#1273,#1274));
#4985=EDGE_LOOP('',(#1275,#1276,#1277,#1278));
#4986=EDGE_LOOP('',(#1279,#1280,#1281,#1282));
#4987=EDGE_LOOP('',(#1283));
#4988=EDGE_LOOP('',(#1284));
#4989=EDGE_LOOP('',(#1285));
#4990=EDGE_LOOP('',(#1286,#1287,#1288,#1289));
#4991=EDGE_LOOP('',(#1290,#1291,#1292,#1293));
#4992=EDGE_LOOP('',(#1294,#1295,#1296,#1297));
#4993=EDGE_LOOP('',(#1298,#1299,#1300,#1301));
#4994=EDGE_LOOP('',(#1302,#1303,#1304,#1305,#1306));
#4995=EDGE_LOOP('',(#1307,#1308,#1309,#1310));
#4996=EDGE_LOOP('',(#1311,#1312,#1313,#1314));
#4997=EDGE_LOOP('',(#1315,#1316,#1317,#1318));
#4998=EDGE_LOOP('',(#1319,#1320,#1321,#1322));
#4999=EDGE_LOOP('',(#1323,#1324,#1325,#1326));
#5000=EDGE_LOOP('',(#1327,#1328,#1329,#1330));
#5001=EDGE_LOOP('',(#1331,#1332,#1333,#1334));
#5002=EDGE_LOOP('',(#1335,#1336,#1337,#1338,#1339));
#5003=EDGE_LOOP('',(#1340,#1341,#1342,#1343,#1344));
#5004=EDGE_LOOP('',(#1345,#1346,#1347,#1348,#1349));
#5005=EDGE_LOOP('',(#1350,#1351,#1352,#1353,#1354));
#5006=EDGE_LOOP('',(#1355,#1356,#1357,#1358,#1359));
#5007=EDGE_LOOP('',(#1360,#1361,#1362,#1363));
#5008=EDGE_LOOP('',(#1364,#1365,#1366,#1367));
#5009=EDGE_LOOP('',(#1368,#1369,#1370,#1371,#1372));
#5010=EDGE_LOOP('',(#1373,#1374,#1375,#1376));
#5011=EDGE_LOOP('',(#1377,#1378,#1379,#1380));
#5012=EDGE_LOOP('',(#1381,#1382,#1383,#1384));
#5013=EDGE_LOOP('',(#1385,#1386,#1387,#1388));
#5014=EDGE_LOOP('',(#1389,#1390,#1391,#1392));
#5015=EDGE_LOOP('',(#1393,#1394,#1395,#1396));
#5016=EDGE_LOOP('',(#1397,#1398,#1399,#1400));
#5017=EDGE_LOOP('',(#1401,#1402,#1403,#1404));
#5018=EDGE_LOOP('',(#1405,#1406,#1407,#1408));
#5019=EDGE_LOOP('',(#1409,#1410,#1411,#1412));
#5020=EDGE_LOOP('',(#1413,#1414,#1415,#1416));
#5021=EDGE_LOOP('',(#1417,#1418,#1419,#1420));
#5022=EDGE_LOOP('',(#1421,#1422,#1423,#1424));
#5023=EDGE_LOOP('',(#1425,#1426,#1427,#1428));
#5024=EDGE_LOOP('',(#1429,#1430,#1431,#1432));
#5025=EDGE_LOOP('',(#1433,#1434,#1435,#1436));
#5026=EDGE_LOOP('',(#1437,#1438,#1439,#1440));
#5027=EDGE_LOOP('',(#1441,#1442,#1443,#1444));
#5028=EDGE_LOOP('',(#1445,#1446,#1447,#1448));
#5029=EDGE_LOOP('',(#1449,#1450,#1451,#1452,#1453,#1454,#1455));
#5030=EDGE_LOOP('',(#1456,#1457,#1458,#1459,#1460,#1461,#1462));
#5031=EDGE_LOOP('',(#1463,#1464,#1465,#1466,#1467,#1468,#1469));
#5032=EDGE_LOOP('',(#1470,#1471,#1472,#1473));
#5033=EDGE_LOOP('',(#1474,#1475,#1476,#1477));
#5034=EDGE_LOOP('',(#1478,#1479,#1480,#1481));
#5035=EDGE_LOOP('',(#1482,#1483,#1484,#1485));
#5036=EDGE_LOOP('',(#1486,#1487,#1488,#1489));
#5037=EDGE_LOOP('',(#1490,#1491,#1492,#1493));
#5038=EDGE_LOOP('',(#1494,#1495,#1496,#1497));
#5039=EDGE_LOOP('',(#1498,#1499,#1500,#1501));
#5040=EDGE_LOOP('',(#1502,#1503,#1504,#1505));
#5041=EDGE_LOOP('',(#1506,#1507,#1508,#1509,#1510,#1511,#1512,#1513));
#5042=EDGE_LOOP('',(#1514,#1515,#1516,#1517));
#5043=EDGE_LOOP('',(#1518,#1519,#1520,#1521));
#5044=EDGE_LOOP('',(#1522,#1523,#1524,#1525));
#5045=EDGE_LOOP('',(#1526,#1527,#1528,#1529));
#5046=EDGE_LOOP('',(#1530,#1531,#1532,#1533));
#5047=EDGE_LOOP('',(#1534,#1535,#1536,#1537));
#5048=EDGE_LOOP('',(#1538,#1539,#1540,#1541));
#5049=EDGE_LOOP('',(#1542,#1543,#1544,#1545));
#5050=EDGE_LOOP('',(#1546,#1547,#1548,#1549));
#5051=EDGE_LOOP('',(#1550,#1551,#1552,#1553));
#5052=EDGE_LOOP('',(#1554,#1555,#1556,#1557));
#5053=EDGE_LOOP('',(#1558,#1559,#1560,#1561));
#5054=EDGE_LOOP('',(#1562,#1563,#1564,#1565));
#5055=EDGE_LOOP('',(#1566,#1567,#1568,#1569));
#5056=EDGE_LOOP('',(#1570,#1571,#1572,#1573));
#5057=EDGE_LOOP('',(#1574,#1575,#1576,#1577));
#5058=EDGE_LOOP('',(#1578,#1579,#1580,#1581));
#5059=EDGE_LOOP('',(#1582,#1583,#1584,#1585));
#5060=EDGE_LOOP('',(#1586,#1587,#1588,#1589));
#5061=EDGE_LOOP('',(#1590,#1591,#1592,#1593));
#5062=EDGE_LOOP('',(#1594,#1595,#1596,#1597));
#5063=EDGE_LOOP('',(#1598,#1599,#1600,#1601));
#5064=EDGE_LOOP('',(#1602,#1603,#1604,#1605));
#5065=EDGE_LOOP('',(#1606,#1607,#1608,#1609));
#5066=EDGE_LOOP('',(#1610,#1611,#1612,#1613));
#5067=EDGE_LOOP('',(#1614,#1615,#1616,#1617));
#5068=EDGE_LOOP('',(#1618,#1619,#1620,#1621));
#5069=EDGE_LOOP('',(#1622,#1623,#1624,#1625));
#5070=EDGE_LOOP('',(#1626,#1627,#1628,#1629));
#5071=EDGE_LOOP('',(#1630,#1631,#1632,#1633));
#5072=EDGE_LOOP('',(#1634,#1635,#1636,#1637));
#5073=EDGE_LOOP('',(#1638,#1639,#1640,#1641,#1642,#1643));
#5074=EDGE_LOOP('',(#1644,#1645,#1646,#1647,#1648,#1649,#1650,#1651,#1652,#1653,#1654));
#5075=EDGE_LOOP('',(#1655,#1656,#1657,#1658,#1659,#1660,#1661,#1662));
#5076=EDGE_LOOP('',(#1663,#1664,#1665,#1666,#1667,#1668,#1669,#1670,#1671,#1672,#1673,#1674,#1675,#1676,#1677,#1678,#1679,#1680,#1681,#1682,#1683,#1684,#1685,#1686));
#5077=EDGE_LOOP('',(#1687,#1688,#1689,#1690,#1691,#1692,#1693));
#5078=EDGE_LOOP('',(#1694,#1695,#1696,#1697));
#5079=EDGE_LOOP('',(#1698,#1699,#1700,#1701));
#5080=EDGE_LOOP('',(#1702,#1703,#1704,#1705,#1706,#1707,#1708,#1709,#1710,#1711,#1712,#1713,#1714,#1715,#1716,#1717));
#5081=EDGE_LOOP('',(#1718,#1719,#1720,#1721,#1722,#1723,#1724,#1725));
#5082=EDGE_LOOP('',(#1726,#1727,#1728,#1729,#1730,#1731,#1732,#1733,#1734,#1735,#1736));
#5083=EDGE_LOOP('',(#1737,#1738,#1739,#1740));
#5084=EDGE_LOOP('',(#1741,#1742,#1743,#1744));
#5085=EDGE_LOOP('',(#1745,#1746,#1747,#1748,#1749,#1750,#1751,#1752));
#5086=EDGE_LOOP('',(#1753,#1754,#1755,#1756,#1757));
#5087=EDGE_LOOP('',(#1758,#1759,#1760,#1761,#1762,#1763));
#5088=EDGE_LOOP('',(#1764,#1765,#1766,#1767,#1768));
#5089=EDGE_LOOP('',(#1769,#1770,#1771,#1772,#1773));
#5090=EDGE_LOOP('',(#1774,#1775,#1776,#1777,#1778,#1779));
#5091=EDGE_LOOP('',(#1780,#1781,#1782,#1783));
#5092=EDGE_LOOP('',(#1784,#1785,#1786,#1787));
#5093=EDGE_LOOP('',(#1788,#1789,#1790,#1791));
#5094=EDGE_LOOP('',(#1792));
#5095=EDGE_LOOP('',(#1793,#1794,#1795,#1796,#1797,#1798,#1799,#1800,#1801,#1802,#1803,#1804,#1805,#1806,#1807,#1808,#1809,#1810));
#5096=EDGE_LOOP('',(#1811,#1812,#1813,#1814,#1815,#1816,#1817,#1818,#1819,#1820,#1821,#1822,#1823,#1824,#1825,#1826,#1827,#1828,#1829,#1830));
#5097=EDGE_LOOP('',(#1831));
#5098=EDGE_LOOP('',(#1832,#1833,#1834,#1835,#1836));
#5099=EDGE_LOOP('',(#1837,#1838,#1839,#1840));
#5100=EDGE_LOOP('',(#1841,#1842,#1843,#1844));
#5101=EDGE_LOOP('',(#1845,#1846,#1847,#1848,#1849,#1850));
#5102=EDGE_LOOP('',(#1851,#1852,#1853,#1854,#1855,#1856));
#5103=EDGE_LOOP('',(#1857,#1858,#1859,#1860));
#5104=EDGE_LOOP('',(#1861,#1862,#1863,#1864,#1865,#1866));
#5105=EDGE_LOOP('',(#1867,#1868,#1869,#1870,#1871,#1872));
#5106=EDGE_LOOP('',(#1873,#1874,#1875,#1876));
#5107=EDGE_LOOP('',(#1877,#1878,#1879,#1880,#1881));
#5108=EDGE_LOOP('',(#1882,#1883,#1884,#1885,#1886));
#5109=EDGE_LOOP('',(#1887,#1888,#1889,#1890,#1891,#1892));
#5110=EDGE_LOOP('',(#1893,#1894,#1895,#1896,#1897));
#5111=EDGE_LOOP('',(#1898,#1899,#1900,#1901,#1902));
#5112=EDGE_LOOP('',(#1903,#1904,#1905,#1906,#1907,#1908));
#5113=EDGE_LOOP('',(#1909,#1910,#1911,#1912));
#5114=EDGE_LOOP('',(#1913,#1914,#1915,#1916));
#5115=EDGE_LOOP('',(#1917,#1918,#1919,#1920));
#5116=EDGE_LOOP('',(#1921,#1922,#1923,#1924));
#5117=EDGE_LOOP('',(#1925,#1926,#1927,#1928));
#5118=EDGE_LOOP('',(#1929,#1930,#1931,#1932));
#5119=EDGE_LOOP('',(#1933,#1934,#1935,#1936));
#5120=EDGE_LOOP('',(#1937,#1938,#1939,#1940));
#5121=EDGE_LOOP('',(#1941,#1942,#1943,#1944));
#5122=EDGE_LOOP('',(#1945,#1946,#1947,#1948));
#5123=EDGE_LOOP('',(#1949,#1950,#1951,#1952));
#5124=EDGE_LOOP('',(#1953,#1954,#1955,#1956));
#5125=EDGE_LOOP('',(#1957,#1958,#1959,#1960,#1961,#1962));
#5126=EDGE_LOOP('',(#1963,#1964,#1965,#1966,#1967,#1968));
#5127=EDGE_LOOP('',(#1969,#1970,#1971,#1972));
#5128=EDGE_LOOP('',(#1973,#1974,#1975,#1976));
#5129=EDGE_LOOP('',(#1977,#1978,#1979,#1980));
#5130=EDGE_LOOP('',(#1981,#1982,#1983,#1984));
#5131=EDGE_LOOP('',(#1985,#1986,#1987,#1988,#1989,#1990));
#5132=EDGE_LOOP('',(#1991,#1992,#1993,#1994,#1995,#1996));
#5133=EDGE_LOOP('',(#1997,#1998,#1999,#2000));
#5134=EDGE_LOOP('',(#2001,#2002,#2003,#2004));
#5135=EDGE_LOOP('',(#2005,#2006,#2007,#2008));
#5136=EDGE_LOOP('',(#2009,#2010,#2011,#2012));
#5137=EDGE_LOOP('',(#2013,#2014,#2015,#2016));
#5138=EDGE_LOOP('',(#2017,#2018,#2019,#2020));
#5139=EDGE_LOOP('',(#2021,#2022,#2023,#2024));
#5140=EDGE_LOOP('',(#2025,#2026,#2027,#2028));
#5141=EDGE_LOOP('',(#2029,#2030,#2031,#2032));
#5142=EDGE_LOOP('',(#2033,#2034,#2035,#2036));
#5143=EDGE_LOOP('',(#2037,#2038,#2039,#2040));
#5144=EDGE_LOOP('',(#2041,#2042,#2043,#2044));
#5145=EDGE_LOOP('',(#2045,#2046,#2047,#2048));
#5146=EDGE_LOOP('',(#2049,#2050,#2051,#2052));
#5147=EDGE_LOOP('',(#2053,#2054,#2055,#2056));
#5148=EDGE_LOOP('',(#2057,#2058,#2059,#2060));
#5149=EDGE_LOOP('',(#2061,#2062,#2063,#2064));
#5150=EDGE_LOOP('',(#2065,#2066,#2067,#2068));
#5151=EDGE_LOOP('',(#2069,#2070,#2071,#2072));
#5152=EDGE_LOOP('',(#2073,#2074,#2075,#2076));
#5153=EDGE_LOOP('',(#2077,#2078,#2079,#2080));
#5154=EDGE_LOOP('',(#2081,#2082,#2083,#2084,#2085));
#5155=EDGE_LOOP('',(#2086,#2087,#2088,#2089,#2090));
#5156=EDGE_LOOP('',(#2091,#2092,#2093,#2094));
#5157=EDGE_LOOP('',(#2095,#2096,#2097,#2098));
#5158=EDGE_LOOP('',(#2099,#2100,#2101,#2102,#2103));
#5159=EDGE_LOOP('',(#2104));
#5160=EDGE_LOOP('',(#2105));
#5161=EDGE_LOOP('',(#2106,#2107,#2108,#2109));
#5162=EDGE_LOOP('',(#2110,#2111,#2112,#2113));
#5163=EDGE_LOOP('',(#2114,#2115,#2116,#2117));
#5164=FACE_BOUND('',#4821,.T.);
#5165=FACE_BOUND('',#4822,.T.);
#5166=FACE_BOUND('',#4823,.T.);
#5167=FACE_BOUND('',#4824,.T.);
#5168=FACE_BOUND('',#4825,.T.);
#5169=FACE_BOUND('',#4826,.T.);
#5170=FACE_BOUND('',#4827,.T.);
#5171=FACE_BOUND('',#4828,.T.);
#5172=FACE_BOUND('',#4829,.T.);
#5173=FACE_BOUND('',#4830,.T.);
#5174=FACE_BOUND('',#4831,.T.);
#5175=FACE_BOUND('',#4832,.T.);
#5176=FACE_BOUND('',#4833,.T.);
#5177=FACE_BOUND('',#4834,.T.);
#5178=FACE_BOUND('',#4835,.T.);
#5179=FACE_BOUND('',#4836,.T.);
#5180=FACE_BOUND('',#4837,.T.);
#5181=FACE_BOUND('',#4838,.T.);
#5182=FACE_BOUND('',#4839,.T.);
#5183=FACE_BOUND('',#4840,.T.);
#5184=FACE_BOUND('',#4841,.T.);
#5185=FACE_BOUND('',#4842,.T.);
#5186=FACE_BOUND('',#4843,.T.);
#5187=FACE_BOUND('',#4844,.T.);
#5188=FACE_BOUND('',#4845,.T.);
#5189=FACE_BOUND('',#4846,.T.);
#5190=FACE_BOUND('',#4847,.T.);
#5191=FACE_BOUND('',#4848,.T.);
#5192=FACE_BOUND('',#4849,.T.);
#5193=FACE_BOUND('',#4850,.T.);
#5194=FACE_BOUND('',#4851,.T.);
#5195=FACE_BOUND('',#4852,.T.);
#5196=FACE_BOUND('',#4853,.T.);
#5197=FACE_BOUND('',#4854,.T.);
#5198=FACE_BOUND('',#4855,.T.);
#5199=FACE_BOUND('',#4856,.T.);
#5200=FACE_BOUND('',#4857,.T.);
#5201=FACE_BOUND('',#4858,.T.);
#5202=FACE_BOUND('',#4859,.T.);
#5203=FACE_BOUND('',#4860,.T.);
#5204=FACE_BOUND('',#4861,.T.);
#5205=FACE_BOUND('',#4862,.T.);
#5206=FACE_BOUND('',#4863,.T.);
#5207=FACE_BOUND('',#4864,.T.);
#5208=FACE_BOUND('',#4865,.T.);
#5209=FACE_BOUND('',#4866,.T.);
#5210=FACE_BOUND('',#4867,.T.);
#5211=FACE_BOUND('',#4868,.T.);
#5212=FACE_BOUND('',#4869,.T.);
#5213=FACE_BOUND('',#4870,.T.);
#5214=FACE_BOUND('',#4871,.T.);
#5215=FACE_BOUND('',#4872,.T.);
#5216=FACE_BOUND('',#4873,.T.);
#5217=FACE_BOUND('',#4874,.T.);
#5218=FACE_BOUND('',#4875,.T.);
#5219=FACE_BOUND('',#4876,.T.);
#5220=FACE_BOUND('',#4877,.T.);
#5221=FACE_BOUND('',#4878,.T.);
#5222=FACE_BOUND('',#4879,.T.);
#5223=FACE_BOUND('',#4880,.T.);
#5224=FACE_BOUND('',#4881,.T.);
#5225=FACE_BOUND('',#4882,.T.);
#5226=FACE_BOUND('',#4883,.T.);
#5227=FACE_BOUND('',#4884,.T.);
#5228=FACE_BOUND('',#4885,.T.);
#5229=FACE_BOUND('',#4886,.T.);
#5230=FACE_BOUND('',#4887,.T.);
#5231=FACE_BOUND('',#4888,.T.);
#5232=FACE_BOUND('',#4889,.T.);
#5233=FACE_BOUND('',#4890,.T.);
#5234=FACE_BOUND('',#4891,.T.);
#5235=FACE_BOUND('',#4892,.T.);
#5236=FACE_BOUND('',#4893,.T.);
#5237=FACE_BOUND('',#4894,.T.);
#5238=FACE_BOUND('',#4895,.T.);
#5239=FACE_BOUND('',#4896,.T.);
#5240=FACE_BOUND('',#4897,.T.);
#5241=FACE_BOUND('',#4898,.T.);
#5242=FACE_BOUND('',#4899,.T.);
#5243=FACE_BOUND('',#4900,.T.);
#5244=FACE_BOUND('',#4901,.T.);
#5245=FACE_BOUND('',#4902,.T.);
#5246=FACE_BOUND('',#4903,.T.);
#5247=FACE_BOUND('',#4904,.T.);
#5248=FACE_BOUND('',#4905,.T.);
#5249=FACE_BOUND('',#4906,.T.);
#5250=FACE_BOUND('',#4907,.T.);
#5251=FACE_BOUND('',#4908,.T.);
#5252=FACE_BOUND('',#4909,.T.);
#5253=FACE_BOUND('',#4910,.T.);
#5254=FACE_BOUND('',#4911,.T.);
#5255=FACE_BOUND('',#4912,.T.);
#5256=FACE_BOUND('',#4913,.T.);
#5257=FACE_BOUND('',#4914,.T.);
#5258=FACE_BOUND('',#4915,.T.);
#5259=FACE_BOUND('',#4916,.T.);
#5260=FACE_BOUND('',#4917,.T.);
#5261=FACE_BOUND('',#4918,.T.);
#5262=FACE_BOUND('',#4919,.T.);
#5263=FACE_BOUND('',#4920,.T.);
#5264=FACE_BOUND('',#4921,.T.);
#5265=FACE_BOUND('',#4922,.T.);
#5266=FACE_BOUND('',#4923,.T.);
#5267=FACE_BOUND('',#4924,.T.);
#5268=FACE_BOUND('',#4925,.T.);
#5269=FACE_BOUND('',#4926,.T.);
#5270=FACE_BOUND('',#4927,.T.);
#5271=FACE_BOUND('',#4928,.T.);
#5272=FACE_BOUND('',#4929,.T.);
#5273=FACE_BOUND('',#4930,.T.);
#5274=FACE_BOUND('',#4931,.T.);
#5275=FACE_BOUND('',#4932,.T.);
#5276=FACE_BOUND('',#4933,.T.);
#5277=FACE_BOUND('',#4934,.T.);
#5278=FACE_BOUND('',#4935,.T.);
#5279=FACE_BOUND('',#4936,.T.);
#5280=FACE_BOUND('',#4937,.T.);
#5281=FACE_BOUND('',#4938,.T.);
#5282=FACE_BOUND('',#4939,.T.);
#5283=FACE_BOUND('',#4940,.T.);
#5284=FACE_BOUND('',#4941,.T.);
#5285=FACE_BOUND('',#4942,.T.);
#5286=FACE_BOUND('',#4943,.T.);
#5287=FACE_BOUND('',#4944,.T.);
#5288=FACE_BOUND('',#4945,.T.);
#5289=FACE_BOUND('',#4946,.T.);
#5290=FACE_BOUND('',#4947,.T.);
#5291=FACE_BOUND('',#4948,.T.);
#5292=FACE_BOUND('',#4949,.T.);
#5293=FACE_BOUND('',#4950,.T.);
#5294=FACE_BOUND('',#4951,.T.);
#5295=FACE_BOUND('',#4952,.T.);
#5296=FACE_BOUND('',#4953,.T.);
#5297=FACE_BOUND('',#4954,.T.);
#5298=FACE_BOUND('',#4955,.T.);
#5299=FACE_BOUND('',#4956,.T.);
#5300=FACE_BOUND('',#4957,.T.);
#5301=FACE_BOUND('',#4958,.T.);
#5302=FACE_BOUND('',#4959,.T.);
#5303=FACE_BOUND('',#4960,.T.);
#5304=FACE_BOUND('',#4961,.T.);
#5305=FACE_BOUND('',#4962,.T.);
#5306=FACE_BOUND('',#4963,.T.);
#5307=FACE_BOUND('',#4964,.T.);
#5308=FACE_BOUND('',#4965,.T.);
#5309=FACE_BOUND('',#4966,.T.);
#5310=FACE_BOUND('',#4967,.T.);
#5311=FACE_BOUND('',#4968,.T.);
#5312=FACE_BOUND('',#4969,.T.);
#5313=FACE_BOUND('',#4970,.T.);
#5314=FACE_BOUND('',#4971,.T.);
#5315=FACE_BOUND('',#4972,.T.);
#5316=FACE_BOUND('',#4973,.T.);
#5317=FACE_BOUND('',#4974,.T.);
#5318=FACE_BOUND('',#4975,.T.);
#5319=FACE_BOUND('',#4976,.T.);
#5320=FACE_BOUND('',#4977,.T.);
#5321=FACE_BOUND('',#4978,.T.);
#5322=FACE_BOUND('',#4979,.T.);
#5323=FACE_BOUND('',#4980,.T.);
#5324=FACE_BOUND('',#4981,.T.);
#5325=FACE_BOUND('',#4982,.T.);
#5326=FACE_BOUND('',#4983,.T.);
#5327=FACE_BOUND('',#4984,.T.);
#5328=FACE_BOUND('',#4985,.T.);
#5329=FACE_BOUND('',#4986,.T.);
#5330=FACE_BOUND('',#4987,.T.);
#5331=FACE_BOUND('',#4988,.T.);
#5332=FACE_BOUND('',#4989,.T.);
#5333=FACE_BOUND('',#4990,.T.);
#5334=FACE_BOUND('',#4991,.T.);
#5335=FACE_BOUND('',#4992,.T.);
#5336=FACE_BOUND('',#4993,.T.);
#5337=FACE_BOUND('',#4994,.T.);
#5338=FACE_BOUND('',#4995,.T.);
#5339=FACE_BOUND('',#4996,.T.);
#5340=FACE_BOUND('',#4997,.T.);
#5341=FACE_BOUND('',#4998,.T.);
#5342=FACE_BOUND('',#4999,.T.);
#5343=FACE_BOUND('',#5000,.T.);
#5344=FACE_BOUND('',#5001,.T.);
#5345=FACE_BOUND('',#5002,.T.);
#5346=FACE_BOUND('',#5003,.T.);
#5347=FACE_BOUND('',#5004,.T.);
#5348=FACE_BOUND('',#5005,.T.);
#5349=FACE_BOUND('',#5006,.T.);
#5350=FACE_BOUND('',#5007,.T.);
#5351=FACE_BOUND('',#5008,.T.);
#5352=FACE_BOUND('',#5009,.T.);
#5353=FACE_BOUND('',#5010,.T.);
#5354=FACE_BOUND('',#5011,.T.);
#5355=FACE_BOUND('',#5012,.T.);
#5356=FACE_BOUND('',#5013,.T.);
#5357=FACE_BOUND('',#5014,.T.);
#5358=FACE_BOUND('',#5015,.T.);
#5359=FACE_BOUND('',#5016,.T.);
#5360=FACE_BOUND('',#5017,.T.);
#5361=FACE_BOUND('',#5018,.T.);
#5362=FACE_BOUND('',#5019,.T.);
#5363=FACE_BOUND('',#5020,.T.);
#5364=FACE_BOUND('',#5021,.T.);
#5365=FACE_BOUND('',#5022,.T.);
#5366=FACE_BOUND('',#5023,.T.);
#5367=FACE_BOUND('',#5024,.T.);
#5368=FACE_BOUND('',#5025,.T.);
#5369=FACE_BOUND('',#5026,.T.);
#5370=FACE_BOUND('',#5027,.T.);
#5371=FACE_BOUND('',#5028,.T.);
#5372=FACE_BOUND('',#5029,.T.);
#5373=FACE_BOUND('',#5030,.T.);
#5374=FACE_BOUND('',#5031,.T.);
#5375=FACE_BOUND('',#5032,.T.);
#5376=FACE_BOUND('',#5033,.T.);
#5377=FACE_BOUND('',#5034,.T.);
#5378=FACE_BOUND('',#5035,.T.);
#5379=FACE_BOUND('',#5036,.T.);
#5380=FACE_BOUND('',#5037,.T.);
#5381=FACE_BOUND('',#5038,.T.);
#5382=FACE_BOUND('',#5039,.T.);
#5383=FACE_BOUND('',#5040,.T.);
#5384=FACE_BOUND('',#5041,.T.);
#5385=FACE_BOUND('',#5042,.T.);
#5386=FACE_BOUND('',#5043,.T.);
#5387=FACE_BOUND('',#5044,.T.);
#5388=FACE_BOUND('',#5045,.T.);
#5389=FACE_BOUND('',#5046,.T.);
#5390=FACE_BOUND('',#5047,.T.);
#5391=FACE_BOUND('',#5048,.T.);
#5392=FACE_BOUND('',#5049,.T.);
#5393=FACE_BOUND('',#5050,.T.);
#5394=FACE_BOUND('',#5051,.T.);
#5395=FACE_BOUND('',#5052,.T.);
#5396=FACE_BOUND('',#5053,.T.);
#5397=FACE_BOUND('',#5054,.T.);
#5398=FACE_BOUND('',#5055,.T.);
#5399=FACE_BOUND('',#5056,.T.);
#5400=FACE_BOUND('',#5057,.T.);
#5401=FACE_BOUND('',#5058,.T.);
#5402=FACE_BOUND('',#5059,.T.);
#5403=FACE_BOUND('',#5060,.T.);
#5404=FACE_BOUND('',#5061,.T.);
#5405=FACE_BOUND('',#5062,.T.);
#5406=FACE_BOUND('',#5063,.T.);
#5407=FACE_BOUND('',#5064,.T.);
#5408=FACE_BOUND('',#5065,.T.);
#5409=FACE_BOUND('',#5066,.T.);
#5410=FACE_BOUND('',#5067,.T.);
#5411=FACE_BOUND('',#5068,.T.);
#5412=FACE_BOUND('',#5069,.T.);
#5413=FACE_BOUND('',#5070,.T.);
#5414=FACE_BOUND('',#5071,.T.);
#5415=FACE_BOUND('',#5072,.T.);
#5416=FACE_BOUND('',#5073,.T.);
#5417=FACE_BOUND('',#5074,.T.);
#5418=FACE_BOUND('',#5075,.T.);
#5419=FACE_BOUND('',#5076,.T.);
#5420=FACE_BOUND('',#5077,.T.);
#5421=FACE_BOUND('',#5078,.T.);
#5422=FACE_BOUND('',#5079,.T.);
#5423=FACE_BOUND('',#5080,.T.);
#5424=FACE_BOUND('',#5081,.T.);
#5425=FACE_BOUND('',#5082,.T.);
#5426=FACE_BOUND('',#5083,.T.);
#5427=FACE_BOUND('',#5084,.T.);
#5428=FACE_BOUND('',#5085,.T.);
#5429=FACE_BOUND('',#5086,.T.);
#5430=FACE_BOUND('',#5087,.T.);
#5431=FACE_BOUND('',#5088,.T.);
#5432=FACE_BOUND('',#5089,.T.);
#5433=FACE_BOUND('',#5090,.T.);
#5434=FACE_BOUND('',#5091,.T.);
#5435=FACE_BOUND('',#5092,.T.);
#5436=FACE_BOUND('',#5093,.T.);
#5437=FACE_BOUND('',#5094,.T.);
#5438=FACE_BOUND('',#5095,.T.);
#5439=FACE_BOUND('',#5096,.T.);
#5440=FACE_BOUND('',#5097,.T.);
#5441=FACE_BOUND('',#5098,.T.);
#5442=FACE_BOUND('',#5099,.T.);
#5443=FACE_BOUND('',#5100,.T.);
#5444=FACE_BOUND('',#5101,.T.);
#5445=FACE_BOUND('',#5102,.T.);
#5446=FACE_BOUND('',#5103,.T.);
#5447=FACE_BOUND('',#5104,.T.);
#5448=FACE_BOUND('',#5105,.T.);
#5449=FACE_BOUND('',#5106,.T.);
#5450=FACE_BOUND('',#5107,.T.);
#5451=FACE_BOUND('',#5108,.T.);
#5452=FACE_BOUND('',#5109,.T.);
#5453=FACE_BOUND('',#5110,.T.);
#5454=FACE_BOUND('',#5111,.T.);
#5455=FACE_BOUND('',#5112,.T.);
#5456=FACE_BOUND('',#5113,.T.);
#5457=FACE_BOUND('',#5114,.T.);
#5458=FACE_BOUND('',#5115,.T.);
#5459=FACE_BOUND('',#5116,.T.);
#5460=FACE_BOUND('',#5117,.T.);
#5461=FACE_BOUND('',#5118,.T.);
#5462=FACE_BOUND('',#5119,.T.);
#5463=FACE_BOUND('',#5120,.T.);
#5464=FACE_BOUND('',#5121,.T.);
#5465=FACE_BOUND('',#5122,.T.);
#5466=FACE_BOUND('',#5123,.T.);
#5467=FACE_BOUND('',#5124,.T.);
#5468=FACE_BOUND('',#5125,.T.);
#5469=FACE_BOUND('',#5126,.T.);
#5470=FACE_BOUND('',#5127,.T.);
#5471=FACE_BOUND('',#5128,.T.);
#5472=FACE_BOUND('',#5129,.T.);
#5473=FACE_BOUND('',#5130,.T.);
#5474=FACE_BOUND('',#5131,.T.);
#5475=FACE_BOUND('',#5132,.T.);
#5476=FACE_BOUND('',#5133,.T.);
#5477=FACE_BOUND('',#5134,.T.);
#5478=FACE_BOUND('',#5135,.T.);
#5479=FACE_BOUND('',#5136,.T.);
#5480=FACE_BOUND('',#5137,.T.);
#5481=FACE_BOUND('',#5138,.T.);
#5482=FACE_BOUND('',#5139,.T.);
#5483=FACE_BOUND('',#5140,.T.);
#5484=FACE_BOUND('',#5141,.T.);
#5485=FACE_BOUND('',#5142,.T.);
#5486=FACE_BOUND('',#5143,.T.);
#5487=FACE_BOUND('',#5144,.T.);
#5488=FACE_BOUND('',#5145,.T.);
#5489=FACE_BOUND('',#5146,.T.);
#5490=FACE_BOUND('',#5147,.T.);
#5491=FACE_BOUND('',#5148,.T.);
#5492=FACE_BOUND('',#5149,.T.);
#5493=FACE_BOUND('',#5150,.T.);
#5494=FACE_BOUND('',#5151,.T.);
#5495=FACE_BOUND('',#5152,.T.);
#5496=FACE_BOUND('',#5153,.T.);
#5497=FACE_BOUND('',#5154,.T.);
#5498=FACE_BOUND('',#5155,.T.);
#5499=FACE_BOUND('',#5156,.T.);
#5500=FACE_BOUND('',#5157,.T.);
#5501=FACE_BOUND('',#5158,.T.);
#5502=FACE_BOUND('',#5159,.T.);
#5503=FACE_BOUND('',#5160,.T.);
#5504=FACE_BOUND('',#5161,.T.);
#5505=FACE_BOUND('',#5162,.T.);
#5506=FACE_BOUND('',#5163,.T.);
#5507=PLANE('',#6047);
#5508=PLANE('',#6054);
#5509=PLANE('',#6055);
#5510=PLANE('',#6056);
#5511=PLANE('',#6057);
#5512=PLANE('',#6059);
#5513=PLANE('',#6060);
#5514=PLANE('',#6063);
#5515=PLANE('',#6064);
#5516=PLANE('',#6076);
#5517=PLANE('',#6078);
#5518=PLANE('',#6079);
#5519=PLANE('',#6080);
#5520=PLANE('',#6083);
#5521=PLANE('',#6084);
#5522=PLANE('',#6090);
#5523=PLANE('',#6091);
#5524=PLANE('',#6097);
#5525=PLANE('',#6098);
#5526=PLANE('',#6099);
#5527=PLANE('',#6114);
#5528=PLANE('',#6115);
#5529=PLANE('',#6116);
#5530=PLANE('',#6117);
#5531=PLANE('',#6118);
#5532=PLANE('',#6129);
#5533=PLANE('',#6130);
#5534=PLANE('',#6131);
#5535=PLANE('',#6136);
#5536=PLANE('',#6137);
#5537=PLANE('',#6141);
#5538=PLANE('',#6157);
#5539=PLANE('',#6161);
#5540=PLANE('',#6165);
#5541=PLANE('',#6170);
#5542=PLANE('',#6179);
#5543=PLANE('',#6180);
#5544=PLANE('',#6182);
#5545=PLANE('',#6190);
#5546=PLANE('',#6191);
#5547=PLANE('',#6192);
#5548=PLANE('',#6193);
#5549=PLANE('',#6194);
#5550=PLANE('',#6195);
#5551=PLANE('',#6196);
#5552=PLANE('',#6197);
#5553=PLANE('',#6198);
#5554=PLANE('',#6199);
#5555=PLANE('',#6200);
#5556=PLANE('',#6201);
#5557=PLANE('',#6202);
#5558=PLANE('',#6203);
#5559=PLANE('',#6204);
#5560=PLANE('',#6205);
#5561=PLANE('',#6206);
#5562=PLANE('',#6208);
#5563=PLANE('',#6209);
#5564=PLANE('',#6211);
#5565=PLANE('',#6213);
#5566=PLANE('',#6214);
#5567=PLANE('',#6216);
#5568=PLANE('',#6218);
#5569=PLANE('',#6220);
#5570=PLANE('',#6226);
#5571=PLANE('',#6227);
#5572=PLANE('',#6229);
#5573=PLANE('',#6231);
#5574=PLANE('',#6233);
#5575=PLANE('',#6235);
#5576=PLANE('',#6237);
#5577=PLANE('',#6238);
#5578=PLANE('',#6241);
#5579=PLANE('',#6242);
#5580=PLANE('',#6245);
#5581=PLANE('',#6246);
#5582=PLANE('',#6249);
#5583=PLANE('',#6250);
#5584=PLANE('',#6252);
#5585=PLANE('',#6253);
#5586=PLANE('',#6255);
#5587=PLANE('',#6256);
#5588=PLANE('',#6258);
#5589=PLANE('',#6259);
#5590=PLANE('',#6270);
#5591=PLANE('',#6271);
#5592=PLANE('',#6272);
#5593=PLANE('',#6273);
#5594=PLANE('',#6274);
#5595=PLANE('',#6277);
#5596=PLANE('',#6278);
#5597=PLANE('',#6284);
#5598=PLANE('',#6285);
#5599=PLANE('',#6287);
#5600=PLANE('',#6288);
#5601=PLANE('',#6290);
#5602=PLANE('',#6291);
#5603=PLANE('',#6292);
#5604=PLANE('',#6294);
#5605=PLANE('',#6296);
#5606=PLANE('',#6297);
#5607=PLANE('',#6298);
#5608=PLANE('',#6299);
#5609=PLANE('',#6300);
#5610=PLANE('',#6302);
#5611=PLANE('',#6303);
#5612=PLANE('',#6306);
#5613=PLANE('',#6311);
#5614=PLANE('',#6314);
#5615=PLANE('',#6315);
#5616=PLANE('',#6316);
#5617=PLANE('',#6317);
#5618=PLANE('',#6318);
#5619=PLANE('',#6319);
#5620=PLANE('',#6321);
#5621=PLANE('',#6322);
#5622=PLANE('',#6324);
#5623=PLANE('',#6326);
#5624=PLANE('',#6328);
#5625=PLANE('',#6329);
#5626=PLANE('',#6332);
#5627=PLANE('',#6333);
#5628=PLANE('',#6336);
#5629=PLANE('',#6337);
#5630=PLANE('',#6338);
#5631=PLANE('',#6339);
#5632=PLANE('',#6340);
#5633=PLANE('',#6341);
#5634=PLANE('',#6342);
#5635=PLANE('',#6343);
#5636=PLANE('',#6344);
#5637=PLANE('',#6345);
#5638=PLANE('',#6346);
#5639=PLANE('',#6347);
#5640=PLANE('',#6348);
#5641=PLANE('',#6349);
#5642=PLANE('',#6350);
#5643=PLANE('',#6351);
#5644=PLANE('',#6352);
#5645=PLANE('',#6353);
#5646=PLANE('',#6411);
#5647=PLANE('',#6412);
#5648=PLANE('',#6414);
#5649=PLANE('',#6427);
#5650=PLANE('',#6430);
#5651=PLANE('',#6431);
#5652=PLANE('',#6432);
#5653=PLANE('',#6445);
#5654=PLANE('',#6446);
#5655=PLANE('',#6447);
#5656=PLANE('',#6448);
#5657=PLANE('',#6450);
#5658=PLANE('',#6453);
#5659=PLANE('',#6455);
#5660=PLANE('',#6457);
#5661=PLANE('',#6460);
#5662=PLANE('',#6461);
#5663=PLANE('',#6462);
#5664=PLANE('',#6463);
#5665=PLANE('',#6470);
#5666=PLANE('',#6477);
#5667=PLANE('',#6479);
#5668=PLANE('',#6480);
#5669=PLANE('',#6481);
#5670=PLANE('',#6483);
#5671=PLANE('',#6485);
#5672=PLANE('',#6486);
#5673=PLANE('',#6488);
#5674=PLANE('',#6490);
#5675=PLANE('',#6491);
#5676=PLANE('',#6493);
#5677=PLANE('',#6495);
#5678=PLANE('',#6498);
#5679=PLANE('',#6500);
#5680=PLANE('',#6502);
#5681=PLANE('',#6521);
#5682=PLANE('',#6522);
#5683=PLANE('',#6527);
#5684=PLANE('',#6528);
#5685=PLANE('',#6529);
#5686=PLANE('',#6531);
#5687=PLANE('',#6533);
#5688=PLANE('',#6535);
#5689=PLANE('',#6536);
#5690=PLANE('',#6539);
#5691=PLANE('',#6541);
#5692=PLANE('',#6543);
#5693=PLANE('',#6544);
#5694=PLANE('',#6545);
#5695=PLANE('',#6548);
#5696=PLANE('',#6550);
#5697=PLANE('',#6551);
#5698=PLANE('',#6555);
#5699=ADVANCED_FACE('',(#5164,#5165,#5166,#5167),#5507,.T.);
#5700=ADVANCED_FACE('',(#5168),#5508,.F.);
#5701=ADVANCED_FACE('',(#5169),#5509,.T.);
#5702=ADVANCED_FACE('',(#5170),#5510,.F.);
#5703=ADVANCED_FACE('',(#5171),#5511,.F.);
#5704=ADVANCED_FACE('',(#5172),#5512,.T.);
#5705=ADVANCED_FACE('',(#5173),#5513,.F.);
#5706=ADVANCED_FACE('',(#5174),#5514,.T.);
#5707=ADVANCED_FACE('',(#5175),#5515,.T.);
#5708=ADVANCED_FACE('',(#5176),#5516,.F.);
#5709=ADVANCED_FACE('',(#5177),#5517,.F.);
#5710=ADVANCED_FACE('',(#5178),#5518,.F.);
#5711=ADVANCED_FACE('',(#5179),#5519,.T.);
#5712=ADVANCED_FACE('',(#5180),#5520,.F.);
#5713=ADVANCED_FACE('',(#5181),#5521,.T.);
#5714=ADVANCED_FACE('',(#5182),#5522,.F.);
#5715=ADVANCED_FACE('',(#5183),#5523,.F.);
#5716=ADVANCED_FACE('',(#5184),#5524,.F.);
#5717=ADVANCED_FACE('',(#5185),#5525,.F.);
#5718=ADVANCED_FACE('',(#5186,#5187,#5188,#5189),#5526,.F.);
#5719=ADVANCED_FACE('',(#5190),#5527,.F.);
#5720=ADVANCED_FACE('',(#5191),#5528,.T.);
#5721=ADVANCED_FACE('',(#5192),#5529,.T.);
#5722=ADVANCED_FACE('',(#5193),#5530,.T.);
#5723=ADVANCED_FACE('',(#5194),#5531,.T.);
#5724=ADVANCED_FACE('',(#5195),#88,.F.);
#5725=ADVANCED_FACE('',(#5196),#89,.F.);
#5726=ADVANCED_FACE('',(#5197),#5532,.F.);
#5727=ADVANCED_FACE('',(#5198,#5199),#5533,.T.);
#5728=ADVANCED_FACE('',(#5200),#5534,.T.);
#5729=ADVANCED_FACE('',(#5201),#90,.F.);
#5730=ADVANCED_FACE('',(#5202),#5535,.F.);
#5731=ADVANCED_FACE('',(#5203),#5536,.T.);
#5732=ADVANCED_FACE('',(#5204,#5205,#5206,#5207),#5537,.T.);
#5733=ADVANCED_FACE('',(#5208),#91,.T.);
#5734=ADVANCED_FACE('',(#5209),#5538,.F.);
#5735=ADVANCED_FACE('',(#5210),#92,.F.);
#5736=ADVANCED_FACE('',(#5211),#5539,.F.);
#5737=ADVANCED_FACE('',(#5212),#93,.F.);
#5738=ADVANCED_FACE('',(#5213),#5540,.T.);
#5739=ADVANCED_FACE('',(#5214),#94,.T.);
#5740=ADVANCED_FACE('',(#5215),#95,.F.);
#5741=ADVANCED_FACE('',(#5216),#5541,.T.);
#5742=ADVANCED_FACE('',(#5217),#96,.F.);
#5743=ADVANCED_FACE('',(#5218),#97,.F.);
#5744=ADVANCED_FACE('',(#5219),#98,.F.);
#5745=ADVANCED_FACE('',(#5220),#99,.F.);
#5746=ADVANCED_FACE('',(#5221),#5542,.T.);
#5747=ADVANCED_FACE('',(#5222),#5543,.T.);
#5748=ADVANCED_FACE('',(#5223,#5224),#5544,.T.);
#5749=ADVANCED_FACE('',(#5225),#5545,.T.);
#5750=ADVANCED_FACE('',(#5226),#5546,.T.);
#5751=ADVANCED_FACE('',(#5227),#5547,.T.);
#5752=ADVANCED_FACE('',(#5228),#5548,.F.);
#5753=ADVANCED_FACE('',(#5229),#5549,.F.);
#5754=ADVANCED_FACE('',(#5230),#5550,.T.);
#5755=ADVANCED_FACE('',(#5231),#5551,.F.);
#5756=ADVANCED_FACE('',(#5232),#5552,.F.);
#5757=ADVANCED_FACE('',(#5233),#5553,.T.);
#5758=ADVANCED_FACE('',(#5234),#5554,.T.);
#5759=ADVANCED_FACE('',(#5235),#5555,.F.);
#5760=ADVANCED_FACE('',(#5236),#5556,.F.);
#5761=ADVANCED_FACE('',(#5237),#5557,.F.);
#5762=ADVANCED_FACE('',(#5238),#5558,.F.);
#5763=ADVANCED_FACE('',(#5239),#5559,.F.);
#5764=ADVANCED_FACE('',(#5240),#5560,.F.);
#5765=ADVANCED_FACE('',(#5241),#5561,.T.);
#5766=ADVANCED_FACE('',(#5242),#5562,.T.);
#5767=ADVANCED_FACE('',(#5243),#5563,.T.);
#5768=ADVANCED_FACE('',(#5244),#5564,.F.);
#5769=ADVANCED_FACE('',(#5245),#5565,.F.);
#5770=ADVANCED_FACE('',(#5246),#5566,.F.);
#5771=ADVANCED_FACE('',(#5247),#5567,.T.);
#5772=ADVANCED_FACE('',(#5248),#5568,.T.);
#5773=ADVANCED_FACE('',(#5249),#5569,.F.);
#5774=ADVANCED_FACE('',(#5250),#100,.T.);
#5775=ADVANCED_FACE('',(#5251),#101,.T.);
#5776=ADVANCED_FACE('',(#5252),#102,.T.);
#5777=ADVANCED_FACE('',(#5253),#103,.T.);
#5778=ADVANCED_FACE('',(#5254),#104,.T.);
#5779=ADVANCED_FACE('',(#5255),#5570,.F.);
#5780=ADVANCED_FACE('',(#5256),#5571,.F.);
#5781=ADVANCED_FACE('',(#5257),#35,.F.);
#5782=ADVANCED_FACE('',(#5258),#5572,.T.);
#5783=ADVANCED_FACE('',(#5259),#36,.F.);
#5784=ADVANCED_FACE('',(#5260),#5573,.T.);
#5785=ADVANCED_FACE('',(#5261),#37,.F.);
#5786=ADVANCED_FACE('',(#5262),#5574,.F.);
#5787=ADVANCED_FACE('',(#5263),#38,.F.);
#5788=ADVANCED_FACE('',(#5264),#5575,.F.);
#5789=ADVANCED_FACE('',(#5265),#39,.F.);
#5790=ADVANCED_FACE('',(#5266),#5576,.T.);
#5791=ADVANCED_FACE('',(#5267),#5577,.F.);
#5792=ADVANCED_FACE('',(#5268),#40,.F.);
#5793=ADVANCED_FACE('',(#5269),#41,.F.);
#5794=ADVANCED_FACE('',(#5270),#5578,.T.);
#5795=ADVANCED_FACE('',(#5271),#5579,.F.);
#5796=ADVANCED_FACE('',(#5272),#42,.F.);
#5797=ADVANCED_FACE('',(#5273),#43,.F.);
#5798=ADVANCED_FACE('',(#5274),#5580,.F.);
#5799=ADVANCED_FACE('',(#5275),#5581,.F.);
#5800=ADVANCED_FACE('',(#5276),#44,.F.);
#5801=ADVANCED_FACE('',(#5277),#45,.F.);
#5802=ADVANCED_FACE('',(#5278),#5582,.T.);
#5803=ADVANCED_FACE('',(#5279),#5583,.F.);
#5804=ADVANCED_FACE('',(#5280),#46,.F.);
#5805=ADVANCED_FACE('',(#5281),#5584,.F.);
#5806=ADVANCED_FACE('',(#5282),#5585,.T.);
#5807=ADVANCED_FACE('',(#5283),#47,.F.);
#5808=ADVANCED_FACE('',(#5284),#5586,.F.);
#5809=ADVANCED_FACE('',(#5285),#5587,.F.);
#5810=ADVANCED_FACE('',(#5286),#48,.F.);
#5811=ADVANCED_FACE('',(#5287),#5588,.F.);
#5812=ADVANCED_FACE('',(#5288),#5589,.T.);
#5813=ADVANCED_FACE('',(#5289),#49,.F.);
#5814=ADVANCED_FACE('',(#5290),#50,.F.);
#5815=ADVANCED_FACE('',(#5291),#51,.T.);
#5816=ADVANCED_FACE('',(#5292),#52,.F.);
#5817=ADVANCED_FACE('',(#5293),#53,.F.);
#5818=ADVANCED_FACE('',(#5294),#54,.F.);
#5819=ADVANCED_FACE('',(#5295),#55,.T.);
#5820=ADVANCED_FACE('',(#5296),#56,.F.);
#5821=ADVANCED_FACE('',(#5297),#5590,.F.);
#5822=ADVANCED_FACE('',(#5298),#5591,.T.);
#5823=ADVANCED_FACE('',(#5299),#5592,.F.);
#5824=ADVANCED_FACE('',(#5300),#5593,.F.);
#5825=ADVANCED_FACE('',(#5301),#5594,.F.);
#5826=ADVANCED_FACE('',(#5302),#105,.F.);
#5827=ADVANCED_FACE('',(#5303),#106,.F.);
#5828=ADVANCED_FACE('',(#5304),#5595,.F.);
#5829=ADVANCED_FACE('',(#5305),#5596,.F.);
#5830=ADVANCED_FACE('',(#5306),#107,.F.);
#5831=ADVANCED_FACE('',(#5307),#108,.F.);
#5832=ADVANCED_FACE('',(#5308),#109,.F.);
#5833=ADVANCED_FACE('',(#5309),#110,.F.);
#5834=ADVANCED_FACE('',(#5310),#5597,.F.);
#5835=ADVANCED_FACE('',(#5311),#5598,.F.);
#5836=ADVANCED_FACE('',(#5312),#111,.F.);
#5837=ADVANCED_FACE('',(#5313),#5599,.F.);
#5838=ADVANCED_FACE('',(#5314),#5600,.F.);
#5839=ADVANCED_FACE('',(#5315),#112,.F.);
#5840=ADVANCED_FACE('',(#5316),#5601,.F.);
#5841=ADVANCED_FACE('',(#5317),#5602,.F.);
#5842=ADVANCED_FACE('',(#5318),#5603,.F.);
#5843=ADVANCED_FACE('',(#5319),#113,.T.);
#5844=ADVANCED_FACE('',(#5320),#5604,.F.);
#5845=ADVANCED_FACE('',(#5321),#114,.T.);
#5846=ADVANCED_FACE('',(#5322),#5605,.T.);
#5847=ADVANCED_FACE('',(#5323),#5606,.T.);
#5848=ADVANCED_FACE('',(#5324),#5607,.T.);
#5849=ADVANCED_FACE('',(#5325),#5608,.F.);
#5850=ADVANCED_FACE('',(#5326),#5609,.T.);
#5851=ADVANCED_FACE('',(#5327),#115,.T.);
#5852=ADVANCED_FACE('',(#5328),#5610,.F.);
#5853=ADVANCED_FACE('',(#5329),#5611,.F.);
#5854=ADVANCED_FACE('',(#5330,#5331),#116,.F.);
#5855=ADVANCED_FACE('',(#5332),#5612,.T.);
#5856=ADVANCED_FACE('',(#5333),#117,.F.);
#5857=ADVANCED_FACE('',(#5334),#118,.F.);
#5858=ADVANCED_FACE('',(#5335),#119,.T.);
#5859=ADVANCED_FACE('',(#5336),#120,.T.);
#5860=ADVANCED_FACE('',(#5337),#5613,.T.);
#5861=ADVANCED_FACE('',(#5338),#121,.T.);
#5862=ADVANCED_FACE('',(#5339),#122,.T.);
#5863=ADVANCED_FACE('',(#5340),#5614,.T.);
#5864=ADVANCED_FACE('',(#5341),#5615,.F.);
#5865=ADVANCED_FACE('',(#5342),#5616,.F.);
#5866=ADVANCED_FACE('',(#5343),#5617,.F.);
#5867=ADVANCED_FACE('',(#5344),#5618,.F.);
#5868=ADVANCED_FACE('',(#5345),#5619,.F.);
#5869=ADVANCED_FACE('',(#5346),#5620,.T.);
#5870=ADVANCED_FACE('',(#5347),#5621,.F.);
#5871=ADVANCED_FACE('',(#5348),#5622,.T.);
#5872=ADVANCED_FACE('',(#5349),#5623,.F.);
#5873=ADVANCED_FACE('',(#5350),#5624,.T.);
#5874=ADVANCED_FACE('',(#5351),#5625,.T.);
#5875=ADVANCED_FACE('',(#5352),#123,.F.);
#5876=ADVANCED_FACE('',(#5353),#26,.F.);
#5877=ADVANCED_FACE('',(#5354),#5626,.F.);
#5878=ADVANCED_FACE('',(#5355),#5627,.F.);
#5879=ADVANCED_FACE('',(#5356),#124,.F.);
#5880=ADVANCED_FACE('',(#5357),#125,.F.);
#5881=ADVANCED_FACE('',(#5358),#18,.F.);
#5882=ADVANCED_FACE('',(#5359),#19,.F.);
#5883=ADVANCED_FACE('',(#5360),#20,.F.);
#5884=ADVANCED_FACE('',(#5361),#5628,.F.);
#5885=ADVANCED_FACE('',(#5362),#5629,.F.);
#5886=ADVANCED_FACE('',(#5363),#5630,.F.);
#5887=ADVANCED_FACE('',(#5364),#21,.F.);
#5888=ADVANCED_FACE('',(#5365),#22,.F.);
#5889=ADVANCED_FACE('',(#5366),#23,.F.);
#5890=ADVANCED_FACE('',(#5367),#5631,.F.);
#5891=ADVANCED_FACE('',(#5368),#5632,.F.);
#5892=ADVANCED_FACE('',(#5369),#5633,.F.);
#5893=ADVANCED_FACE('',(#5370),#24,.F.);
#5894=ADVANCED_FACE('',(#5371),#25,.F.);
#5895=ADVANCED_FACE('',(#5372,#5373),#5634,.T.);
#5896=ADVANCED_FACE('',(#5374),#5635,.T.);
#5897=ADVANCED_FACE('',(#5375),#5636,.F.);
#5898=ADVANCED_FACE('',(#5376),#5637,.F.);
#5899=ADVANCED_FACE('',(#5377),#5638,.F.);
#5900=ADVANCED_FACE('',(#5378),#5639,.F.);
#5901=ADVANCED_FACE('',(#5379),#5640,.T.);
#5902=ADVANCED_FACE('',(#5380),#5641,.T.);
#5903=ADVANCED_FACE('',(#5381),#5642,.F.);
#5904=ADVANCED_FACE('',(#5382),#5643,.F.);
#5905=ADVANCED_FACE('',(#5383),#5644,.T.);
#5906=ADVANCED_FACE('',(#5384),#5645,.T.);
#5907=ADVANCED_FACE('',(#5385),#126,.F.);
#5908=ADVANCED_FACE('',(#5386),#127,.F.);
#5909=ADVANCED_FACE('',(#5387),#128,.F.);
#5910=ADVANCED_FACE('',(#5388),#129,.F.);
#5911=ADVANCED_FACE('',(#5389),#130,.F.);
#5912=ADVANCED_FACE('',(#5390),#131,.F.);
#5913=ADVANCED_FACE('',(#5391),#132,.F.);
#5914=ADVANCED_FACE('',(#5392),#133,.F.);
#5915=ADVANCED_FACE('',(#5393),#27,.F.);
#5916=ADVANCED_FACE('',(#5394),#28,.F.);
#5917=ADVANCED_FACE('',(#5395),#29,.F.);
#5918=ADVANCED_FACE('',(#5396),#30,.F.);
#5919=ADVANCED_FACE('',(#5397),#134,.F.);
#5920=ADVANCED_FACE('',(#5398),#135,.F.);
#5921=ADVANCED_FACE('',(#5399),#136,.F.);
#5922=ADVANCED_FACE('',(#5400),#31,.F.);
#5923=ADVANCED_FACE('',(#5401),#32,.F.);
#5924=ADVANCED_FACE('',(#5402),#33,.F.);
#5925=ADVANCED_FACE('',(#5403),#34,.F.);
#5926=ADVANCED_FACE('',(#5404),#137,.F.);
#5927=ADVANCED_FACE('',(#5405),#138,.F.);
#5928=ADVANCED_FACE('',(#5406),#139,.F.);
#5929=ADVANCED_FACE('',(#5407),#140,.F.);
#5930=ADVANCED_FACE('',(#5408),#14,.F.);
#5931=ADVANCED_FACE('',(#5409),#15,.F.);
#5932=ADVANCED_FACE('',(#5410),#141,.F.);
#5933=ADVANCED_FACE('',(#5411),#142,.F.);
#5934=ADVANCED_FACE('',(#5412),#16,.F.);
#5935=ADVANCED_FACE('',(#5413),#17,.F.);
#5936=ADVANCED_FACE('',(#5414),#143,.F.);
#5937=ADVANCED_FACE('',(#5415),#5646,.F.);
#5938=ADVANCED_FACE('',(#5416),#5647,.T.);
#5939=ADVANCED_FACE('',(#5417,#5418,#5419),#5648,.T.);
#5940=ADVANCED_FACE('',(#5420),#5649,.F.);
#5941=ADVANCED_FACE('',(#5421),#5650,.F.);
#5942=ADVANCED_FACE('',(#5422),#5651,.T.);
#5943=ADVANCED_FACE('',(#5423,#5424,#5425),#5652,.F.);
#5944=ADVANCED_FACE('',(#5426),#5653,.T.);
#5945=ADVANCED_FACE('',(#5427),#5654,.T.);
#5946=ADVANCED_FACE('',(#5428),#5655,.F.);
#5947=ADVANCED_FACE('',(#5429),#5656,.F.);
#5948=ADVANCED_FACE('',(#5430),#5657,.F.);
#5949=ADVANCED_FACE('',(#5431),#5658,.F.);
#5950=ADVANCED_FACE('',(#5432),#5659,.F.);
#5951=ADVANCED_FACE('',(#5433),#5660,.F.);
#5952=ADVANCED_FACE('',(#5434),#5661,.F.);
#5953=ADVANCED_FACE('',(#5435),#5662,.F.);
#5954=ADVANCED_FACE('',(#5436),#5663,.T.);
#5955=ADVANCED_FACE('',(#5437,#5438),#5664,.F.);
#5956=ADVANCED_FACE('',(#5439,#5440),#5665,.T.);
#5957=ADVANCED_FACE('',(#5441),#5666,.F.);
#5958=ADVANCED_FACE('',(#5442),#5667,.F.);
#5959=ADVANCED_FACE('',(#5443),#5668,.T.);
#5960=ADVANCED_FACE('',(#5444),#5669,.T.);
#5961=ADVANCED_FACE('',(#5445),#5670,.T.);
#5962=ADVANCED_FACE('',(#5446),#5671,.T.);
#5963=ADVANCED_FACE('',(#5447),#5672,.T.);
#5964=ADVANCED_FACE('',(#5448),#5673,.T.);
#5965=ADVANCED_FACE('',(#5449),#5674,.T.);
#5966=ADVANCED_FACE('',(#5450),#5675,.F.);
#5967=ADVANCED_FACE('',(#5451),#5676,.F.);
#5968=ADVANCED_FACE('',(#5452),#5677,.T.);
#5969=ADVANCED_FACE('',(#5453),#5678,.F.);
#5970=ADVANCED_FACE('',(#5454),#5679,.F.);
#5971=ADVANCED_FACE('',(#5455),#5680,.T.);
#5972=ADVANCED_FACE('',(#5456),#144,.T.);
#5973=ADVANCED_FACE('',(#5457),#145,.T.);
#5974=ADVANCED_FACE('',(#5458),#146,.T.);
#5975=ADVANCED_FACE('',(#5459),#147,.T.);
#5976=ADVANCED_FACE('',(#5460),#148,.T.);
#5977=ADVANCED_FACE('',(#5461),#149,.T.);
#5978=ADVANCED_FACE('',(#5462),#150,.T.);
#5979=ADVANCED_FACE('',(#5463),#151,.T.);
#5980=ADVANCED_FACE('',(#5464),#152,.T.);
#5981=ADVANCED_FACE('',(#5465),#153,.T.);
#5982=ADVANCED_FACE('',(#5466),#154,.T.);
#5983=ADVANCED_FACE('',(#5467),#155,.T.);
#5984=ADVANCED_FACE('',(#5468),#5681,.T.);
#5985=ADVANCED_FACE('',(#5469),#5682,.T.);
#5986=ADVANCED_FACE('',(#5470),#156,.T.);
#5987=ADVANCED_FACE('',(#5471),#157,.T.);
#5988=ADVANCED_FACE('',(#5472),#158,.T.);
#5989=ADVANCED_FACE('',(#5473),#159,.T.);
#5990=ADVANCED_FACE('',(#5474),#5683,.T.);
#5991=ADVANCED_FACE('',(#5475),#5684,.F.);
#5992=ADVANCED_FACE('',(#5476),#5685,.F.);
#5993=ADVANCED_FACE('',(#5477),#160,.F.);
#5994=ADVANCED_FACE('',(#5478),#5686,.F.);
#5995=ADVANCED_FACE('',(#5479),#161,.F.);
#5996=ADVANCED_FACE('',(#5480),#5687,.F.);
#5997=ADVANCED_FACE('',(#5481),#162,.F.);
#5998=ADVANCED_FACE('',(#5482),#5688,.T.);
#5999=ADVANCED_FACE('',(#5483),#5689,.T.);
#6000=ADVANCED_FACE('',(#5484),#163,.F.);
#6001=ADVANCED_FACE('',(#5485),#164,.F.);
#6002=ADVANCED_FACE('',(#5486),#5690,.F.);
#6003=ADVANCED_FACE('',(#5487),#165,.F.);
#6004=ADVANCED_FACE('',(#5488),#5691,.F.);
#6005=ADVANCED_FACE('',(#5489),#166,.F.);
#6006=ADVANCED_FACE('',(#5490),#5692,.T.);
#6007=ADVANCED_FACE('',(#5491),#5693,.T.);
#6008=ADVANCED_FACE('',(#5492),#5694,.T.);
#6009=ADVANCED_FACE('',(#5493),#167,.F.);
#6010=ADVANCED_FACE('',(#5494),#168,.F.);
#6011=ADVANCED_FACE('',(#5495),#5695,.F.);
#6012=ADVANCED_FACE('',(#5496),#169,.T.);
#6013=ADVANCED_FACE('',(#5497),#5696,.F.);
#6014=ADVANCED_FACE('',(#5498),#5697,.F.);
#6015=ADVANCED_FACE('',(#5499),#170,.T.);
#6016=ADVANCED_FACE('',(#5500),#5698,.F.);
#6017=ADVANCED_FACE('',(#5501),#171,.F.);
#6018=ADVANCED_FACE('',(#5502,#5503),#172,.F.);
#6019=ADVANCED_FACE('',(#5504),#173,.T.);
#6020=ADVANCED_FACE('',(#5505),#174,.F.);
#6021=ADVANCED_FACE('',(#5506),#175,.F.);
#6022=CLOSED_SHELL('',(#5699,#5700,#5701,#5702,#5703,#5704,#5705,#5706,#5707,#5708,#5709,#5710,#5711,#5712,#5713,#5714,#5715,#5716,#5717,#5718,#5719,#5720,#5721,#5722,#5723,#5724,#5725,#5726,#5727,#5728,#5729,#5730,#5731,#5732,#5733,#5734,#5735,#5736,#5737,#5738,#5739,#5740,#5741,#5742,#5743,#5744,#5745,#5746,#5747,#5748,#5749,#5750,#5751,#5752,#5753,#5754,#5755,#5756,#5757,#5758,#5759,#5760,#5761,#5762,#5763,#5764,#5765,#5766,#5767,#5768,#5769,#5770,#5771,#5772,#5773,#5774,#5775,#5776,#5777,#5778,#5779,#5780,#5781,#5782,#5783,#5784,#5785,#5786,#5787,#5788,#5789,#5790,#5791,#5792,#5793,#5794,#5795,#5796,#5797,#5798,#5799,#5800,#5801,#5802,#5803,#5804,#5805,#5806,#5807,#5808,#5809,#5810,#5811,#5812,#5813,#5814,#5815,#5816,#5817,#5818,#5819,#5820,#5821,#5822,#5823,#5824,#5825,#5826,#5827,#5828,#5829,#5830,#5831,#5832,#5833,#5834,#5835,#5836,#5837,#5838,#5839,#5840,#5841,#5842,#5843,#5844,#5845,#5846,#5847,#5848,#5849,#5850,#5851,#5852,#5853,#5854,#5855,#5856,#5857,#5858,#5859,#5860,#5861,#5862,#5863,#5864,#5865,#5866,#5867,#5868,#5869,#5870,#5871,#5872,#5873,#5874,#5875,#5876,#5877,#5878,#5879,#5880,#5881,#5882,#5883,#5884,#5885,#5886,#5887,#5888,#5889,#5890,#5891,#5892,#5893,#5894,#5895,#5896,#5897,#5898,#5899,#5900,#5901,#5902,#5903,#5904,#5905,#5906,#5907,#5908,#5909,#5910,#5911,#5912,#5913,#5914,#5915,#5916,#5917,#5918,#5919,#5920,#5921,#5922,#5923,#5924,#5925,#5926,#5927,#5928,#5929,#5930,#5931,#5932,#5933,#5934,#5935,#5936));
#6023=CLOSED_SHELL('',(#5937,#5938,#5939,#5940,#5941,#5942,#5943,#5944,#5945,#5946,#5947,#5948,#5949,#5950,#5951,#5952,#5953,#5954,#5955,#5956,#5957,#5958,#5959,#5960,#5961,#5962,#5963,#5964,#5965,#5966,#5967,#5968,#5969,#5970,#5971,#5972,#5973,#5974,#5975,#5976,#5977,#5978,#5979,#5980,#5981,#5982,#5983,#5984,#5985,#5986,#5987,#5988,#5989,#5990,#5991,#5992,#5993,#5994,#5995,#5996,#5997,#5998,#5999,#6000,#6001,#6002,#6003,#6004,#6005,#6006,#6007,#6008,#6009,#6010,#6011,#6012,#6013,#6014,#6015,#6016,#6017,#6018,#6019,#6020,#6021));
#6024=STYLED_ITEM('',(#6026),#6040);
#6025=STYLED_ITEM('',(#6027),#6041);
#6026=PRESENTATION_STYLE_ASSIGNMENT((#6028));
#6027=PRESENTATION_STYLE_ASSIGNMENT((#6029));
#6028=SURFACE_STYLE_USAGE(.BOTH.,#6030);
#6029=SURFACE_STYLE_USAGE(.BOTH.,#6031);
#6030=SURFACE_SIDE_STYLE('',(#6032));
#6031=SURFACE_SIDE_STYLE('',(#6033));
#6032=SURFACE_STYLE_FILL_AREA(#6034);
#6033=SURFACE_STYLE_FILL_AREA(#6035);
#6034=FILL_AREA_STYLE('',(#6036));
#6035=FILL_AREA_STYLE('',(#6037));
#6036=FILL_AREA_STYLE_COLOUR('',#6038);
#6037=FILL_AREA_STYLE_COLOUR('',#6039);
#6038=COLOUR_RGB('',0.541176470588235,0.682352941176471,0.83921568627451);
#6039=COLOUR_RGB('',0.0627450980392157,0.266666666666666,0.490196078431373);
#6040=MANIFOLD_SOLID_BREP('Body',#6022);
#6041=MANIFOLD_SOLID_BREP('Lid',#6023);
#6042=SHAPE_DEFINITION_REPRESENTATION(#10231,#6044);
#6043=SHAPE_DEFINITION_REPRESENTATION(#10232,#6045);
#6044=SHAPE_REPRESENTATION('Body',(#6046),#10221);
#6045=SHAPE_REPRESENTATION('Lid',(#6410),#10222);
#6046=AXIS2_PLACEMENT_3D('',#8228,#6561,#6562);
#6047=AXIS2_PLACEMENT_3D('',#8229,#6563,#6564);
#6048=AXIS2_PLACEMENT_3D('',#8275,#6579,#6580);
#6049=AXIS2_PLACEMENT_3D('',#8287,#6586,#6587);
#6050=AXIS2_PLACEMENT_3D('',#8291,#6589,#6590);
#6051=AXIS2_PLACEMENT_3D('',#8295,#6592,#6593);
#6052=AXIS2_PLACEMENT_3D('',#8299,#6595,#6596);
#6053=AXIS2_PLACEMENT_3D('',#8303,#6598,#6599);
#6054=AXIS2_PLACEMENT_3D('',#8304,#6600,#6601);
#6055=AXIS2_PLACEMENT_3D('',#8317,#6608,#6609);
#6056=AXIS2_PLACEMENT_3D('',#8334,#6618,#6619);
#6057=AXIS2_PLACEMENT_3D('',#8347,#6626,#6627);
#6058=AXIS2_PLACEMENT_3D('',#8355,#6631,#6632);
#6059=AXIS2_PLACEMENT_3D('',#8372,#6641,#6642);
#6060=AXIS2_PLACEMENT_3D('',#8399,#6656,#6657);
#6061=AXIS2_PLACEMENT_3D('',#8400,#6658,#6659);
#6062=AXIS2_PLACEMENT_3D('',#8406,#6662,#6663);
#6063=AXIS2_PLACEMENT_3D('',#8411,#6666,#6667);
#6064=AXIS2_PLACEMENT_3D('',#8424,#6674,#6675);
#6065=AXIS2_PLACEMENT_3D('',#8425,#6676,#6677);
#6066=AXIS2_PLACEMENT_3D('',#8427,#6678,#6679);
#6067=AXIS2_PLACEMENT_3D('',#8429,#6680,#6681);
#6068=AXIS2_PLACEMENT_3D('',#8430,#6682,#6683);
#6069=AXIS2_PLACEMENT_3D('',#8438,#6687,#6688);
#6070=AXIS2_PLACEMENT_3D('',#8442,#6690,#6691);
#6071=AXIS2_PLACEMENT_3D('',#8446,#6693,#6694);
#6072=AXIS2_PLACEMENT_3D('',#8450,#6696,#6697);
#6073=AXIS2_PLACEMENT_3D('',#8458,#6701,#6702);
#6074=AXIS2_PLACEMENT_3D('',#8467,#6707,#6708);
#6075=AXIS2_PLACEMENT_3D('',#8471,#6710,#6711);
#6076=AXIS2_PLACEMENT_3D('',#8472,#6712,#6713);
#6077=AXIS2_PLACEMENT_3D('',#8477,#6716,#6717);
#6078=AXIS2_PLACEMENT_3D('',#8509,#6734,#6735);
#6079=AXIS2_PLACEMENT_3D('',#8515,#6739,#6740);
#6080=AXIS2_PLACEMENT_3D('',#8521,#6744,#6745);
#6081=AXIS2_PLACEMENT_3D('',#8529,#6749,#6750);
#6082=AXIS2_PLACEMENT_3D('',#8533,#6752,#6753);
#6083=AXIS2_PLACEMENT_3D('',#8534,#6754,#6755);
#6084=AXIS2_PLACEMENT_3D('',#8546,#6762,#6763);
#6085=AXIS2_PLACEMENT_3D('',#8548,#6765,#6766);
#6086=AXIS2_PLACEMENT_3D('',#8552,#6768,#6769);
#6087=AXIS2_PLACEMENT_3D('',#8556,#6771,#6772);
#6088=AXIS2_PLACEMENT_3D('',#8565,#6777,#6778);
#6089=AXIS2_PLACEMENT_3D('',#8569,#6780,#6781);
#6090=AXIS2_PLACEMENT_3D('',#8592,#6793,#6794);
#6091=AXIS2_PLACEMENT_3D('',#8600,#6799,#6800);
#6092=AXIS2_PLACEMENT_3D('',#8604,#6802,#6803);
#6093=AXIS2_PLACEMENT_3D('',#8605,#6804,#6805);
#6094=AXIS2_PLACEMENT_3D('',#8610,#6808,#6809);
#6095=AXIS2_PLACEMENT_3D('',#8616,#6812,#6813);
#6096=AXIS2_PLACEMENT_3D('',#8620,#6815,#6816);
#6097=AXIS2_PLACEMENT_3D('',#8623,#6818,#6819);
#6098=AXIS2_PLACEMENT_3D('',#8630,#6824,#6825);
#6099=AXIS2_PLACEMENT_3D('',#8637,#6830,#6831);
#6100=AXIS2_PLACEMENT_3D('',#8638,#6832,#6833);
#6101=AXIS2_PLACEMENT_3D('',#8644,#6836,#6837);
#6102=AXIS2_PLACEMENT_3D('',#8648,#6839,#6840);
#6103=AXIS2_PLACEMENT_3D('',#8656,#6844,#6845);
#6104=AXIS2_PLACEMENT_3D('',#8662,#6848,#6849);
#6105=AXIS2_PLACEMENT_3D('',#8666,#6851,#6852);
#6106=AXIS2_PLACEMENT_3D('',#8670,#6854,#6855);
#6107=AXIS2_PLACEMENT_3D('',#8674,#6857,#6858);
#6108=AXIS2_PLACEMENT_3D('',#8675,#6859,#6860);
#6109=AXIS2_PLACEMENT_3D('',#8679,#6862,#6863);
#6110=AXIS2_PLACEMENT_3D('',#8683,#6865,#6866);
#6111=AXIS2_PLACEMENT_3D('',#8684,#6867,#6868);
#6112=AXIS2_PLACEMENT_3D('',#8702,#6878,#6879);
#6113=AXIS2_PLACEMENT_3D('',#8706,#6881,#6882);
#6114=AXIS2_PLACEMENT_3D('',#8707,#6883,#6884);
#6115=AXIS2_PLACEMENT_3D('',#8713,#6888,#6889);
#6116=AXIS2_PLACEMENT_3D('',#8720,#6893,#6894);
#6117=AXIS2_PLACEMENT_3D('',#8737,#6903,#6904);
#6118=AXIS2_PLACEMENT_3D('',#8744,#6908,#6909);
#6119=AXIS2_PLACEMENT_3D('',#8753,#6914,#6915);
#6120=AXIS2_PLACEMENT_3D('',#8757,#6917,#6918);
#6121=AXIS2_PLACEMENT_3D('',#8758,#6919,#6920);
#6122=AXIS2_PLACEMENT_3D('',#8760,#6921,#6922);
#6123=AXIS2_PLACEMENT_3D('',#8761,#6923,#6924);
#6124=AXIS2_PLACEMENT_3D('',#8762,#6925,#6926);
#6125=AXIS2_PLACEMENT_3D('',#8763,#6927,#6928);
#6126=AXIS2_PLACEMENT_3D('',#8767,#6930,#6931);
#6127=AXIS2_PLACEMENT_3D('',#8768,#6932,#6933);
#6128=AXIS2_PLACEMENT_3D('',#8770,#6934,#6935);
#6129=AXIS2_PLACEMENT_3D('',#8771,#6936,#6937);
#6130=AXIS2_PLACEMENT_3D('',#8787,#6947,#6948);
#6131=AXIS2_PLACEMENT_3D('',#8804,#6957,#6958);
#6132=AXIS2_PLACEMENT_3D('',#8805,#6959,#6960);
#6133=AXIS2_PLACEMENT_3D('',#8816,#6966,#6967);
#6134=AXIS2_PLACEMENT_3D('',#8817,#6968,#6969);
#6135=AXIS2_PLACEMENT_3D('',#8818,#6970,#6971);
#6136=AXIS2_PLACEMENT_3D('',#8819,#6972,#6973);
#6137=AXIS2_PLACEMENT_3D('',#8825,#6978,#6979);
#6138=AXIS2_PLACEMENT_3D('',#8826,#6980,#6981);
#6139=AXIS2_PLACEMENT_3D('',#8829,#6982,#6983);
#6140=AXIS2_PLACEMENT_3D('',#8835,#6987,#6988);
#6141=AXIS2_PLACEMENT_3D('',#8836,#6989,#6990);
#6142=AXIS2_PLACEMENT_3D('',#8837,#6991,#6992);
#6143=AXIS2_PLACEMENT_3D('',#8840,#6993,#6994);
#6144=AXIS2_PLACEMENT_3D('',#8842,#6995,#6996);
#6145=AXIS2_PLACEMENT_3D('',#8844,#6997,#6998);
#6146=AXIS2_PLACEMENT_3D('',#8845,#6999,#7000);
#6147=AXIS2_PLACEMENT_3D('',#8852,#7003,#7004);
#6148=AXIS2_PLACEMENT_3D('',#8858,#7007,#7008);
#6149=AXIS2_PLACEMENT_3D('',#8862,#7010,#7011);
#6150=AXIS2_PLACEMENT_3D('',#8868,#7014,#7015);
#6151=AXIS2_PLACEMENT_3D('',#8874,#7018,#7019);
#6152=AXIS2_PLACEMENT_3D('',#8879,#7023,#7024);
#6153=AXIS2_PLACEMENT_3D('',#8882,#7025,#7026);
#6154=AXIS2_PLACEMENT_3D('',#8884,#7027,#7028);
#6155=AXIS2_PLACEMENT_3D('',#8886,#7029,#7030);
#6156=AXIS2_PLACEMENT_3D('',#8887,#7031,#7032);
#6157=AXIS2_PLACEMENT_3D('',#8888,#7033,#7034);
#6158=AXIS2_PLACEMENT_3D('',#8894,#7038,#7039);
#6159=AXIS2_PLACEMENT_3D('',#8898,#7041,#7042);
#6160=AXIS2_PLACEMENT_3D('',#8899,#7043,#7044);
#6161=AXIS2_PLACEMENT_3D('',#8900,#7045,#7046);
#6162=AXIS2_PLACEMENT_3D('',#8906,#7050,#7051);
#6163=AXIS2_PLACEMENT_3D('',#8910,#7053,#7054);
#6164=AXIS2_PLACEMENT_3D('',#8911,#7055,#7056);
#6165=AXIS2_PLACEMENT_3D('',#8912,#7057,#7058);
#6166=AXIS2_PLACEMENT_3D('',#8915,#7061,#7062);
#6167=AXIS2_PLACEMENT_3D('',#8916,#7063,#7064);
#6168=AXIS2_PLACEMENT_3D('',#8917,#7065,#7066);
#6169=AXIS2_PLACEMENT_3D('',#8919,#7067,#7068);
#6170=AXIS2_PLACEMENT_3D('',#8920,#7069,#7070);
#6171=AXIS2_PLACEMENT_3D('',#8921,#7071,#7072);
#6172=AXIS2_PLACEMENT_3D('',#8922,#7073,#7074);
#6173=AXIS2_PLACEMENT_3D('',#8923,#7075,#7076);
#6174=AXIS2_PLACEMENT_3D('',#8924,#7077,#7078);
#6175=AXIS2_PLACEMENT_3D('',#8925,#7079,#7080);
#6176=AXIS2_PLACEMENT_3D('',#8926,#7081,#7082);
#6177=AXIS2_PLACEMENT_3D('',#8927,#7083,#7084);
#6178=AXIS2_PLACEMENT_3D('',#8928,#7085,#7086);
#6179=AXIS2_PLACEMENT_3D('',#8930,#7088,#7089);
#6180=AXIS2_PLACEMENT_3D('',#8933,#7092,#7093);
#6181=AXIS2_PLACEMENT_3D('',#8941,#7098,#7099);
#6182=AXIS2_PLACEMENT_3D('',#8944,#7101,#7102);
#6183=AXIS2_PLACEMENT_3D('',#8945,#7103,#7104);
#6184=AXIS2_PLACEMENT_3D('',#8947,#7105,#7106);
#6185=AXIS2_PLACEMENT_3D('',#8949,#7107,#7108);
#6186=AXIS2_PLACEMENT_3D('',#8950,#7109,#7110);
#6187=AXIS2_PLACEMENT_3D('',#8952,#7111,#7112);
#6188=AXIS2_PLACEMENT_3D('',#8954,#7113,#7114);
#6189=AXIS2_PLACEMENT_3D('',#8959,#7118,#7119);
#6190=AXIS2_PLACEMENT_3D('',#8961,#7120,#7121);
#6191=AXIS2_PLACEMENT_3D('',#8963,#7123,#7124);
#6192=AXIS2_PLACEMENT_3D('',#8972,#7131,#7132);
#6193=AXIS2_PLACEMENT_3D('',#8974,#7134,#7135);
#6194=AXIS2_PLACEMENT_3D('',#8977,#7138,#7139);
#6195=AXIS2_PLACEMENT_3D('',#8980,#7142,#7143);
#6196=AXIS2_PLACEMENT_3D('',#8986,#7147,#7148);
#6197=AXIS2_PLACEMENT_3D('',#8990,#7151,#7152);
#6198=AXIS2_PLACEMENT_3D('',#8994,#7155,#7156);
#6199=AXIS2_PLACEMENT_3D('',#8996,#7158,#7159);
#6200=AXIS2_PLACEMENT_3D('',#8997,#7160,#7161);
#6201=AXIS2_PLACEMENT_3D('',#9000,#7164,#7165);
#6202=AXIS2_PLACEMENT_3D('',#9003,#7168,#7169);
#6203=AXIS2_PLACEMENT_3D('',#9004,#7170,#7171);
#6204=AXIS2_PLACEMENT_3D('',#9007,#7174,#7175);
#6205=AXIS2_PLACEMENT_3D('',#9009,#7177,#7178);
#6206=AXIS2_PLACEMENT_3D('',#9011,#7180,#7181);
#6207=AXIS2_PLACEMENT_3D('',#9012,#7182,#7183);
#6208=AXIS2_PLACEMENT_3D('',#9014,#7185,#7186);
#6209=AXIS2_PLACEMENT_3D('',#9016,#7188,#7189);
#6210=AXIS2_PLACEMENT_3D('',#9017,#7190,#7191);
#6211=AXIS2_PLACEMENT_3D('',#9018,#7192,#7193);
#6212=AXIS2_PLACEMENT_3D('',#9019,#7194,#7195);
#6213=AXIS2_PLACEMENT_3D('',#9021,#7197,#7198);
#6214=AXIS2_PLACEMENT_3D('',#9023,#7200,#7201);
#6215=AXIS2_PLACEMENT_3D('',#9024,#7202,#7203);
#6216=AXIS2_PLACEMENT_3D('',#9025,#7204,#7205);
#6217=AXIS2_PLACEMENT_3D('',#9026,#7206,#7207);
#6218=AXIS2_PLACEMENT_3D('',#9028,#7209,#7210);
#6219=AXIS2_PLACEMENT_3D('',#9029,#7211,#7212);
#6220=AXIS2_PLACEMENT_3D('',#9031,#7214,#7215);
#6221=AXIS2_PLACEMENT_3D('',#9034,#7218,#7219);
#6222=AXIS2_PLACEMENT_3D('',#9035,#7220,#7221);
#6223=AXIS2_PLACEMENT_3D('',#9036,#7222,#7223);
#6224=AXIS2_PLACEMENT_3D('',#9037,#7224,#7225);
#6225=AXIS2_PLACEMENT_3D('',#9038,#7226,#7227);
#6226=AXIS2_PLACEMENT_3D('',#9039,#7228,#7229);
#6227=AXIS2_PLACEMENT_3D('',#9040,#7230,#7231);
#6228=AXIS2_PLACEMENT_3D('',#9042,#7233,#7234);
#6229=AXIS2_PLACEMENT_3D('',#9044,#7236,#7237);
#6230=AXIS2_PLACEMENT_3D('',#9046,#7239,#7240);
#6231=AXIS2_PLACEMENT_3D('',#9048,#7242,#7243);
#6232=AXIS2_PLACEMENT_3D('',#9050,#7245,#7246);
#6233=AXIS2_PLACEMENT_3D('',#9052,#7248,#7249);
#6234=AXIS2_PLACEMENT_3D('',#9054,#7251,#7252);
#6235=AXIS2_PLACEMENT_3D('',#9056,#7254,#7255);
#6236=AXIS2_PLACEMENT_3D('',#9057,#7256,#7257);
#6237=AXIS2_PLACEMENT_3D('',#9060,#7260,#7261);
#6238=AXIS2_PLACEMENT_3D('',#9062,#7263,#7264);
#6239=AXIS2_PLACEMENT_3D('',#9064,#7266,#7267);
#6240=AXIS2_PLACEMENT_3D('',#9066,#7269,#7270);
#6241=AXIS2_PLACEMENT_3D('',#9068,#7272,#7273);
#6242=AXIS2_PLACEMENT_3D('',#9070,#7275,#7276);
#6243=AXIS2_PLACEMENT_3D('',#9072,#7278,#7279);
#6244=AXIS2_PLACEMENT_3D('',#9073,#7280,#7281);
#6245=AXIS2_PLACEMENT_3D('',#9077,#7284,#7285);
#6246=AXIS2_PLACEMENT_3D('',#9081,#7288,#7289);
#6247=AXIS2_PLACEMENT_3D('',#9083,#7291,#7292);
#6248=AXIS2_PLACEMENT_3D('',#9085,#7294,#7295);
#6249=AXIS2_PLACEMENT_3D('',#9089,#7298,#7299);
#6250=AXIS2_PLACEMENT_3D('',#9093,#7302,#7303);
#6251=AXIS2_PLACEMENT_3D('',#9095,#7305,#7306);
#6252=AXIS2_PLACEMENT_3D('',#9099,#7309,#7310);
#6253=AXIS2_PLACEMENT_3D('',#9103,#7313,#7314);
#6254=AXIS2_PLACEMENT_3D('',#9105,#7316,#7317);
#6255=AXIS2_PLACEMENT_3D('',#9107,#7319,#7320);
#6256=AXIS2_PLACEMENT_3D('',#9109,#7322,#7323);
#6257=AXIS2_PLACEMENT_3D('',#9111,#7325,#7326);
#6258=AXIS2_PLACEMENT_3D('',#9113,#7328,#7329);
#6259=AXIS2_PLACEMENT_3D('',#9115,#7331,#7332);
#6260=AXIS2_PLACEMENT_3D('',#9116,#7333,#7334);
#6261=AXIS2_PLACEMENT_3D('',#9120,#7337,#7338);
#6262=AXIS2_PLACEMENT_3D('',#9121,#7339,#7340);
#6263=AXIS2_PLACEMENT_3D('',#9124,#7342,#7343);
#6264=AXIS2_PLACEMENT_3D('',#9126,#7345,#7346);
#6265=AXIS2_PLACEMENT_3D('',#9127,#7347,#7348);
#6266=AXIS2_PLACEMENT_3D('',#9131,#7351,#7352);
#6267=AXIS2_PLACEMENT_3D('',#9132,#7353,#7354);
#6268=AXIS2_PLACEMENT_3D('',#9135,#7356,#7357);
#6269=AXIS2_PLACEMENT_3D('',#9137,#7359,#7360);
#6270=AXIS2_PLACEMENT_3D('',#9138,#7361,#7362);
#6271=AXIS2_PLACEMENT_3D('',#9139,#7363,#7364);
#6272=AXIS2_PLACEMENT_3D('',#9140,#7365,#7366);
#6273=AXIS2_PLACEMENT_3D('',#9142,#7368,#7369);
#6274=AXIS2_PLACEMENT_3D('',#9145,#7372,#7373);
#6275=AXIS2_PLACEMENT_3D('',#9149,#7377,#7378);
#6276=AXIS2_PLACEMENT_3D('',#9150,#7379,#7380);
#6277=AXIS2_PLACEMENT_3D('',#9151,#7381,#7382);
#6278=AXIS2_PLACEMENT_3D('',#9152,#7383,#7384);
#6279=AXIS2_PLACEMENT_3D('',#9153,#7385,#7386);
#6280=AXIS2_PLACEMENT_3D('',#9154,#7387,#7388);
#6281=AXIS2_PLACEMENT_3D('',#9155,#7389,#7390);
#6282=AXIS2_PLACEMENT_3D('',#9156,#7391,#7392);
#6283=AXIS2_PLACEMENT_3D('',#9162,#7393,#7394);
#6284=AXIS2_PLACEMENT_3D('',#9163,#7395,#7396);
#6285=AXIS2_PLACEMENT_3D('',#9164,#7397,#7398);
#6286=AXIS2_PLACEMENT_3D('',#9169,#7402,#7403);
#6287=AXIS2_PLACEMENT_3D('',#9171,#7405,#7406);
#6288=AXIS2_PLACEMENT_3D('',#9173,#7408,#7409);
#6289=AXIS2_PLACEMENT_3D('',#9175,#7411,#7412);
#6290=AXIS2_PLACEMENT_3D('',#9177,#7414,#7415);
#6291=AXIS2_PLACEMENT_3D('',#9181,#7418,#7419);
#6292=AXIS2_PLACEMENT_3D('',#9185,#7422,#7423);
#6293=AXIS2_PLACEMENT_3D('',#9192,#7428,#7429);
#6294=AXIS2_PLACEMENT_3D('',#9194,#7431,#7432);
#6295=AXIS2_PLACEMENT_3D('',#9196,#7434,#7435);
#6296=AXIS2_PLACEMENT_3D('',#9197,#7436,#7437);
#6297=AXIS2_PLACEMENT_3D('',#9202,#7438,#7439);
#6298=AXIS2_PLACEMENT_3D('',#9204,#7441,#7442);
#6299=AXIS2_PLACEMENT_3D('',#9206,#7444,#7445);
#6300=AXIS2_PLACEMENT_3D('',#9207,#7446,#7447);
#6301=AXIS2_PLACEMENT_3D('',#9209,#7449,#7450);
#6302=AXIS2_PLACEMENT_3D('',#9210,#7451,#7452);
#6303=AXIS2_PLACEMENT_3D('',#9211,#7453,#7454);
#6304=AXIS2_PLACEMENT_3D('',#9212,#7455,#7456);
#6305=AXIS2_PLACEMENT_3D('',#9213,#7457,#7458);
#6306=AXIS2_PLACEMENT_3D('',#9215,#7459,#7460);
#6307=AXIS2_PLACEMENT_3D('',#9216,#7461,#7462);
#6308=AXIS2_PLACEMENT_3D('',#9219,#7465,#7466);
#6309=AXIS2_PLACEMENT_3D('',#9222,#7469,#7470);
#6310=AXIS2_PLACEMENT_3D('',#9223,#7471,#7472);
#6311=AXIS2_PLACEMENT_3D('',#9224,#7473,#7474);
#6312=AXIS2_PLACEMENT_3D('',#9226,#7476,#7477);
#6313=AXIS2_PLACEMENT_3D('',#9227,#7478,#7479);
#6314=AXIS2_PLACEMENT_3D('',#9228,#7480,#7481);
#6315=AXIS2_PLACEMENT_3D('',#9234,#7485,#7486);
#6316=AXIS2_PLACEMENT_3D('',#9236,#7488,#7489);
#6317=AXIS2_PLACEMENT_3D('',#9238,#7491,#7492);
#6318=AXIS2_PLACEMENT_3D('',#9239,#7493,#7494);
#6319=AXIS2_PLACEMENT_3D('',#9243,#7497,#7498);
#6320=AXIS2_PLACEMENT_3D('',#9244,#7499,#7500);
#6321=AXIS2_PLACEMENT_3D('',#9245,#7501,#7502);
#6322=AXIS2_PLACEMENT_3D('',#9251,#7506,#7507);
#6323=AXIS2_PLACEMENT_3D('',#9253,#7509,#7510);
#6324=AXIS2_PLACEMENT_3D('',#9254,#7511,#7512);
#6325=AXIS2_PLACEMENT_3D('',#9261,#7516,#7517);
#6326=AXIS2_PLACEMENT_3D('',#9262,#7518,#7519);
#6327=AXIS2_PLACEMENT_3D('',#9269,#7523,#7524);
#6328=AXIS2_PLACEMENT_3D('',#9270,#7525,#7526);
#6329=AXIS2_PLACEMENT_3D('',#9273,#7529,#7530);
#6330=AXIS2_PLACEMENT_3D('',#9275,#7532,#7533);
#6331=AXIS2_PLACEMENT_3D('',#9276,#7534,#7535);
#6332=AXIS2_PLACEMENT_3D('',#9292,#7536,#7537);
#6333=AXIS2_PLACEMENT_3D('',#9293,#7538,#7539);
#6334=AXIS2_PLACEMENT_3D('',#9294,#7540,#7541);
#6335=AXIS2_PLACEMENT_3D('',#9295,#7542,#7543);
#6336=AXIS2_PLACEMENT_3D('',#9340,#7548,#7549);
#6337=AXIS2_PLACEMENT_3D('',#9344,#7552,#7553);
#6338=AXIS2_PLACEMENT_3D('',#9348,#7556,#7557);
#6339=AXIS2_PLACEMENT_3D('',#9409,#7564,#7565);
#6340=AXIS2_PLACEMENT_3D('',#9415,#7569,#7570);
#6341=AXIS2_PLACEMENT_3D('',#9421,#7574,#7575);
#6342=AXIS2_PLACEMENT_3D('',#9454,#7579,#7580);
#6343=AXIS2_PLACEMENT_3D('',#9507,#7587,#7588);
#6344=AXIS2_PLACEMENT_3D('',#9508,#7589,#7590);
#6345=AXIS2_PLACEMENT_3D('',#9514,#7594,#7595);
#6346=AXIS2_PLACEMENT_3D('',#9518,#7598,#7599);
#6347=AXIS2_PLACEMENT_3D('',#9522,#7602,#7603);
#6348=AXIS2_PLACEMENT_3D('',#9524,#7605,#7606);
#6349=AXIS2_PLACEMENT_3D('',#9533,#7611,#7612);
#6350=AXIS2_PLACEMENT_3D('',#9539,#7616,#7617);
#6351=AXIS2_PLACEMENT_3D('',#9545,#7621,#7622);
#6352=AXIS2_PLACEMENT_3D('',#9551,#7626,#7627);
#6353=AXIS2_PLACEMENT_3D('',#9557,#7631,#7632);
#6354=AXIS2_PLACEMENT_3D('',#9558,#7633,#7634);
#6355=AXIS2_PLACEMENT_3D('',#9563,#7636,#7637);
#6356=AXIS2_PLACEMENT_3D('',#9567,#7639,#7640);
#6357=AXIS2_PLACEMENT_3D('',#9571,#7642,#7643);
#6358=AXIS2_PLACEMENT_3D('',#9574,#7645,#7646);
#6359=AXIS2_PLACEMENT_3D('',#9575,#7647,#7648);
#6360=AXIS2_PLACEMENT_3D('',#9576,#7649,#7650);
#6361=AXIS2_PLACEMENT_3D('',#9577,#7651,#7652);
#6362=AXIS2_PLACEMENT_3D('',#9578,#7653,#7654);
#6363=AXIS2_PLACEMENT_3D('',#9579,#7655,#7656);
#6364=AXIS2_PLACEMENT_3D('',#9580,#7657,#7658);
#6365=AXIS2_PLACEMENT_3D('',#9581,#7659,#7660);
#6366=AXIS2_PLACEMENT_3D('',#9582,#7661,#7662);
#6367=AXIS2_PLACEMENT_3D('',#9583,#7663,#7664);
#6368=AXIS2_PLACEMENT_3D('',#9584,#7665,#7666);
#6369=AXIS2_PLACEMENT_3D('',#9585,#7667,#7668);
#6370=AXIS2_PLACEMENT_3D('',#9586,#7669,#7670);
#6371=AXIS2_PLACEMENT_3D('',#9587,#7671,#7672);
#6372=AXIS2_PLACEMENT_3D('',#9588,#7673,#7674);
#6373=AXIS2_PLACEMENT_3D('',#9589,#7675,#7676);
#6374=AXIS2_PLACEMENT_3D('',#9602,#7677,#7678);
#6375=AXIS2_PLACEMENT_3D('',#9603,#7679,#7680);
#6376=AXIS2_PLACEMENT_3D('',#9616,#7681,#7682);
#6377=AXIS2_PLACEMENT_3D('',#9629,#7683,#7684);
#6378=AXIS2_PLACEMENT_3D('',#9642,#7685,#7686);
#6379=AXIS2_PLACEMENT_3D('',#9643,#7687,#7688);
#6380=AXIS2_PLACEMENT_3D('',#9644,#7689,#7690);
#6381=AXIS2_PLACEMENT_3D('',#9645,#7691,#7692);
#6382=AXIS2_PLACEMENT_3D('',#9646,#7693,#7694);
#6383=AXIS2_PLACEMENT_3D('',#9647,#7695,#7696);
#6384=AXIS2_PLACEMENT_3D('',#9663,#7697,#7698);
#6385=AXIS2_PLACEMENT_3D('',#9664,#7699,#7700);
#6386=AXIS2_PLACEMENT_3D('',#9677,#7701,#7702);
#6387=AXIS2_PLACEMENT_3D('',#9693,#7703,#7704);
#6388=AXIS2_PLACEMENT_3D('',#9709,#7705,#7706);
#6389=AXIS2_PLACEMENT_3D('',#9710,#7707,#7708);
#6390=AXIS2_PLACEMENT_3D('',#9711,#7709,#7710);
#6391=AXIS2_PLACEMENT_3D('',#9712,#7711,#7712);
#6392=AXIS2_PLACEMENT_3D('',#9713,#7713,#7714);
#6393=AXIS2_PLACEMENT_3D('',#9714,#7715,#7716);
#6394=AXIS2_PLACEMENT_3D('',#9715,#7717,#7718);
#6395=AXIS2_PLACEMENT_3D('',#9716,#7719,#7720);
#6396=AXIS2_PLACEMENT_3D('',#9717,#7721,#7722);
#6397=AXIS2_PLACEMENT_3D('',#9718,#7723,#7724);
#6398=AXIS2_PLACEMENT_3D('',#9719,#7725,#7726);
#6399=AXIS2_PLACEMENT_3D('',#9720,#7727,#7728);
#6400=AXIS2_PLACEMENT_3D('',#9721,#7729,#7730);
#6401=AXIS2_PLACEMENT_3D('',#9722,#7731,#7732);
#6402=AXIS2_PLACEMENT_3D('',#9723,#7733,#7734);
#6403=AXIS2_PLACEMENT_3D('',#9724,#7735,#7736);
#6404=AXIS2_PLACEMENT_3D('',#9725,#7737,#7738);
#6405=AXIS2_PLACEMENT_3D('',#9726,#7739,#7740);
#6406=AXIS2_PLACEMENT_3D('',#9727,#7741,#7742);
#6407=AXIS2_PLACEMENT_3D('',#9728,#7743,#7744);
#6408=AXIS2_PLACEMENT_3D('',#9729,#7745,#7746);
#6409=AXIS2_PLACEMENT_3D('',#9730,#7747,#7748);
#6410=AXIS2_PLACEMENT_3D('',#9731,#7749,#7750);
#6411=AXIS2_PLACEMENT_3D('',#9732,#7751,#7752);
#6412=AXIS2_PLACEMENT_3D('',#9741,#7757,#7758);
#6413=AXIS2_PLACEMENT_3D('',#9745,#7760,#7761);
#6414=AXIS2_PLACEMENT_3D('',#9754,#7766,#7767);
#6415=AXIS2_PLACEMENT_3D('',#9758,#7769,#7770);
#6416=AXIS2_PLACEMENT_3D('',#9760,#7771,#7772);
#6417=AXIS2_PLACEMENT_3D('',#9764,#7774,#7775);
#6418=AXIS2_PLACEMENT_3D('',#9768,#7777,#7778);
#6419=AXIS2_PLACEMENT_3D('',#9772,#7780,#7781);
#6420=AXIS2_PLACEMENT_3D('',#9776,#7783,#7784);
#6421=AXIS2_PLACEMENT_3D('',#9777,#7785,#7786);
#6422=AXIS2_PLACEMENT_3D('',#9782,#7788,#7789);
#6423=AXIS2_PLACEMENT_3D('',#9786,#7791,#7792);
#6424=AXIS2_PLACEMENT_3D('',#9790,#7794,#7795);
#6425=AXIS2_PLACEMENT_3D('',#9793,#7797,#7798);
#6426=AXIS2_PLACEMENT_3D('',#9819,#7811,#7812);
#6427=AXIS2_PLACEMENT_3D('',#9838,#7822,#7823);
#6428=AXIS2_PLACEMENT_3D('',#9841,#7825,#7826);
#6429=AXIS2_PLACEMENT_3D('',#9845,#7828,#7829);
#6430=AXIS2_PLACEMENT_3D('',#9850,#7832,#7833);
#6431=AXIS2_PLACEMENT_3D('',#9853,#7836,#7837);
#6432=AXIS2_PLACEMENT_3D('',#9859,#7841,#7842);
#6433=AXIS2_PLACEMENT_3D('',#9863,#7844,#7845);
#6434=AXIS2_PLACEMENT_3D('',#9872,#7850,#7851);
#6435=AXIS2_PLACEMENT_3D('',#9892,#7861,#7862);
#6436=AXIS2_PLACEMENT_3D('',#9896,#7864,#7865);
#6437=AXIS2_PLACEMENT_3D('',#9900,#7867,#7868);
#6438=AXIS2_PLACEMENT_3D('',#9904,#7870,#7871);
#6439=AXIS2_PLACEMENT_3D('',#9905,#7872,#7873);
#6440=AXIS2_PLACEMENT_3D('',#9908,#7874,#7875);
#6441=AXIS2_PLACEMENT_3D('',#9909,#7876,#7877);
#6442=AXIS2_PLACEMENT_3D('',#9913,#7879,#7880);
#6443=AXIS2_PLACEMENT_3D('',#9917,#7882,#7883);
#6444=AXIS2_PLACEMENT_3D('',#9921,#7885,#7886);
#6445=AXIS2_PLACEMENT_3D('',#9924,#7888,#7889);
#6446=AXIS2_PLACEMENT_3D('',#9927,#7892,#7893);
#6447=AXIS2_PLACEMENT_3D('',#9936,#7898,#7899);
#6448=AXIS2_PLACEMENT_3D('',#9944,#7905,#7906);
#6449=AXIS2_PLACEMENT_3D('',#9948,#7909,#7910);
#6450=AXIS2_PLACEMENT_3D('',#9949,#7911,#7912);
#6451=AXIS2_PLACEMENT_3D('',#9954,#7915,#7916);
#6452=AXIS2_PLACEMENT_3D('',#9955,#7917,#7918);
#6453=AXIS2_PLACEMENT_3D('',#9956,#7919,#7920);
#6454=AXIS2_PLACEMENT_3D('',#9958,#7922,#7923);
#6455=AXIS2_PLACEMENT_3D('',#9961,#7925,#7926);
#6456=AXIS2_PLACEMENT_3D('',#9971,#7931,#7932);
#6457=AXIS2_PLACEMENT_3D('',#9972,#7933,#7934);
#6458=AXIS2_PLACEMENT_3D('',#9976,#7936,#7937);
#6459=AXIS2_PLACEMENT_3D('',#9984,#7941,#7942);
#6460=AXIS2_PLACEMENT_3D('',#9985,#7943,#7944);
#6461=AXIS2_PLACEMENT_3D('',#9994,#7949,#7950);
#6462=AXIS2_PLACEMENT_3D('',#9998,#7954,#7955);
#6463=AXIS2_PLACEMENT_3D('',#10004,#7959,#7960);
#6464=AXIS2_PLACEMENT_3D('',#10005,#7961,#7962);
#6465=AXIS2_PLACEMENT_3D('',#10007,#7963,#7964);
#6466=AXIS2_PLACEMENT_3D('',#10009,#7965,#7966);
#6467=AXIS2_PLACEMENT_3D('',#10011,#7967,#7968);
#6468=AXIS2_PLACEMENT_3D('',#10012,#7969,#7970);
#6469=AXIS2_PLACEMENT_3D('',#10026,#7978,#7979);
#6470=AXIS2_PLACEMENT_3D('',#10027,#7980,#7981);
#6471=AXIS2_PLACEMENT_3D('',#10028,#7982,#7983);
#6472=AXIS2_PLACEMENT_3D('',#10030,#7984,#7985);
#6473=AXIS2_PLACEMENT_3D('',#10032,#7986,#7987);
#6474=AXIS2_PLACEMENT_3D('',#10035,#7990,#7991);
#6475=AXIS2_PLACEMENT_3D('',#10049,#7999,#8000);
#6476=AXIS2_PLACEMENT_3D('',#10050,#8001,#8002);
#6477=AXIS2_PLACEMENT_3D('',#10052,#8003,#8004);
#6478=AXIS2_PLACEMENT_3D('',#10054,#8006,#8007);
#6479=AXIS2_PLACEMENT_3D('',#10057,#8009,#8010);
#6480=AXIS2_PLACEMENT_3D('',#10063,#8014,#8015);
#6481=AXIS2_PLACEMENT_3D('',#10066,#8018,#8019);
#6482=AXIS2_PLACEMENT_3D('',#10073,#8023,#8024);
#6483=AXIS2_PLACEMENT_3D('',#10074,#8025,#8026);
#6484=AXIS2_PLACEMENT_3D('',#10081,#8030,#8031);
#6485=AXIS2_PLACEMENT_3D('',#10082,#8032,#8033);
#6486=AXIS2_PLACEMENT_3D('',#10085,#8036,#8037);
#6487=AXIS2_PLACEMENT_3D('',#10092,#8041,#8042);
#6488=AXIS2_PLACEMENT_3D('',#10093,#8043,#8044);
#6489=AXIS2_PLACEMENT_3D('',#10100,#8048,#8049);
#6490=AXIS2_PLACEMENT_3D('',#10101,#8050,#8051);
#6491=AXIS2_PLACEMENT_3D('',#10104,#8054,#8055);
#6492=AXIS2_PLACEMENT_3D('',#10109,#8058,#8059);
#6493=AXIS2_PLACEMENT_3D('',#10110,#8060,#8061);
#6494=AXIS2_PLACEMENT_3D('',#10115,#8064,#8065);
#6495=AXIS2_PLACEMENT_3D('',#10116,#8066,#8067);
#6496=AXIS2_PLACEMENT_3D('',#10117,#8068,#8069);
#6497=AXIS2_PLACEMENT_3D('',#10118,#8070,#8071);
#6498=AXIS2_PLACEMENT_3D('',#10120,#8073,#8074);
#6499=AXIS2_PLACEMENT_3D('',#10125,#8077,#8078);
#6500=AXIS2_PLACEMENT_3D('',#10126,#8079,#8080);
#6501=AXIS2_PLACEMENT_3D('',#10131,#8083,#8084);
#6502=AXIS2_PLACEMENT_3D('',#10132,#8085,#8086);
#6503=AXIS2_PLACEMENT_3D('',#10133,#8087,#8088);
#6504=AXIS2_PLACEMENT_3D('',#10134,#8089,#8090);
#6505=AXIS2_PLACEMENT_3D('',#10136,#8092,#8093);
#6506=AXIS2_PLACEMENT_3D('',#10137,#8094,#8095);
#6507=AXIS2_PLACEMENT_3D('',#10138,#8096,#8097);
#6508=AXIS2_PLACEMENT_3D('',#10139,#8098,#8099);
#6509=AXIS2_PLACEMENT_3D('',#10140,#8100,#8101);
#6510=AXIS2_PLACEMENT_3D('',#10141,#8102,#8103);
#6511=AXIS2_PLACEMENT_3D('',#10142,#8104,#8105);
#6512=AXIS2_PLACEMENT_3D('',#10143,#8106,#8107);
#6513=AXIS2_PLACEMENT_3D('',#10144,#8108,#8109);
#6514=AXIS2_PLACEMENT_3D('',#10145,#8110,#8111);
#6515=AXIS2_PLACEMENT_3D('',#10146,#8112,#8113);
#6516=AXIS2_PLACEMENT_3D('',#10147,#8114,#8115);
#6517=AXIS2_PLACEMENT_3D('',#10148,#8116,#8117);
#6518=AXIS2_PLACEMENT_3D('',#10149,#8118,#8119);
#6519=AXIS2_PLACEMENT_3D('',#10150,#8120,#8121);
#6520=AXIS2_PLACEMENT_3D('',#10151,#8122,#8123);
#6521=AXIS2_PLACEMENT_3D('',#10152,#8124,#8125);
#6522=AXIS2_PLACEMENT_3D('',#10153,#8126,#8127);
#6523=AXIS2_PLACEMENT_3D('',#10154,#8128,#8129);
#6524=AXIS2_PLACEMENT_3D('',#10155,#8130,#8131);
#6525=AXIS2_PLACEMENT_3D('',#10156,#8132,#8133);
#6526=AXIS2_PLACEMENT_3D('',#10157,#8134,#8135);
#6527=AXIS2_PLACEMENT_3D('',#10158,#8136,#8137);
#6528=AXIS2_PLACEMENT_3D('',#10159,#8138,#8139);
#6529=AXIS2_PLACEMENT_3D('',#10160,#8140,#8141);
#6530=AXIS2_PLACEMENT_3D('',#10161,#8142,#8143);
#6531=AXIS2_PLACEMENT_3D('',#10164,#8146,#8147);
#6532=AXIS2_PLACEMENT_3D('',#10166,#8149,#8150);
#6533=AXIS2_PLACEMENT_3D('',#10168,#8152,#8153);
#6534=AXIS2_PLACEMENT_3D('',#10170,#8155,#8156);
#6535=AXIS2_PLACEMENT_3D('',#10172,#8158,#8159);
#6536=AXIS2_PLACEMENT_3D('',#10174,#8161,#8162);
#6537=AXIS2_PLACEMENT_3D('',#10176,#8164,#8165);
#6538=AXIS2_PLACEMENT_3D('',#10177,#8166,#8167);
#6539=AXIS2_PLACEMENT_3D('',#10179,#8169,#8170);
#6540=AXIS2_PLACEMENT_3D('',#10181,#8172,#8173);
#6541=AXIS2_PLACEMENT_3D('',#10183,#8175,#8176);
#6542=AXIS2_PLACEMENT_3D('',#10185,#8178,#8179);
#6543=AXIS2_PLACEMENT_3D('',#10187,#8181,#8182);
#6544=AXIS2_PLACEMENT_3D('',#10189,#8184,#8185);
#6545=AXIS2_PLACEMENT_3D('',#10190,#8186,#8187);
#6546=AXIS2_PLACEMENT_3D('',#10191,#8188,#8189);
#6547=AXIS2_PLACEMENT_3D('',#10193,#8191,#8192);
#6548=AXIS2_PLACEMENT_3D('',#10196,#8195,#8196);
#6549=AXIS2_PLACEMENT_3D('',#10197,#8197,#8198);
#6550=AXIS2_PLACEMENT_3D('',#10198,#8199,#8200);
#6551=AXIS2_PLACEMENT_3D('',#10202,#8203,#8204);
#6552=AXIS2_PLACEMENT_3D('',#10203,#8205,#8206);
#6553=AXIS2_PLACEMENT_3D('',#10207,#8208,#8209);
#6554=AXIS2_PLACEMENT_3D('',#10208,#8210,#8211);
#6555=AXIS2_PLACEMENT_3D('',#10210,#8213,#8214);
#6556=AXIS2_PLACEMENT_3D('',#10212,#8216,#8217);
#6557=AXIS2_PLACEMENT_3D('',#10213,#8218,#8219);
#6558=AXIS2_PLACEMENT_3D('',#10214,#8220,#8221);
#6559=AXIS2_PLACEMENT_3D('',#10217,#8224,#8225);
#6560=AXIS2_PLACEMENT_3D('',#10218,#8226,#8227);
#6561=DIRECTION('',(0.,0.,1.));
#6562=DIRECTION('',(1.,0.,0.));
#6563=DIRECTION('',(0.,1.,0.));
#6564=DIRECTION('',(0.,0.,1.));
#6565=DIRECTION('',(-1.,0.,0.));
#6566=DIRECTION('',(0.,0.,-1.));
#6567=DIRECTION('',(1.,0.,0.));
#6568=DIRECTION('',(0.,0.,1.));
#6569=DIRECTION('',(1.,0.,0.));
#6570=DIRECTION('',(0.,0.,1.));
#6571=DIRECTION('',(-1.,0.,0.));
#6572=DIRECTION('',(0.,0.,-1.));
#6573=DIRECTION('',(-1.,0.,0.));
#6574=DIRECTION('',(0.,0.,-1.));
#6575=DIRECTION('',(-1.,0.,0.));
#6576=DIRECTION('',(0.,0.,-1.));
#6577=DIRECTION('',(-1.,0.,0.));
#6578=DIRECTION('',(0.,0.,-1.));
#6579=DIRECTION('',(0.,1.,0.));
#6580=DIRECTION('',(0.,0.,1.));
#6581=DIRECTION('',(-1.,0.,0.));
#6582=DIRECTION('',(-0.707106781186549,0.,0.707106781186547));
#6583=DIRECTION('',(-1.,0.,0.));
#6584=DIRECTION('',(-0.70710678118655,0.,-0.707106781186546));
#6585=DIRECTION('',(-1.,0.,0.));
#6586=DIRECTION('',(0.,1.,0.));
#6587=DIRECTION('',(0.,0.,1.));
#6588=DIRECTION('',(3.05006325446472E-16,0.,1.));
#6589=DIRECTION('',(0.,1.,0.));
#6590=DIRECTION('',(0.,0.,1.));
#6591=DIRECTION('',(1.,0.,-1.10141173077892E-16));
#6592=DIRECTION('',(0.,1.,0.));
#6593=DIRECTION('',(0.,0.,1.));
#6594=DIRECTION('',(0.,0.,1.));
#6595=DIRECTION('',(0.,1.,0.));
#6596=DIRECTION('',(0.,0.,1.));
#6597=DIRECTION('',(1.,0.,-3.02888225964205E-16));
#6598=DIRECTION('',(0.,1.,0.));
#6599=DIRECTION('',(0.,0.,1.));
#6600=DIRECTION('',(-1.,-2.77555756156289E-16,0.));
#6601=DIRECTION('',(2.77555756156289E-16,-1.,0.));
#6602=DIRECTION('',(-2.77555756156289E-16,1.,0.));
#6603=DIRECTION('',(2.77555756156289E-16,-1.,0.));
#6604=DIRECTION('',(-1.26705917393897E-32,4.56506177888634E-17,-1.));
#6605=DIRECTION('',(2.77555756156289E-16,-1.,0.));
#6606=DIRECTION('',(0.,0.,1.));
#6607=DIRECTION('',(2.77555756156289E-16,-1.,0.));
#6608=DIRECTION('',(0.,1.,0.));
#6609=DIRECTION('',(0.,0.,1.));
#6610=DIRECTION('',(1.,0.,0.));
#6611=DIRECTION('',(0.894427190999915,0.,-0.44721359549996));
#6612=DIRECTION('',(0.850650808352039,0.,0.525731112119135));
#6613=DIRECTION('',(0.,0.,-1.));
#6614=DIRECTION('',(1.,0.,0.));
#6615=DIRECTION('',(0.,0.,1.));
#6616=DIRECTION('',(1.,0.,0.));
#6617=DIRECTION('',(0.,0.,1.));
#6618=DIRECTION('',(-0.707106781186547,-0.707106781186549,-3.22798614038606E-17));
#6619=DIRECTION('',(0.,-4.56506177888634E-17,1.));
#6620=DIRECTION('',(0.,-4.56506177888634E-17,1.));
#6621=DIRECTION('',(0.577350269189627,-0.577350269189625,0.577350269189626));
#6622=DIRECTION('',(0.,0.,-1.));
#6623=DIRECTION('',(-0.707106781186549,0.707106781186547,0.));
#6624=DIRECTION('',(0.,4.56506177888634E-17,-1.));
#6625=DIRECTION('',(-0.707106781186549,0.707106781186547,8.65956056235493E-17));
#6626=DIRECTION('',(0.,-1.,-4.56506177888634E-17));
#6627=DIRECTION('',(0.,4.56506177888634E-17,-1.));
#6628=DIRECTION('',(1.,0.,0.));
#6629=DIRECTION('',(-0.894427190999915,-2.0415576918152E-17,0.44721359549996));
#6630=DIRECTION('',(-1.,-1.21972744404619E-16,-1.79454152687256E-16));
#6631=DIRECTION('',(0.,-1.,-4.56506177888634E-17));
#6632=DIRECTION('',(0.,4.56506177888634E-17,-1.));
#6633=DIRECTION('',(0.707106781186547,-3.22798614038605E-17,0.707106781186548));
#6634=DIRECTION('',(1.,0.,0.));
#6635=DIRECTION('',(0.707106781186547,3.22798614038605E-17,-0.707106781186549));
#6636=DIRECTION('',(0.,4.56506177888634E-17,-1.));
#6637=DIRECTION('',(1.,0.,0.));
#6638=DIRECTION('',(0.,-4.56506177888634E-17,1.));
#6639=DIRECTION('',(1.,0.,0.));
#6640=DIRECTION('',(1.26705917393897E-32,-4.56506177888634E-17,1.));
#6641=DIRECTION('',(0.,-1.,0.));
#6642=DIRECTION('',(0.,0.,-1.));
#6643=DIRECTION('',(0.,0.,-1.));
#6644=DIRECTION('',(0.707106781186548,0.,0.707106781186548));
#6645=DIRECTION('',(1.,0.,0.));
#6646=DIRECTION('',(0.707106781186548,0.,-0.707106781186548));
#6647=DIRECTION('',(0.,0.,1.));
#6648=DIRECTION('',(-1.,0.,0.));
#6649=DIRECTION('',(0.,0.,-1.));
#6650=DIRECTION('',(-0.707106781186547,0.,0.707106781186548));
#6651=DIRECTION('',(1.,0.,0.));
#6652=DIRECTION('',(0.707106781186549,0.,0.707106781186546));
#6653=DIRECTION('',(1.,0.,0.));
#6654=DIRECTION('',(0.707106781186549,0.,-0.707106781186546));
#6655=DIRECTION('',(1.,0.,0.));
#6656=DIRECTION('',(0.,-1.,-4.56506177888634E-17));
#6657=DIRECTION('',(0.,4.56506177888634E-17,-1.));
#6658=DIRECTION('',(0.,-1.,-4.56506177888634E-17));
#6659=DIRECTION('',(0.,4.56506177888634E-17,-1.));
#6660=DIRECTION('',(-1.,0.,-1.79454152687256E-16));
#6661=DIRECTION('',(1.,0.,0.));
#6662=DIRECTION('',(0.,-1.,-4.56506177888634E-17));
#6663=DIRECTION('',(0.,4.56506177888634E-17,-1.));
#6664=DIRECTION('',(-0.707106781186548,3.22798614038605E-17,-0.707106781186548));
#6665=DIRECTION('',(0.,4.56506177888634E-17,-1.));
#6666=DIRECTION('',(0.,-1.,0.));
#6667=DIRECTION('',(0.,0.,-1.));
#6668=DIRECTION('',(0.,0.,-1.));
#6669=DIRECTION('',(-1.,0.,0.));
#6670=DIRECTION('',(0.,0.,1.));
#6671=DIRECTION('',(1.,0.,0.));
#6672=DIRECTION('',(0.,0.,1.));
#6673=DIRECTION('',(1.,0.,0.));
#6674=DIRECTION('',(1.,0.,0.));
#6675=DIRECTION('',(0.,1.,0.));
#6676=DIRECTION('',(1.,0.,0.));
#6677=DIRECTION('',(0.,0.,-1.));
#6678=DIRECTION('',(1.,0.,0.));
#6679=DIRECTION('',(0.,0.,-1.));
#6680=DIRECTION('',(1.,0.,0.));
#6681=DIRECTION('',(0.,0.,-1.));
#6682=DIRECTION('',(1.,0.,0.));
#6683=DIRECTION('',(0.,0.,-1.));
#6684=DIRECTION('',(0.,1.,0.));
#6685=DIRECTION('',(0.,0.,1.));
#6686=DIRECTION('',(0.,1.,0.));
#6687=DIRECTION('',(1.,0.,0.));
#6688=DIRECTION('',(0.,0.,-1.));
#6689=DIRECTION('',(0.,0.,-1.));
#6690=DIRECTION('',(1.,0.,0.));
#6691=DIRECTION('',(0.,0.,-1.));
#6692=DIRECTION('',(0.,-1.,0.));
#6693=DIRECTION('',(1.,0.,0.));
#6694=DIRECTION('',(0.,0.,-1.));
#6695=DIRECTION('',(0.,0.,1.));
#6696=DIRECTION('',(1.,0.,0.));
#6697=DIRECTION('',(0.,0.,-1.));
#6698=DIRECTION('',(0.,1.,0.));
#6699=DIRECTION('',(0.,0.,1.));
#6700=DIRECTION('',(0.,1.,0.));
#6701=DIRECTION('',(1.,0.,0.));
#6702=DIRECTION('',(0.,0.,-1.));
#6703=DIRECTION('',(0.,-0.577350269189628,-0.816496580927724));
#6704=DIRECTION('',(0.,4.56506177888634E-17,-1.));
#6705=DIRECTION('',(0.,-1.,-1.22464679914735E-16));
#6706=DIRECTION('',(0.,0.,-1.));
#6707=DIRECTION('',(1.,0.,0.));
#6708=DIRECTION('',(0.,0.,-1.));
#6709=DIRECTION('',(0.,-1.,0.));
#6710=DIRECTION('',(1.,0.,0.));
#6711=DIRECTION('',(0.,0.,-1.));
#6712=DIRECTION('',(0.,0.,-1.));
#6713=DIRECTION('',(-1.,0.,0.));
#6714=DIRECTION('',(0.,1.,0.));
#6715=DIRECTION('',(-1.,0.,0.));
#6716=DIRECTION('',(0.,0.,-1.));
#6717=DIRECTION('',(-1.,0.,0.));
#6718=DIRECTION('',(-1.,-1.87537673078574E-16,0.));
#6719=DIRECTION('',(0.,1.,0.));
#6720=DIRECTION('',(1.,0.,0.));
#6721=DIRECTION('',(2.66880534765662E-16,-1.,0.));
#6722=DIRECTION('',(1.,0.,0.));
#6723=DIRECTION('',(0.,1.,0.));
#6724=DIRECTION('',(-1.,0.,0.));
#6725=DIRECTION('',(0.,1.,0.));
#6726=DIRECTION('',(1.,0.,0.));
#6727=DIRECTION('',(0.,-1.,0.));
#6728=DIRECTION('',(1.,0.,0.));
#6729=DIRECTION('',(0.,-1.,0.));
#6730=DIRECTION('',(1.,0.,0.));
#6731=DIRECTION('',(0.,1.,0.));
#6732=DIRECTION('',(-1.,0.,0.));
#6733=DIRECTION('',(-1.,0.,0.));
#6734=DIRECTION('',(-1.,0.,0.));
#6735=DIRECTION('',(0.,0.,1.));
#6736=DIRECTION('',(0.,0.,-1.));
#6737=DIRECTION('',(0.,1.,0.));
#6738=DIRECTION('',(0.,0.,-1.));
#6739=DIRECTION('',(0.70710678118655,0.,-0.707106781186545));
#6740=DIRECTION('',(0.,1.,0.));
#6741=DIRECTION('',(0.707106781186545,0.,0.70710678118655));
#6742=DIRECTION('',(-0.707106781186545,0.,-0.70710678118655));
#6743=DIRECTION('',(0.,1.,0.));
#6744=DIRECTION('',(1.,0.,0.));
#6745=DIRECTION('',(0.,1.,0.));
#6746=DIRECTION('',(0.,1.,-1.83697019872103E-16));
#6747=DIRECTION('',(0.,0.,-1.));
#6748=DIRECTION('',(0.,-1.,-1.22464679914735E-16));
#6749=DIRECTION('',(1.,0.,0.));
#6750=DIRECTION('',(0.,0.,-1.));
#6751=DIRECTION('',(0.,-3.67394039744206E-16,-1.));
#6752=DIRECTION('',(1.,0.,0.));
#6753=DIRECTION('',(0.,0.,-1.));
#6754=DIRECTION('',(0.,1.22464679914735E-16,-1.));
#6755=DIRECTION('',(0.,1.,1.22464679914735E-16));
#6756=DIRECTION('',(0.707106781186547,-0.707106781186548,-8.65956056235495E-17));
#6757=DIRECTION('',(0.,1.,1.38777878078145E-16));
#6758=DIRECTION('',(-0.707106781186548,-0.707106781186547,-8.65956056235493E-17));
#6759=DIRECTION('',(-1.,0.,0.));
#6760=DIRECTION('',(0.,1.,1.22464679914735E-16));
#6761=DIRECTION('',(-1.,0.,0.));
#6762=DIRECTION('',(1.,0.,0.));
#6763=DIRECTION('',(0.,1.,0.));
#6764=DIRECTION('',(0.,-1.,0.));
#6765=DIRECTION('',(1.,0.,0.));
#6766=DIRECTION('',(0.,0.,-1.));
#6767=DIRECTION('',(0.,-1.,-2.66880534765662E-16));
#6768=DIRECTION('',(1.,0.,0.));
#6769=DIRECTION('',(0.,0.,-1.));
#6770=DIRECTION('',(0.,0.,1.));
#6771=DIRECTION('',(1.,0.,0.));
#6772=DIRECTION('',(0.,0.,-1.));
#6773=DIRECTION('',(0.,0.,-1.));
#6774=DIRECTION('',(0.,-1.,0.));
#6775=DIRECTION('',(0.,0.,1.));
#6776=DIRECTION('',(0.,-1.,1.83697019872103E-16));
#6777=DIRECTION('',(1.,0.,0.));
#6778=DIRECTION('',(0.,0.,-1.));
#6779=DIRECTION('',(0.,3.67394039744206E-16,1.));
#6780=DIRECTION('',(1.,0.,0.));
#6781=DIRECTION('',(0.,0.,-1.));
#6782=DIRECTION('',(0.,1.,1.22464679914735E-16));
#6783=DIRECTION('',(0.,0.,1.));
#6784=DIRECTION('',(0.,1.,1.22464679914735E-16));
#6785=DIRECTION('',(0.,-0.500000000000009,0.866025403784434));
#6786=DIRECTION('',(0.,1.,0.));
#6787=DIRECTION('',(0.,-0.5,-0.866025403784438));
#6788=DIRECTION('',(0.,1.,1.22464679914735E-16));
#6789=DIRECTION('',(0.,0.50000000000001,-0.866025403784433));
#6790=DIRECTION('',(0.,-1.,-1.26199630540679E-16));
#6791=DIRECTION('',(0.,0.5,0.866025403784438));
#6792=DIRECTION('',(0.,1.,1.22464679914735E-16));
#6793=DIRECTION('',(0.,1.22464679914735E-16,-1.));
#6794=DIRECTION('',(0.,1.,1.22464679914735E-16));
#6795=DIRECTION('',(-1.,0.,0.));
#6796=DIRECTION('',(-1.22464679914735E-16,-1.,-1.22464679914735E-16));
#6797=DIRECTION('',(1.,0.,0.));
#6798=DIRECTION('',(0.,-1.,-1.22464679914735E-16));
#6799=DIRECTION('',(0.,1.,0.));
#6800=DIRECTION('',(0.,0.,1.));
#6801=DIRECTION('',(0.707106781186548,0.,0.707106781186548));
#6802=DIRECTION('',(0.,1.,0.));
#6803=DIRECTION('',(0.,0.,1.));
#6804=DIRECTION('',(0.,1.,0.));
#6805=DIRECTION('',(0.,0.,1.));
#6806=DIRECTION('',(0.,0.,-1.));
#6807=DIRECTION('',(-1.,0.,0.));
#6808=DIRECTION('',(0.,1.,0.));
#6809=DIRECTION('',(0.,0.,1.));
#6810=DIRECTION('',(-1.,0.,0.));
#6811=DIRECTION('',(0.707106781186547,0.,0.707106781186548));
#6812=DIRECTION('',(0.,1.,0.));
#6813=DIRECTION('',(0.,0.,1.));
#6814=DIRECTION('',(1.,0.,1.79454152687256E-16));
#6815=DIRECTION('',(0.,1.,0.));
#6816=DIRECTION('',(0.,0.,1.));
#6817=DIRECTION('',(0.,0.,-1.));
#6818=DIRECTION('',(0.,1.22464679914735E-16,-1.));
#6819=DIRECTION('',(0.,1.,1.22464679914735E-16));
#6820=DIRECTION('',(0.,-1.,0.));
#6821=DIRECTION('',(0.,-1.,-1.22464679914735E-16));
#6822=DIRECTION('',(1.,0.,0.));
#6823=DIRECTION('',(0.816496580927723,0.57735026918963,8.50781400426385E-17));
#6824=DIRECTION('',(0.,1.22464679914735E-16,-1.));
#6825=DIRECTION('',(0.,1.,1.22464679914735E-16));
#6826=DIRECTION('',(0.,-1.,-1.22464679914735E-16));
#6827=DIRECTION('',(0.816496580927723,-0.57735026918963,-1.17127518149031E-16));
#6828=DIRECTION('',(1.,0.,0.));
#6829=DIRECTION('',(0.,-1.,-1.22464679914735E-16));
#6830=DIRECTION('',(1.,0.,0.));
#6831=DIRECTION('',(0.,1.,0.));
#6832=DIRECTION('',(-1.,0.,0.));
#6833=DIRECTION('',(0.,-1.,3.46944695195361E-16));
#6834=DIRECTION('',(0.,0.,-1.));
#6835=DIRECTION('',(0.,1.,1.22464679914735E-16));
#6836=DIRECTION('',(-1.,0.,0.));
#6837=DIRECTION('',(0.,-1.,3.46944695195361E-16));
#6838=DIRECTION('',(0.,3.67394039744206E-16,1.));
#6839=DIRECTION('',(-1.,0.,0.));
#6840=DIRECTION('',(0.,0.,-1.));
#6841=DIRECTION('',(0.,-1.,1.83697019872103E-16));
#6842=DIRECTION('',(0.,0.,-1.));
#6843=DIRECTION('',(0.,-1.,1.83697019872103E-16));
#6844=DIRECTION('',(-1.,0.,0.));
#6845=DIRECTION('',(0.,0.,-1.));
#6846=DIRECTION('',(0.,3.67394039744206E-16,1.));
#6847=DIRECTION('',(0.,0.,-1.));
#6848=DIRECTION('',(1.,0.,0.));
#6849=DIRECTION('',(0.,0.,-1.));
#6850=DIRECTION('',(0.,1.,0.));
#6851=DIRECTION('',(1.,0.,0.));
#6852=DIRECTION('',(0.,0.,-1.));
#6853=DIRECTION('',(0.,0.,1.));
#6854=DIRECTION('',(1.,0.,0.));
#6855=DIRECTION('',(0.,0.,-1.));
#6856=DIRECTION('',(0.,-1.,0.));
#6857=DIRECTION('',(1.,0.,0.));
#6858=DIRECTION('',(0.,0.,-1.));
#6859=DIRECTION('',(1.,0.,0.));
#6860=DIRECTION('',(0.,0.,-1.));
#6861=DIRECTION('',(0.,0.,1.));
#6862=DIRECTION('',(1.,0.,0.));
#6863=DIRECTION('',(0.,0.,-1.));
#6864=DIRECTION('',(0.,-1.,-2.66880534765662E-16));
#6865=DIRECTION('',(1.,0.,0.));
#6866=DIRECTION('',(0.,0.,-1.));
#6867=DIRECTION('',(1.,0.,0.));
#6868=DIRECTION('',(0.,0.,-1.));
#6869=DIRECTION('',(0.,-1.,-1.22464679914735E-16));
#6870=DIRECTION('',(0.,-0.5,-0.866025403784439));
#6871=DIRECTION('',(0.,1.,1.26199630540679E-16));
#6872=DIRECTION('',(0.,-0.50000000000001,0.866025403784433));
#6873=DIRECTION('',(0.,-1.,-1.22464679914735E-16));
#6874=DIRECTION('',(0.,0.5,0.866025403784438));
#6875=DIRECTION('',(0.,-1.,0.));
#6876=DIRECTION('',(0.,0.500000000000009,-0.866025403784434));
#6877=DIRECTION('',(0.,-1.,-1.22464679914735E-16));
#6878=DIRECTION('',(1.,0.,0.));
#6879=DIRECTION('',(0.,0.,-1.));
#6880=DIRECTION('',(0.,-1.,0.));
#6881=DIRECTION('',(1.,0.,0.));
#6882=DIRECTION('',(0.,0.,-1.));
#6883=DIRECTION('',(0.,1.22464679914735E-16,-1.));
#6884=DIRECTION('',(0.,1.,1.22464679914735E-16));
#6885=DIRECTION('',(1.,0.,0.));
#6886=DIRECTION('',(0.,-1.,-1.22464679914735E-16));
#6887=DIRECTION('',(1.,0.,0.));
#6888=DIRECTION('',(0.,0.,-1.));
#6889=DIRECTION('',(-1.,0.,0.));
#6890=DIRECTION('',(-1.,0.,0.));
#6891=DIRECTION('',(0.,-1.,0.));
#6892=DIRECTION('',(-0.866025403784439,0.5,0.));
#6893=DIRECTION('',(0.,0.,-1.));
#6894=DIRECTION('',(-1.,0.,0.));
#6895=DIRECTION('',(0.866025403784439,0.5,0.));
#6896=DIRECTION('',(0.,-1.,0.));
#6897=DIRECTION('',(-0.866025403784438,0.5,0.));
#6898=DIRECTION('',(0.,-1.,0.));
#6899=DIRECTION('',(-1.,0.,0.));
#6900=DIRECTION('',(0.,1.,0.));
#6901=DIRECTION('',(-1.,0.,0.));
#6902=DIRECTION('',(0.,-1.,0.));
#6903=DIRECTION('',(0.,0.,-1.));
#6904=DIRECTION('',(-1.,0.,0.));
#6905=DIRECTION('',(0.866025403784439,0.5,0.));
#6906=DIRECTION('',(0.,-1.,0.));
#6907=DIRECTION('',(-1.,0.,0.));
#6908=DIRECTION('',(1.,0.,0.));
#6909=DIRECTION('',(0.,1.,0.));
#6910=DIRECTION('',(0.,0.,1.));
#6911=DIRECTION('',(0.,1.,0.));
#6912=DIRECTION('',(0.,0.,1.));
#6913=DIRECTION('',(0.,1.,0.));
#6914=DIRECTION('',(-1.,0.,0.));
#6915=DIRECTION('',(0.,0.,1.));
#6916=DIRECTION('',(-1.,0.,0.));
#6917=DIRECTION('',(1.,0.,0.));
#6918=DIRECTION('',(0.,0.,-1.));
#6919=DIRECTION('',(0.5,0.866025403784439,0.));
#6920=DIRECTION('',(-0.866025403784439,0.5,0.));
#6921=DIRECTION('',(-1.,0.,0.));
#6922=DIRECTION('',(0.,0.,1.));
#6923=DIRECTION('',(1.,0.,0.));
#6924=DIRECTION('',(0.,0.,-1.));
#6925=DIRECTION('',(-1.,0.,0.));
#6926=DIRECTION('',(0.,0.,1.));
#6927=DIRECTION('',(1.,0.,0.));
#6928=DIRECTION('',(0.,0.,-1.));
#6929=DIRECTION('',(-1.,0.,0.));
#6930=DIRECTION('',(1.,0.,0.));
#6931=DIRECTION('',(0.,0.,-1.));
#6932=DIRECTION('',(-1.,0.,0.));
#6933=DIRECTION('',(0.,0.,1.));
#6934=DIRECTION('',(0.5,-0.866025403784439,0.));
#6935=DIRECTION('',(-0.866025403784439,-0.5,0.));
#6936=DIRECTION('',(0.,0.,-1.));
#6937=DIRECTION('',(-1.,0.,0.));
#6938=DIRECTION('',(-0.866025403784439,0.5,0.));
#6939=DIRECTION('',(1.,0.,0.));
#6940=DIRECTION('',(0.,-1.,0.));
#6941=DIRECTION('',(1.,0.,0.));
#6942=DIRECTION('',(0.866025403784439,0.5,0.));
#6943=DIRECTION('',(0.,-1.,0.));
#6944=DIRECTION('',(-0.866025403784438,0.5,0.));
#6945=DIRECTION('',(0.866025403784439,0.5,0.));
#6946=DIRECTION('',(0.,-1.,0.));
#6947=DIRECTION('',(0.,0.,1.));
#6948=DIRECTION('',(1.,0.,0.));
#6949=DIRECTION('',(1.,0.,0.));
#6950=DIRECTION('',(0.,1.,0.));
#6951=DIRECTION('',(-1.,-1.87537673078574E-16,0.));
#6952=DIRECTION('',(2.66880534765662E-16,-1.,0.));
#6953=DIRECTION('',(0.,-1.,0.));
#6954=DIRECTION('',(1.,2.31296463463574E-15,0.));
#6955=DIRECTION('',(0.,-1.,0.));
#6956=DIRECTION('',(1.,2.31296463463574E-15,0.));
#6957=DIRECTION('',(0.,0.,-1.));
#6958=DIRECTION('',(-1.,0.,0.));
#6959=DIRECTION('',(0.,0.,-1.));
#6960=DIRECTION('',(-1.,0.,0.));
#6961=DIRECTION('',(1.,0.,0.));
#6962=DIRECTION('',(0.,-1.,0.));
#6963=DIRECTION('',(1.,0.,0.));
#6964=DIRECTION('',(-2.66880534765662E-16,1.,0.));
#6965=DIRECTION('',(1.,1.87537673078574E-16,0.));
#6966=DIRECTION('',(1.,0.,0.));
#6967=DIRECTION('',(0.,0.,-1.));
#6968=DIRECTION('',(1.,2.66880534765662E-16,0.));
#6969=DIRECTION('',(-2.66880534765662E-16,1.,0.));
#6970=DIRECTION('',(1.,0.,0.));
#6971=DIRECTION('',(0.,0.,-1.));
#6972=DIRECTION('',(0.,1.22464679914735E-16,-1.));
#6973=DIRECTION('',(0.,1.,1.22464679914735E-16));
#6974=DIRECTION('',(-0.707106781186548,-0.707106781186547,-8.65956056235493E-17));
#6975=DIRECTION('',(0.,1.,1.22464679914735E-16));
#6976=DIRECTION('',(0.,-1.,-1.22464679914735E-16));
#6977=DIRECTION('',(1.,0.,0.));
#6978=DIRECTION('',(1.,0.,0.));
#6979=DIRECTION('',(0.,1.,0.));
#6980=DIRECTION('',(1.,0.,0.));
#6981=DIRECTION('',(0.,0.,-1.));
#6982=DIRECTION('',(1.,0.,0.));
#6983=DIRECTION('',(0.,0.,-1.));
#6984=DIRECTION('',(0.,-1.,-1.22464679914735E-16));
#6985=DIRECTION('',(0.,0.,-1.));
#6986=DIRECTION('',(0.,0.577350269189629,-0.816496580927724));
#6987=DIRECTION('',(1.,0.,0.));
#6988=DIRECTION('',(0.,0.,-1.));
#6989=DIRECTION('',(0.,0.,-1.));
#6990=DIRECTION('',(-1.,0.,0.));
#6991=DIRECTION('',(0.,0.,-1.));
#6992=DIRECTION('',(-1.,0.,0.));
#6993=DIRECTION('',(0.,0.,-1.));
#6994=DIRECTION('',(-1.,0.,0.));
#6995=DIRECTION('',(0.,0.,-1.));
#6996=DIRECTION('',(-1.,0.,0.));
#6997=DIRECTION('',(0.,0.,-1.));
#6998=DIRECTION('',(-1.,0.,0.));
#6999=DIRECTION('',(0.,0.,-1.));
#7000=DIRECTION('',(-1.,0.,0.));
#7001=DIRECTION('',(0.5,0.866025403784439,0.));
#7002=DIRECTION('',(-0.5,0.866025403784439,0.));
#7003=DIRECTION('',(0.,0.,-1.));
#7004=DIRECTION('',(-1.,0.,0.));
#7005=DIRECTION('',(0.5,0.866025403784439,0.));
#7006=DIRECTION('',(-0.5,0.866025403784439,0.));
#7007=DIRECTION('',(0.,0.,-1.));
#7008=DIRECTION('',(-1.,0.,0.));
#7009=DIRECTION('',(0.5,-0.866025403784438,0.));
#7010=DIRECTION('',(0.,0.,-1.));
#7011=DIRECTION('',(-1.,0.,0.));
#7012=DIRECTION('',(0.5,0.866025403784439,0.));
#7013=DIRECTION('',(0.5,-0.866025403784439,0.));
#7014=DIRECTION('',(0.,0.,-1.));
#7015=DIRECTION('',(-1.,0.,0.));
#7016=DIRECTION('',(0.5,0.866025403784439,0.));
#7017=DIRECTION('',(1.,0.,0.));
#7018=DIRECTION('',(0.,0.,-1.));
#7019=DIRECTION('',(-1.,0.,0.));
#7020=DIRECTION('',(1.,0.,0.));
#7021=DIRECTION('',(-1.,0.,0.));
#7022=DIRECTION('',(-1.,0.,0.));
#7023=DIRECTION('',(0.,0.,-1.));
#7024=DIRECTION('',(-1.,0.,0.));
#7025=DIRECTION('',(0.,0.,-1.));
#7026=DIRECTION('',(-1.,0.,0.));
#7027=DIRECTION('',(0.,0.,-1.));
#7028=DIRECTION('',(-1.,0.,0.));
#7029=DIRECTION('',(0.,0.,-1.));
#7030=DIRECTION('',(-1.,0.,0.));
#7031=DIRECTION('',(-1.,0.,0.));
#7032=DIRECTION('',(0.,0.,1.));
#7033=DIRECTION('',(0.,1.,0.));
#7034=DIRECTION('',(0.,0.,1.));
#7035=DIRECTION('',(-1.,0.,0.));
#7036=DIRECTION('',(0.,0.,1.));
#7037=DIRECTION('',(0.,0.,-1.));
#7038=DIRECTION('',(-1.,0.,0.));
#7039=DIRECTION('',(0.,0.,1.));
#7040=DIRECTION('',(-1.,0.,0.));
#7041=DIRECTION('',(1.,0.,0.));
#7042=DIRECTION('',(0.,0.,-1.));
#7043=DIRECTION('',(1.,0.,0.));
#7044=DIRECTION('',(0.,0.,-1.));
#7045=DIRECTION('',(0.,0.,-1.));
#7046=DIRECTION('',(-1.,0.,0.));
#7047=DIRECTION('',(-1.,0.,0.));
#7048=DIRECTION('',(0.,1.,0.));
#7049=DIRECTION('',(0.,-1.,0.));
#7050=DIRECTION('',(-1.,0.,0.));
#7051=DIRECTION('',(0.,0.,1.));
#7052=DIRECTION('',(-1.,0.,0.));
#7053=DIRECTION('',(1.,0.,0.));
#7054=DIRECTION('',(0.,0.,-1.));
#7055=DIRECTION('',(1.,0.,0.));
#7056=DIRECTION('',(0.,0.,-1.));
#7057=DIRECTION('',(0.,1.,0.));
#7058=DIRECTION('',(0.,0.,1.));
#7059=DIRECTION('',(0.,0.,-1.));
#7060=DIRECTION('',(0.,0.,1.));
#7061=DIRECTION('',(-1.,0.,0.));
#7062=DIRECTION('',(0.,0.,1.));
#7063=DIRECTION('',(1.,0.,0.));
#7064=DIRECTION('',(0.,0.,-1.));
#7065=DIRECTION('',(0.707106781186563,0.707106781186532,3.22798614038598E-17));
#7066=DIRECTION('',(0.707106781186532,-0.707106781186563,-3.22798614038612E-17));
#7067=DIRECTION('',(-0.707106781186552,-9.81307786677356E-17,-0.707106781186543));
#7068=DIRECTION('',(0.707106781186543,0.,-0.707106781186552));
#7069=DIRECTION('',(1.,0.,0.));
#7070=DIRECTION('',(0.,1.,0.));
#7071=DIRECTION('',(1.,0.,0.));
#7072=DIRECTION('',(0.,0.,-1.));
#7073=DIRECTION('',(1.,0.,0.));
#7074=DIRECTION('',(0.,0.,-1.));
#7075=DIRECTION('',(1.,0.,0.));
#7076=DIRECTION('',(0.,0.,-1.));
#7077=DIRECTION('',(1.,0.,0.));
#7078=DIRECTION('',(0.,0.,-1.));
#7079=DIRECTION('',(1.,0.,0.));
#7080=DIRECTION('',(0.,0.,-1.));
#7081=DIRECTION('',(1.,0.,0.));
#7082=DIRECTION('',(0.,0.,-1.));
#7083=DIRECTION('',(0.707106781186563,0.707106781186532,3.22798614038598E-17));
#7084=DIRECTION('',(0.707106781186532,-0.707106781186563,-3.22798614038612E-17));
#7085=DIRECTION('',(0.,0.,1.));
#7086=DIRECTION('',(1.,0.,0.));
#7087=DIRECTION('',(0.,0.,1.));
#7088=DIRECTION('',(1.87537673078574E-16,-1.,0.));
#7089=DIRECTION('',(1.,1.87537673078574E-16,0.));
#7090=DIRECTION('',(0.,0.,1.));
#7091=DIRECTION('',(-0.70710678118655,-1.32609160361806E-16,-0.707106781186546));
#7092=DIRECTION('',(0.447213595499959,1.24126707662364E-16,0.894427190999915));
#7093=DIRECTION('',(-2.77555756156289E-16,1.,0.));
#7094=DIRECTION('',(0.894427190999915,0.,-0.44721359549996));
#7095=DIRECTION('',(1.10246663054138E-32,1.,-1.38777878078145E-16));
#7096=DIRECTION('',(-2.77555756156289E-16,1.,0.));
#7097=DIRECTION('',(0.894427190999915,2.0415576918152E-17,-0.44721359549996));
#7098=DIRECTION('',(0.447213595499959,1.24126707662364E-16,0.894427190999915));
#7099=DIRECTION('',(0.894427190999915,-6.20633538311823E-17,-0.44721359549996));
#7100=DIRECTION('',(0.666666666666654,-0.666666666666683,-0.333333333333328));
#7101=DIRECTION('',(1.,2.66880534765662E-16,0.));
#7102=DIRECTION('',(-2.66880534765662E-16,1.,0.));
#7103=DIRECTION('',(1.,2.66880534765662E-16,0.));
#7104=DIRECTION('',(-2.66880534765662E-16,1.,0.));
#7105=DIRECTION('',(1.,0.,0.));
#7106=DIRECTION('',(0.,0.,-1.));
#7107=DIRECTION('',(1.,2.66880534765662E-16,0.));
#7108=DIRECTION('',(-2.66880534765662E-16,1.,0.));
#7109=DIRECTION('',(1.,2.66880534765662E-16,0.));
#7110=DIRECTION('',(-2.66880534765662E-16,1.,0.));
#7111=DIRECTION('',(1.,0.,0.));
#7112=DIRECTION('',(0.,0.,-1.));
#7113=DIRECTION('',(1.,2.66880534765662E-16,0.));
#7114=DIRECTION('',(-2.66880534765662E-16,1.,0.));
#7115=DIRECTION('',(2.66880534765662E-16,-1.,0.));
#7116=DIRECTION('',(0.,0.,-1.));
#7117=DIRECTION('',(0.,0.,-1.));
#7118=DIRECTION('',(1.,2.66880534765662E-16,0.));
#7119=DIRECTION('',(-2.66880534765662E-16,1.,0.));
#7120=DIRECTION('',(0.,-1.,0.));
#7121=DIRECTION('',(0.,0.,-1.));
#7122=DIRECTION('',(-1.,0.,0.));
#7123=DIRECTION('',(0.,0.,1.));
#7124=DIRECTION('',(1.,0.,0.));
#7125=DIRECTION('',(1.,0.,0.));
#7126=DIRECTION('',(0.816496580927726,-0.577350269189626,0.));
#7127=DIRECTION('',(-0.707106781186548,-0.707106781186547,0.));
#7128=DIRECTION('',(1.,0.,0.));
#7129=DIRECTION('',(1.,0.,0.));
#7130=DIRECTION('',(0.816496580927725,0.577350269189627,0.));
#7131=DIRECTION('',(0.,1.,0.));
#7132=DIRECTION('',(0.,0.,1.));
#7133=DIRECTION('',(0.70710678118655,0.,0.707106781186546));
#7134=DIRECTION('',(0.,1.,0.));
#7135=DIRECTION('',(0.,0.,1.));
#7136=DIRECTION('',(1.,0.,0.));
#7137=DIRECTION('',(1.,0.,0.));
#7138=DIRECTION('',(0.,-2.66880534765662E-16,1.));
#7139=DIRECTION('',(0.,-1.,-2.66880534765662E-16));
#7140=DIRECTION('',(1.,0.,0.));
#7141=DIRECTION('',(1.,0.,0.));
#7142=DIRECTION('',(-2.31296463463574E-15,1.,0.));
#7143=DIRECTION('',(-1.,-2.31296463463574E-15,0.));
#7144=DIRECTION('',(0.,0.,-1.));
#7145=DIRECTION('',(1.,2.31296463463574E-15,0.));
#7146=DIRECTION('',(0.,0.,-1.));
#7147=DIRECTION('',(1.,0.,0.));
#7148=DIRECTION('',(0.,0.,-1.));
#7149=DIRECTION('',(0.,0.,-1.));
#7150=DIRECTION('',(0.,-1.,0.));
#7151=DIRECTION('',(-2.31296463463574E-15,1.,0.));
#7152=DIRECTION('',(-1.,-2.31296463463574E-15,0.));
#7153=DIRECTION('',(0.,0.,-1.));
#7154=DIRECTION('',(1.,2.31296463463574E-15,0.));
#7155=DIRECTION('',(1.,0.,0.));
#7156=DIRECTION('',(0.,0.,-1.));
#7157=DIRECTION('',(0.,-1.,0.));
#7158=DIRECTION('',(0.,0.,1.));
#7159=DIRECTION('',(1.,0.,0.));
#7160=DIRECTION('',(0.5,-0.866025403784439,0.));
#7161=DIRECTION('',(0.866025403784439,0.5,0.));
#7162=DIRECTION('',(0.654653670707977,0.377964473009227,0.654653670707977));
#7163=DIRECTION('',(0.,0.,1.));
#7164=DIRECTION('',(0.5,0.866025403784439,0.));
#7165=DIRECTION('',(-0.866025403784439,0.5,0.));
#7166=DIRECTION('',(-0.654653670707977,0.377964473009228,-0.654653670707977));
#7167=DIRECTION('',(0.,0.,1.));
#7168=DIRECTION('',(-1.,0.,0.));
#7169=DIRECTION('',(0.,0.,1.));
#7170=DIRECTION('',(0.5,-0.866025403784438,0.));
#7171=DIRECTION('',(0.866025403784439,0.5,0.));
#7172=DIRECTION('',(0.654653670707977,0.377964473009228,0.654653670707977));
#7173=DIRECTION('',(0.,0.,1.));
#7174=DIRECTION('',(-1.,0.,0.));
#7175=DIRECTION('',(0.,0.,1.));
#7176=DIRECTION('',(0.,0.,1.));
#7177=DIRECTION('',(0.5,0.866025403784439,0.));
#7178=DIRECTION('',(-0.866025403784439,0.5,0.));
#7179=DIRECTION('',(-0.654653670707977,0.377964473009227,-0.654653670707977));
#7180=DIRECTION('',(0.,0.866025403784438,-0.5));
#7181=DIRECTION('',(0.,0.5,0.866025403784439));
#7182=DIRECTION('',(0.,0.866025403784438,-0.5));
#7183=DIRECTION('',(0.,-0.5,-0.866025403784439));
#7184=DIRECTION('',(1.,0.,0.));
#7185=DIRECTION('',(0.,-1.26199630540679E-16,1.));
#7186=DIRECTION('',(0.,-1.,-1.26199630540679E-16));
#7187=DIRECTION('',(1.,0.,0.));
#7188=DIRECTION('',(0.,-0.866025403784433,-0.50000000000001));
#7189=DIRECTION('',(0.,0.50000000000001,-0.866025403784433));
#7190=DIRECTION('',(0.,-0.866025403784433,-0.50000000000001));
#7191=DIRECTION('',(0.,-0.50000000000001,0.866025403784433));
#7192=DIRECTION('',(0.,-0.866025403784438,0.5));
#7193=DIRECTION('',(0.,-0.5,-0.866025403784438));
#7194=DIRECTION('',(0.,-0.866025403784438,0.5));
#7195=DIRECTION('',(0.,-0.5,-0.866025403784438));
#7196=DIRECTION('',(1.,0.,0.));
#7197=DIRECTION('',(0.,0.,-1.));
#7198=DIRECTION('',(-1.,0.,0.));
#7199=DIRECTION('',(1.,0.,0.));
#7200=DIRECTION('',(0.,0.866025403784434,0.500000000000009));
#7201=DIRECTION('',(0.,-0.500000000000009,0.866025403784434));
#7202=DIRECTION('',(0.,0.866025403784434,0.500000000000009));
#7203=DIRECTION('',(0.,-0.500000000000009,0.866025403784434));
#7204=DIRECTION('',(0.,1.,4.56506177888634E-17));
#7205=DIRECTION('',(-1.,0.,0.));
#7206=DIRECTION('',(0.,1.,4.56506177888634E-17));
#7207=DIRECTION('',(0.,-4.56506177888634E-17,1.));
#7208=DIRECTION('',(-0.707106781186547,-3.22798614038605E-17,0.707106781186549));
#7209=DIRECTION('',(0.,-1.,0.));
#7210=DIRECTION('',(1.,0.,0.));
#7211=DIRECTION('',(0.,-1.,0.));
#7212=DIRECTION('',(0.,0.,-1.));
#7213=DIRECTION('',(0.707106781186547,0.,-0.707106781186548));
#7214=DIRECTION('',(0.,0.,-1.));
#7215=DIRECTION('',(-1.,0.,0.));
#7216=DIRECTION('',(0.,1.,0.));
#7217=DIRECTION('',(0.,1.,0.));
#7218=DIRECTION('',(0.,-1.,-1.22464679914735E-16));
#7219=DIRECTION('',(0.,1.22464679914735E-16,-1.));
#7220=DIRECTION('',(0.,-1.,-1.22464679914735E-16));
#7221=DIRECTION('',(0.,1.22464679914735E-16,-1.));
#7222=DIRECTION('',(0.,-1.,-1.22464679914735E-16));
#7223=DIRECTION('',(0.,1.22464679914735E-16,-1.));
#7224=DIRECTION('',(0.,1.,1.22464679914735E-16));
#7225=DIRECTION('',(0.,-1.22464679914735E-16,1.));
#7226=DIRECTION('',(0.,1.,1.22464679914735E-16));
#7227=DIRECTION('',(0.,-1.22464679914735E-16,1.));
#7228=DIRECTION('',(-0.707106781186548,0.,0.707106781186548));
#7229=DIRECTION('',(0.,-1.,0.));
#7230=DIRECTION('',(-0.707106781186548,0.,0.707106781186548));
#7231=DIRECTION('',(0.,-1.,0.));
#7232=DIRECTION('',(-0.707106781186548,0.,-0.707106781186548));
#7233=DIRECTION('',(1.,0.,0.));
#7234=DIRECTION('',(0.,0.,-1.));
#7235=DIRECTION('',(-0.707106781186548,-0.707106781186548,0.));
#7236=DIRECTION('',(0.707106781186548,-0.707106781186548,0.));
#7237=DIRECTION('',(0.,0.,1.));
#7238=DIRECTION('',(-0.707106781186548,-0.707106781186548,4.90653893338679E-15));
#7239=DIRECTION('',(1.,0.,0.));
#7240=DIRECTION('',(0.,0.,-1.));
#7241=DIRECTION('',(-0.707106781186548,0.,0.707106781186548));
#7242=DIRECTION('',(0.707106781186548,0.,0.707106781186548));
#7243=DIRECTION('',(0.,1.,0.));
#7244=DIRECTION('',(-0.707106781186548,0.,0.707106781186548));
#7245=DIRECTION('',(1.,0.,0.));
#7246=DIRECTION('',(0.,0.,-1.));
#7247=DIRECTION('',(-0.707106781186548,0.707106781186548,0.));
#7248=DIRECTION('',(-0.707106781186548,-0.707106781186548,0.));
#7249=DIRECTION('',(0.,0.,-1.));
#7250=DIRECTION('',(-0.707106781186548,0.707106781186548,0.));
#7251=DIRECTION('',(1.,0.,0.));
#7252=DIRECTION('',(0.,0.,-1.));
#7253=DIRECTION('',(-0.707106781186548,0.,-0.707106781186548));
#7254=DIRECTION('',(-0.707106781186548,0.,0.707106781186548));
#7255=DIRECTION('',(0.,-1.,0.));
#7256=DIRECTION('',(-1.,0.,0.));
#7257=DIRECTION('',(0.,0.,1.));
#7258=DIRECTION('',(-0.70710678118655,0.707106781186545,0.));
#7259=DIRECTION('',(0.70710678118655,0.,-0.707106781186545));
#7260=DIRECTION('',(-0.707106781186548,0.,-0.707106781186548));
#7261=DIRECTION('',(0.,1.,0.));
#7262=DIRECTION('',(0.707106781186548,0.,-0.707106781186548));
#7263=DIRECTION('',(0.707106781186548,0.707106781186548,0.));
#7264=DIRECTION('',(0.,0.,-1.));
#7265=DIRECTION('',(-0.707106781186548,0.707106781186548,0.));
#7266=DIRECTION('',(-1.,0.,0.));
#7267=DIRECTION('',(0.,0.,1.));
#7268=DIRECTION('',(0.70710678118655,0.707106781186545,0.));
#7269=DIRECTION('',(-1.,0.,0.));
#7270=DIRECTION('',(0.,0.,1.));
#7271=DIRECTION('',(-0.70710678118655,0.,-0.707106781186545));
#7272=DIRECTION('',(-0.707106781186548,0.707106781186548,0.));
#7273=DIRECTION('',(0.,0.,1.));
#7274=DIRECTION('',(0.707106781186548,0.707106781186548,0.));
#7275=DIRECTION('',(0.707106781186548,0.,-0.707106781186548));
#7276=DIRECTION('',(0.,-1.,0.));
#7277=DIRECTION('',(-0.707106781186548,0.,-0.707106781186548));
#7278=DIRECTION('',(-1.,0.,0.));
#7279=DIRECTION('',(0.,0.,1.));
#7280=DIRECTION('',(0.,0.,-1.));
#7281=DIRECTION('',(-1.,0.,0.));
#7282=DIRECTION('',(-0.612372435695794,-0.353553390593274,0.707106781186548));
#7283=DIRECTION('',(-0.612372435695794,-0.353553390593274,-0.707106781186548));
#7284=DIRECTION('',(0.612372435695795,0.353553390593275,0.707106781186547));
#7285=DIRECTION('',(0.5,-0.866025403784438,0.));
#7286=DIRECTION('',(0.5,-0.866025403784438,0.));
#7287=DIRECTION('',(-0.612372435695793,-0.353553390593275,0.707106781186549));
#7288=DIRECTION('',(-0.612372435695795,-0.353553390593275,0.707106781186547));
#7289=DIRECTION('',(-0.5,0.866025403784439,0.));
#7290=DIRECTION('',(2.8665835232995E-16,-0.894427190999915,-0.447213595499959));
#7291=DIRECTION('',(0.,0.,-1.));
#7292=DIRECTION('',(-1.,0.,0.));
#7293=DIRECTION('',(0.612372435695795,-0.353553390593271,0.707106781186549));
#7294=DIRECTION('',(0.,0.,-1.));
#7295=DIRECTION('',(-1.,0.,0.));
#7296=DIRECTION('',(0.,0.707106781186548,0.707106781186548));
#7297=DIRECTION('',(0.,0.707106781186548,-0.707106781186548));
#7298=DIRECTION('',(-0.612372435695795,0.353553390593275,-0.707106781186547));
#7299=DIRECTION('',(-0.5,-0.866025403784439,0.));
#7300=DIRECTION('',(-0.5,-0.866025403784439,0.));
#7301=DIRECTION('',(0.612372435695793,-0.353553390593276,-0.707106781186548));
#7302=DIRECTION('',(-0.612372435695795,0.353553390593275,0.707106781186547));
#7303=DIRECTION('',(0.5,0.866025403784439,0.));
#7304=DIRECTION('',(-5.22427533646683E-16,-0.894427190999916,0.447213595499959));
#7305=DIRECTION('',(0.,0.,-1.));
#7306=DIRECTION('',(-1.,0.,0.));
#7307=DIRECTION('',(0.612372435695794,-0.353553390593274,0.707106781186548));
#7308=DIRECTION('',(0.612372435695794,0.353553390593274,-0.707106781186548));
#7309=DIRECTION('',(0.,0.707106781186548,0.707106781186548));
#7310=DIRECTION('',(1.,0.,0.));
#7311=DIRECTION('',(1.,0.,0.));
#7312=DIRECTION('',(0.377964473009228,-0.654653670707977,0.654653670707977));
#7313=DIRECTION('',(0.,0.707106781186548,-0.707106781186548));
#7314=DIRECTION('',(-1.,0.,0.));
#7315=DIRECTION('',(0.,0.707106781186548,0.707106781186548));
#7316=DIRECTION('',(0.,0.,-1.));
#7317=DIRECTION('',(-1.,0.,0.));
#7318=DIRECTION('',(-0.612372435695793,-0.353553390593275,-0.707106781186549));
#7319=DIRECTION('',(0.612372435695795,0.353553390593274,0.707106781186547));
#7320=DIRECTION('',(0.5,-0.866025403784439,0.));
#7321=DIRECTION('',(0.5,-0.866025403784439,0.));
#7322=DIRECTION('',(-0.612372435695795,0.353553390593273,0.707106781186547));
#7323=DIRECTION('',(0.5,0.866025403784439,0.));
#7324=DIRECTION('',(0.5,0.866025403784439,0.));
#7325=DIRECTION('',(0.,0.,-1.));
#7326=DIRECTION('',(-1.,0.,0.));
#7327=DIRECTION('',(-0.612372435695794,0.353553390593273,0.707106781186548));
#7328=DIRECTION('',(-0.612372435695795,-0.353553390593274,0.707106781186547));
#7329=DIRECTION('',(-0.5,0.866025403784439,0.));
#7330=DIRECTION('',(2.35769181316732E-16,-0.894427190999916,-0.447213595499958));
#7331=DIRECTION('',(-0.612372435695795,0.353553390593274,-0.707106781186547));
#7332=DIRECTION('',(-0.5,-0.866025403784439,0.));
#7333=DIRECTION('',(0.,0.,-1.));
#7334=DIRECTION('',(-1.,0.,0.));
#7335=DIRECTION('',(-0.430511054390931,0.560945836999625,0.707106781186547));
#7336=DIRECTION('',(-0.43051105439093,0.560945836999621,-0.707106781186551));
#7337=DIRECTION('',(0.,0.,-1.));
#7338=DIRECTION('',(-1.,0.,0.));
#7339=DIRECTION('',(0.,0.,-1.));
#7340=DIRECTION('',(-1.,0.,0.));
#7341=DIRECTION('',(-0.43051105439093,-0.560945836999625,-0.707106781186548));
#7342=DIRECTION('',(0.,0.,1.));
#7343=DIRECTION('',(1.,0.,0.));
#7344=DIRECTION('',(-0.43051105439093,-0.560945836999624,0.707106781186548));
#7345=DIRECTION('',(0.,0.,-1.));
#7346=DIRECTION('',(-1.,0.,0.));
#7347=DIRECTION('',(0.,0.,-1.));
#7348=DIRECTION('',(-1.,0.,0.));
#7349=DIRECTION('',(-0.457813213907723,0.538894294988804,0.707106781186548));
#7350=DIRECTION('',(-0.457813213907726,0.538894294988808,-0.707106781186544));
#7351=DIRECTION('',(0.,0.,-1.));
#7352=DIRECTION('',(-1.,0.,0.));
#7353=DIRECTION('',(0.,0.,-1.));
#7354=DIRECTION('',(-1.,0.,0.));
#7355=DIRECTION('',(-0.457813213907724,-0.538894294988806,-0.707106781186547));
#7356=DIRECTION('',(0.,0.,1.));
#7357=DIRECTION('',(1.,0.,0.));
#7358=DIRECTION('',(-0.457813213907723,-0.538894294988805,0.707106781186548));
#7359=DIRECTION('',(0.,0.,-1.));
#7360=DIRECTION('',(-1.,0.,0.));
#7361=DIRECTION('',(0.5,0.707106781186544,0.5));
#7362=DIRECTION('',(0.707106781186547,0.,-0.707106781186548));
#7363=DIRECTION('',(-0.5,0.707106781186545,-0.5));
#7364=DIRECTION('',(0.707106781186547,3.22798614038605E-17,-0.707106781186549));
#7365=DIRECTION('',(0.707106781186548,0.,-0.707106781186547));
#7366=DIRECTION('',(-0.707106781186547,0.,-0.707106781186548));
#7367=DIRECTION('',(0.,-1.,0.));
#7368=DIRECTION('',(-1.,0.,0.));
#7369=DIRECTION('',(0.,0.,1.));
#7370=DIRECTION('',(0.,-1.,0.));
#7371=DIRECTION('',(0.,-1.,0.));
#7372=DIRECTION('',(1.79454152687256E-16,0.,-1.));
#7373=DIRECTION('',(-1.,0.,-1.79454152687256E-16));
#7374=DIRECTION('',(0.,-1.,0.));
#7375=DIRECTION('',(-1.,-1.21972744404619E-16,-1.79454152687256E-16));
#7376=DIRECTION('',(0.,-1.,0.));
#7377=DIRECTION('',(0.,1.,0.));
#7378=DIRECTION('',(0.,0.,1.));
#7379=DIRECTION('',(0.,1.,0.));
#7380=DIRECTION('',(0.,0.,1.));
#7381=DIRECTION('',(-0.707106781186546,8.65956056235495E-17,-0.707106781186549));
#7382=DIRECTION('',(0.,1.,1.22464679914735E-16));
#7383=DIRECTION('',(0.707106781186546,8.65956056235496E-17,-0.707106781186549));
#7384=DIRECTION('',(0.,1.,1.22464679914735E-16));
#7385=DIRECTION('',(-1.,0.,0.));
#7386=DIRECTION('',(0.,0.,1.));
#7387=DIRECTION('',(-1.,0.,0.));
#7388=DIRECTION('',(0.,0.,1.));
#7389=DIRECTION('',(1.,0.,0.));
#7390=DIRECTION('',(0.,0.,-1.));
#7391=DIRECTION('',(-1.,0.,0.));
#7392=DIRECTION('',(0.,0.,1.));
#7393=DIRECTION('',(1.,0.,0.));
#7394=DIRECTION('',(0.,0.,-1.));
#7395=DIRECTION('',(0.707106781186546,0.,-0.70710678118655));
#7396=DIRECTION('',(0.,1.,0.));
#7397=DIRECTION('',(0.,-1.22464679914735E-16,1.));
#7398=DIRECTION('',(0.,-1.,-1.22464679914735E-16));
#7399=DIRECTION('',(-1.,0.,0.));
#7400=DIRECTION('',(-1.,0.,0.));
#7401=DIRECTION('',(0.707106781186548,0.707106781186547,8.65956056235493E-17));
#7402=DIRECTION('',(-1.,0.,0.));
#7403=DIRECTION('',(0.,0.,1.));
#7404=DIRECTION('',(-1.,0.,0.));
#7405=DIRECTION('',(0.,1.,0.));
#7406=DIRECTION('',(0.,0.,1.));
#7407=DIRECTION('',(0.,0.,-1.));
#7408=DIRECTION('',(0.,-1.,3.67394039744206E-16));
#7409=DIRECTION('',(0.,-3.67394039744206E-16,-1.));
#7410=DIRECTION('',(-1.,0.,0.));
#7411=DIRECTION('',(-1.,0.,0.));
#7412=DIRECTION('',(0.,0.,1.));
#7413=DIRECTION('',(-1.,0.,0.));
#7414=DIRECTION('',(0.,-1.83697019872103E-16,-1.));
#7415=DIRECTION('',(0.,1.,-1.83697019872103E-16));
#7416=DIRECTION('',(-1.,0.,0.));
#7417=DIRECTION('',(-0.707106781186548,-0.707106781186547,1.29893408435324E-16));
#7418=DIRECTION('',(0.,1.,0.));
#7419=DIRECTION('',(0.,0.,1.));
#7420=DIRECTION('',(-1.,0.,0.));
#7421=DIRECTION('',(0.,0.,-1.));
#7422=DIRECTION('',(0.,1.83697019872103E-16,1.));
#7423=DIRECTION('',(0.,-1.,1.83697019872103E-16));
#7424=DIRECTION('',(0.,1.,0.));
#7425=DIRECTION('',(-0.707106781186547,0.707106781186548,-1.29893408435324E-16));
#7426=DIRECTION('',(-1.,0.,0.));
#7427=DIRECTION('',(0.707106781186548,0.707106781186547,-1.29893408435324E-16));
#7428=DIRECTION('',(-1.,0.,0.));
#7429=DIRECTION('',(0.,0.,1.));
#7430=DIRECTION('',(-1.,0.,0.));
#7431=DIRECTION('',(0.,1.,-3.67394039744206E-16));
#7432=DIRECTION('',(0.,3.67394039744206E-16,1.));
#7433=DIRECTION('',(-1.,0.,0.));
#7434=DIRECTION('',(-1.,0.,0.));
#7435=DIRECTION('',(0.,0.,1.));
#7436=DIRECTION('',(0.707106781186563,0.707106781186532,3.22798614038598E-17));
#7437=DIRECTION('',(-1.26705917393897E-32,4.56506177888634E-17,-1.));
#7438=DIRECTION('',(0.707106781186547,-0.707106781186548,0.));
#7439=DIRECTION('',(0.,0.,-1.));
#7440=DIRECTION('',(0.,0.,1.));
#7441=DIRECTION('',(1.,0.,0.));
#7442=DIRECTION('',(0.,1.,0.));
#7443=DIRECTION('',(0.,0.,-1.));
#7444=DIRECTION('',(-0.707106781186548,-0.707106781186547,0.));
#7445=DIRECTION('',(0.,0.,1.));
#7446=DIRECTION('',(0.707106781186548,0.,-0.707106781186548));
#7447=DIRECTION('',(-0.707106781186548,0.,-0.707106781186548));
#7448=DIRECTION('',(-1.22464679914735E-16,-1.,-1.22464679914735E-16));
#7449=DIRECTION('',(1.22464679914735E-16,1.,1.22464679914735E-16));
#7450=DIRECTION('',(0.,-1.22464679914735E-16,1.));
#7451=DIRECTION('',(0.,1.,0.));
#7452=DIRECTION('',(0.,0.,1.));
#7453=DIRECTION('',(0.,1.,0.));
#7454=DIRECTION('',(0.,0.,1.));
#7455=DIRECTION('',(1.,2.66880534765662E-16,0.));
#7456=DIRECTION('',(-2.66880534765662E-16,1.,0.));
#7457=DIRECTION('',(1.,2.66880534765662E-16,0.));
#7458=DIRECTION('',(-2.66880534765662E-16,1.,0.));
#7459=DIRECTION('',(1.,2.66880534765662E-16,0.));
#7460=DIRECTION('',(-2.66880534765662E-16,1.,0.));
#7461=DIRECTION('',(1.,0.,0.));
#7462=DIRECTION('',(0.,0.,-1.));
#7463=DIRECTION('',(1.,0.,0.));
#7464=DIRECTION('',(1.,0.,0.));
#7465=DIRECTION('',(1.,0.,0.));
#7466=DIRECTION('',(0.,0.,-1.));
#7467=DIRECTION('',(1.,0.,0.));
#7468=DIRECTION('',(1.,0.,0.));
#7469=DIRECTION('',(1.,0.,0.));
#7470=DIRECTION('',(0.,0.,-1.));
#7471=DIRECTION('',(1.,0.,0.));
#7472=DIRECTION('',(0.,0.,-1.));
#7473=DIRECTION('',(0.,0.,1.));
#7474=DIRECTION('',(1.,0.,0.));
#7475=DIRECTION('',(-1.,-1.21972744404619E-16,0.));
#7476=DIRECTION('',(1.,0.,0.));
#7477=DIRECTION('',(0.,0.,-1.));
#7478=DIRECTION('',(1.,0.,0.));
#7479=DIRECTION('',(0.,0.,-1.));
#7480=DIRECTION('',(0.,-1.,0.));
#7481=DIRECTION('',(1.,0.,0.));
#7482=DIRECTION('',(-0.707106781186548,0.,0.707106781186548));
#7483=DIRECTION('',(-1.,0.,0.));
#7484=DIRECTION('',(-0.707106781186548,0.,-0.707106781186548));
#7485=DIRECTION('',(0.5,0.707106781186547,-0.5));
#7486=DIRECTION('',(0.707106781186548,0.,0.707106781186548));
#7487=DIRECTION('',(-0.28108463771482,0.678598344545847,0.678598344545847));
#7488=DIRECTION('',(0.,0.707106781186547,-0.707106781186548));
#7489=DIRECTION('',(1.,0.,0.));
#7490=DIRECTION('',(0.281084637714818,0.678598344545848,0.678598344545847));
#7491=DIRECTION('',(-0.5,0.707106781186546,-0.5));
#7492=DIRECTION('',(0.707106781186548,0.,-0.707106781186548));
#7493=DIRECTION('',(1.21972744404619E-16,-1.,0.));
#7494=DIRECTION('',(1.,1.21972744404619E-16,0.));
#7495=DIRECTION('',(1.,1.21972744404619E-16,1.79454152687256E-16));
#7496=DIRECTION('',(-0.894427190999915,-1.09095739156374E-16,0.44721359549996));
#7497=DIRECTION('',(2.13141002965684E-16,-0.707106781186548,-0.707106781186547));
#7498=DIRECTION('',(1.,1.21972744404619E-16,1.79454152687256E-16));
#7499=DIRECTION('',(2.13141002965684E-16,-0.707106781186548,-0.707106781186547));
#7500=DIRECTION('',(0.942809041582063,0.235702260395517,-0.235702260395517));
#7501=DIRECTION('',(-1.,0.,0.));
#7502=DIRECTION('',(0.,0.,1.));
#7503=DIRECTION('',(0.,0.,-1.));
#7504=DIRECTION('',(0.,1.,0.));
#7505=DIRECTION('',(0.,1.,-1.38777878078145E-16));
#7506=DIRECTION('',(0.,-1.,0.));
#7507=DIRECTION('',(0.,0.,-1.));
#7508=DIRECTION('',(-0.850650808352039,0.,-0.525731112119135));
#7509=DIRECTION('',(0.,-1.,0.));
#7510=DIRECTION('',(0.,0.,-1.));
#7511=DIRECTION('',(0.,-1.,0.));
#7512=DIRECTION('',(0.,0.,-1.));
#7513=DIRECTION('',(-0.894427190999916,0.,0.447213595499959));
#7514=DIRECTION('',(0.850650808352041,0.,0.525731112119131));
#7515=DIRECTION('',(0.,0.,-1.));
#7516=DIRECTION('',(0.,-1.,0.));
#7517=DIRECTION('',(0.,0.,-1.));
#7518=DIRECTION('',(0.,-1.,0.));
#7519=DIRECTION('',(0.,0.,-1.));
#7520=DIRECTION('',(0.,0.,-1.));
#7521=DIRECTION('',(-0.850650808352041,0.,-0.525731112119131));
#7522=DIRECTION('',(0.894427190999916,0.,-0.447213595499959));
#7523=DIRECTION('',(0.,-1.,0.));
#7524=DIRECTION('',(0.,0.,-1.));
#7525=DIRECTION('',(-1.,0.,0.));
#7526=DIRECTION('',(0.,0.,1.));
#7527=DIRECTION('',(0.,1.,0.));
#7528=DIRECTION('',(0.,1.,-1.38777878078145E-16));
#7529=DIRECTION('',(0.447213595499959,1.24126707662364E-16,0.894427190999916));
#7530=DIRECTION('',(2.77555756156289E-16,-1.,0.));
#7531=DIRECTION('',(-1.23259516440783E-32,-1.,1.38777878078145E-16));
#7532=DIRECTION('',(0.894427190999915,2.0415576918152E-17,-0.44721359549996));
#7533=DIRECTION('',(-0.447213595499959,0.,-0.894427190999915));
#7534=DIRECTION('',(-0.894427190999917,-1.55158384577955E-14,0.447213595499957));
#7535=DIRECTION('',(0.447213595499957,0.,0.894427190999917));
#7536=DIRECTION('',(0.525731112119135,-1.18051514168555E-16,-0.850650808352039));
#7537=DIRECTION('',(0.,1.,-1.38777878078145E-16));
#7538=DIRECTION('',(0.525731112119131,-1.18051514168555E-16,-0.850650808352041));
#7539=DIRECTION('',(0.,1.,-1.38777878078145E-16));
#7540=DIRECTION('',(0.,1.,0.));
#7541=DIRECTION('',(0.,0.,1.));
#7542=DIRECTION('',(0.,1.,0.));
#7543=DIRECTION('',(0.,0.,1.));
#7544=DIRECTION('',(0.,1.,0.));
#7545=DIRECTION('',(0.,1.,0.));
#7546=DIRECTION('',(0.,1.,0.));
#7547=DIRECTION('',(0.,1.,0.));
#7548=DIRECTION('',(0.,0.,-1.));
#7549=DIRECTION('',(-1.,0.,0.));
#7550=DIRECTION('',(0.,1.,0.));
#7551=DIRECTION('',(-1.,0.,0.));
#7552=DIRECTION('',(-1.,0.,0.));
#7553=DIRECTION('',(0.,0.,1.));
#7554=DIRECTION('',(0.,1.,0.));
#7555=DIRECTION('',(0.,0.,1.));
#7556=DIRECTION('',(0.,0.,1.));
#7557=DIRECTION('',(1.,0.,0.));
#7558=DIRECTION('',(0.,1.,0.));
#7559=DIRECTION('',(1.,0.,0.));
#7560=DIRECTION('',(0.,1.,0.));
#7561=DIRECTION('',(0.,1.,0.));
#7562=DIRECTION('',(0.,1.,0.));
#7563=DIRECTION('',(0.,1.,0.));
#7564=DIRECTION('',(0.,0.,-1.));
#7565=DIRECTION('',(-1.,0.,0.));
#7566=DIRECTION('',(0.,1.,0.));
#7567=DIRECTION('',(-1.,0.,0.));
#7568=DIRECTION('',(-1.,0.,0.));
#7569=DIRECTION('',(1.,0.,0.));
#7570=DIRECTION('',(0.,0.,-1.));
#7571=DIRECTION('',(0.,1.,0.));
#7572=DIRECTION('',(0.,0.,-1.));
#7573=DIRECTION('',(0.,0.,-1.));
#7574=DIRECTION('',(0.,0.,1.));
#7575=DIRECTION('',(1.,0.,0.));
#7576=DIRECTION('',(0.,1.,0.));
#7577=DIRECTION('',(1.,0.,0.));
#7578=DIRECTION('',(1.,0.,0.));
#7579=DIRECTION('',(0.,1.,0.));
#7580=DIRECTION('',(-1.,0.,0.));
#7581=DIRECTION('',(-1.,0.,0.));
#7582=DIRECTION('',(0.,0.,-1.));
#7583=DIRECTION('',(1.,0.,0.));
#7584=DIRECTION('',(-1.,0.,0.));
#7585=DIRECTION('',(0.,0.,1.));
#7586=DIRECTION('',(1.,0.,0.));
#7587=DIRECTION('',(0.,1.,0.));
#7588=DIRECTION('',(0.,0.,1.));
#7589=DIRECTION('',(0.,0.,-1.));
#7590=DIRECTION('',(-1.,0.,0.));
#7591=DIRECTION('',(0.,1.,0.));
#7592=DIRECTION('',(-1.,0.,0.));
#7593=DIRECTION('',(0.,1.,0.));
#7594=DIRECTION('',(-1.,0.,0.));
#7595=DIRECTION('',(0.,0.,1.));
#7596=DIRECTION('',(0.,1.,0.));
#7597=DIRECTION('',(0.,0.,1.));
#7598=DIRECTION('',(0.,0.,1.));
#7599=DIRECTION('',(1.,0.,0.));
#7600=DIRECTION('',(0.,1.,0.));
#7601=DIRECTION('',(1.,0.,0.));
#7602=DIRECTION('',(1.,0.,0.));
#7603=DIRECTION('',(0.,0.,-1.));
#7604=DIRECTION('',(0.,0.,-1.));
#7605=DIRECTION('',(0.,1.,0.));
#7606=DIRECTION('',(-1.,0.,0.));
#7607=DIRECTION('',(0.,0.,-1.));
#7608=DIRECTION('',(-1.,0.,0.));
#7609=DIRECTION('',(0.,0.,1.));
#7610=DIRECTION('',(1.,0.,0.));
#7611=DIRECTION('',(1.10141173077892E-16,0.,1.));
#7612=DIRECTION('',(1.,0.,-1.10141173077892E-16));
#7613=DIRECTION('',(0.,1.,0.));
#7614=DIRECTION('',(1.,0.,-1.10141173077892E-16));
#7615=DIRECTION('',(0.,1.,0.));
#7616=DIRECTION('',(-1.,0.,3.05006325446472E-16));
#7617=DIRECTION('',(3.05006325446472E-16,0.,1.));
#7618=DIRECTION('',(0.,1.,0.));
#7619=DIRECTION('',(3.05006325446472E-16,0.,1.));
#7620=DIRECTION('',(0.,1.,0.));
#7621=DIRECTION('',(3.02888225964205E-16,0.,1.));
#7622=DIRECTION('',(1.,0.,-3.02888225964205E-16));
#7623=DIRECTION('',(0.,1.,0.));
#7624=DIRECTION('',(1.,0.,-3.02888225964205E-16));
#7625=DIRECTION('',(0.,1.,0.));
#7626=DIRECTION('',(-1.,0.,0.));
#7627=DIRECTION('',(0.,0.,1.));
#7628=DIRECTION('',(0.,1.,0.));
#7629=DIRECTION('',(0.,0.,1.));
#7630=DIRECTION('',(0.,1.,0.));
#7631=DIRECTION('',(0.,1.,0.));
#7632=DIRECTION('',(-1.,0.,0.));
#7633=DIRECTION('',(0.,1.,0.));
#7634=DIRECTION('',(0.,0.,1.));
#7635=DIRECTION('',(1.,0.,-1.10141173077892E-16));
#7636=DIRECTION('',(0.,1.,0.));
#7637=DIRECTION('',(0.,0.,1.));
#7638=DIRECTION('',(3.05006325446472E-16,0.,1.));
#7639=DIRECTION('',(0.,1.,0.));
#7640=DIRECTION('',(0.,0.,1.));
#7641=DIRECTION('',(1.,0.,-3.02888225964205E-16));
#7642=DIRECTION('',(0.,1.,0.));
#7643=DIRECTION('',(0.,0.,1.));
#7644=DIRECTION('',(0.,0.,1.));
#7645=DIRECTION('',(0.,-1.,0.));
#7646=DIRECTION('',(0.,0.,-1.));
#7647=DIRECTION('',(0.,1.,0.));
#7648=DIRECTION('',(0.,0.,1.));
#7649=DIRECTION('',(0.,1.,0.));
#7650=DIRECTION('',(0.,0.,1.));
#7651=DIRECTION('',(0.,1.,0.));
#7652=DIRECTION('',(0.,0.,1.));
#7653=DIRECTION('',(0.,-1.,0.));
#7654=DIRECTION('',(0.,0.,-1.));
#7655=DIRECTION('',(0.,1.,0.));
#7656=DIRECTION('',(0.,0.,1.));
#7657=DIRECTION('',(0.,1.,0.));
#7658=DIRECTION('',(0.,0.,1.));
#7659=DIRECTION('',(0.,1.,0.));
#7660=DIRECTION('',(0.,0.,1.));
#7661=DIRECTION('',(1.,0.,0.));
#7662=DIRECTION('',(0.,0.,-1.));
#7663=DIRECTION('',(0.707106781186548,0.,0.707106781186548));
#7664=DIRECTION('',(0.707106781186548,0.,-0.707106781186548));
#7665=DIRECTION('',(0.707106781186548,0.,-0.707106781186548));
#7666=DIRECTION('',(-0.707106781186548,0.,-0.707106781186548));
#7667=DIRECTION('',(0.,0.,-1.));
#7668=DIRECTION('',(-1.,0.,0.));
#7669=DIRECTION('',(-0.707106781186548,0.,-0.707106781186548));
#7670=DIRECTION('',(-0.707106781186548,0.,0.707106781186548));
#7671=DIRECTION('',(0.,0.,1.));
#7672=DIRECTION('',(1.,0.,0.));
#7673=DIRECTION('',(-0.707106781186548,0.,0.707106781186548));
#7674=DIRECTION('',(-0.707106781186548,0.,-0.707106781186548));
#7675=DIRECTION('',(-1.,0.,0.));
#7676=DIRECTION('',(0.,0.,1.));
#7677=DIRECTION('',(0.703568364724804,0.,-0.710627579086588));
#7678=DIRECTION('',(-0.710627579086588,0.,-0.703568364724804));
#7679=DIRECTION('',(0.,0.,1.));
#7680=DIRECTION('',(1.,0.,0.));
#7681=DIRECTION('',(0.715280598786709,0.,0.698837366630696));
#7682=DIRECTION('',(0.698837366630697,0.,-0.715280598786709));
#7683=DIRECTION('',(1.,0.,0.));
#7684=DIRECTION('',(0.,0.,-1.));
#7685=DIRECTION('',(1.,0.,0.));
#7686=DIRECTION('',(0.,0.,-1.));
#7687=DIRECTION('',(-1.,0.,0.));
#7688=DIRECTION('',(0.,0.,1.));
#7689=DIRECTION('',(-0.707106781186548,0.,-0.707106781186548));
#7690=DIRECTION('',(-0.707106781186548,0.,0.707106781186548));
#7691=DIRECTION('',(1.,0.,0.));
#7692=DIRECTION('',(0.,0.,-1.));
#7693=DIRECTION('',(0.707106781186548,0.,-0.707106781186548));
#7694=DIRECTION('',(0.707106781186548,0.,0.707106781186548));
#7695=DIRECTION('',(0.,0.,-1.));
#7696=DIRECTION('',(-1.,0.,0.));
#7697=DIRECTION('',(0.716087575957772,0.,0.698010446597272));
#7698=DIRECTION('',(0.698010446597272,0.,-0.716087575957772));
#7699=DIRECTION('',(0.,0.,-1.));
#7700=DIRECTION('',(-1.,0.,0.));
#7701=DIRECTION('',(0.707106781186548,0.,-0.707106781186548));
#7702=DIRECTION('',(-0.707106781186548,0.,-0.707106781186548));
#7703=DIRECTION('',(1.,0.,0.));
#7704=DIRECTION('',(0.,0.,-1.));
#7705=DIRECTION('',(1.,0.,0.));
#7706=DIRECTION('',(0.,0.,-1.));
#7707=DIRECTION('',(-1.,0.,0.));
#7708=DIRECTION('',(0.,0.,1.));
#7709=DIRECTION('',(-0.707106781186548,0.,0.707106781186548));
#7710=DIRECTION('',(0.707106781186548,0.,0.707106781186548));
#7711=DIRECTION('',(1.,0.,0.));
#7712=DIRECTION('',(0.,0.,-1.));
#7713=DIRECTION('',(0.707106781186548,0.,0.707106781186548));
#7714=DIRECTION('',(-0.707106781186548,0.,0.707106781186548));
#7715=DIRECTION('',(0.,0.,1.));
#7716=DIRECTION('',(1.,0.,0.));
#7717=DIRECTION('',(1.,0.,-3.02888225964205E-16));
#7718=DIRECTION('',(-3.02888225964205E-16,0.,-1.));
#7719=DIRECTION('',(-1.,0.,0.));
#7720=DIRECTION('',(0.,0.,1.));
#7721=DIRECTION('',(1.,0.,0.));
#7722=DIRECTION('',(0.,0.,-1.));
#7723=DIRECTION('',(0.,1.,0.));
#7724=DIRECTION('',(0.,0.,1.));
#7725=DIRECTION('',(0.,0.,1.));
#7726=DIRECTION('',(1.,0.,0.));
#7727=DIRECTION('',(0.,1.,0.));
#7728=DIRECTION('',(0.,0.,1.));
#7729=DIRECTION('',(0.,0.,1.));
#7730=DIRECTION('',(1.,0.,0.));
#7731=DIRECTION('',(3.05006325446472E-16,0.,1.));
#7732=DIRECTION('',(1.,0.,-3.05006325446472E-16));
#7733=DIRECTION('',(0.,0.,1.));
#7734=DIRECTION('',(1.,0.,0.));
#7735=DIRECTION('',(0.,0.,-1.));
#7736=DIRECTION('',(-1.,0.,0.));
#7737=DIRECTION('',(0.,0.,1.));
#7738=DIRECTION('',(1.,0.,0.));
#7739=DIRECTION('',(0.,1.,0.));
#7740=DIRECTION('',(0.,0.,1.));
#7741=DIRECTION('',(-1.,0.,0.));
#7742=DIRECTION('',(0.,0.,1.));
#7743=DIRECTION('',(0.,1.,0.));
#7744=DIRECTION('',(0.,0.,1.));
#7745=DIRECTION('',(1.,0.,0.));
#7746=DIRECTION('',(0.,0.,-1.));
#7747=DIRECTION('',(-1.,0.,1.10141173077892E-16));
#7748=DIRECTION('',(1.10141173077892E-16,0.,1.));
#7749=DIRECTION('',(0.,0.,1.));
#7750=DIRECTION('',(1.,0.,0.));
#7751=DIRECTION('',(0.,-1.,0.));
#7752=DIRECTION('',(0.,0.,-1.));
#7753=DIRECTION('',(0.,0.,-1.));
#7754=DIRECTION('',(1.,0.,0.));
#7755=DIRECTION('',(0.,0.,-1.));
#7756=DIRECTION('',(1.,0.,0.));
#7757=DIRECTION('',(0.,-1.,-4.56506177888634E-17));
#7758=DIRECTION('',(0.,4.56506177888634E-17,-1.));
#7759=DIRECTION('',(-1.,-5.93933987783893E-33,1.3010426069826E-16));
#7760=DIRECTION('',(0.,-1.,-4.56506177888634E-17));
#7761=DIRECTION('',(0.,4.56506177888634E-17,-1.));
#7762=DIRECTION('',(1.,0.,0.));
#7763=DIRECTION('',(-0.707106781186546,-3.22798614038606E-17,0.707106781186549));
#7764=DIRECTION('',(1.,0.,0.));
#7765=DIRECTION('',(0.707106781186547,-3.22798614038605E-17,0.707106781186548));
#7766=DIRECTION('',(0.,0.,1.));
#7767=DIRECTION('',(1.,0.,0.));
#7768=DIRECTION('',(1.,0.,0.));
#7769=DIRECTION('',(0.,0.,1.));
#7770=DIRECTION('',(1.,0.,0.));
#7771=DIRECTION('',(0.,0.,1.));
#7772=DIRECTION('',(1.,0.,0.));
#7773=DIRECTION('',(-1.,0.,0.));
#7774=DIRECTION('',(0.,0.,1.));
#7775=DIRECTION('',(1.,0.,0.));
#7776=DIRECTION('',(0.,-1.,0.));
#7777=DIRECTION('',(0.,0.,1.));
#7778=DIRECTION('',(1.,0.,0.));
#7779=DIRECTION('',(1.,0.,0.));
#7780=DIRECTION('',(0.,0.,1.));
#7781=DIRECTION('',(1.,0.,0.));
#7782=DIRECTION('',(0.,-1.,0.));
#7783=DIRECTION('',(0.,0.,1.));
#7784=DIRECTION('',(1.,0.,0.));
#7785=DIRECTION('',(0.,0.,1.));
#7786=DIRECTION('',(1.,0.,0.));
#7787=DIRECTION('',(1.,0.,0.));
#7788=DIRECTION('',(0.,0.,1.));
#7789=DIRECTION('',(1.,0.,0.));
#7790=DIRECTION('',(0.,-1.,0.));
#7791=DIRECTION('',(0.,0.,1.));
#7792=DIRECTION('',(1.,0.,0.));
#7793=DIRECTION('',(1.,0.,0.));
#7794=DIRECTION('',(0.,0.,1.));
#7795=DIRECTION('',(1.,0.,0.));
#7796=DIRECTION('',(0.,-1.,0.));
#7797=DIRECTION('',(0.,0.,1.));
#7798=DIRECTION('',(1.,0.,0.));
#7799=DIRECTION('',(1.,0.,0.));
#7800=DIRECTION('',(0.,-1.,0.));
#7801=DIRECTION('',(-1.,0.,0.));
#7802=DIRECTION('',(0.,1.,4.56506177888634E-17));
#7803=DIRECTION('',(-0.816496580927735,-0.577350269189614,0.));
#7804=DIRECTION('',(0.,-1.,0.));
#7805=DIRECTION('',(-0.816496580927732,0.577350269189617,0.));
#7806=DIRECTION('',(1.,0.,0.));
#7807=DIRECTION('',(0.,-1.,0.));
#7808=DIRECTION('',(-1.,0.,0.));
#7809=DIRECTION('',(0.,-1.,0.));
#7810=DIRECTION('',(1.,0.,0.));
#7811=DIRECTION('',(0.,0.,1.));
#7812=DIRECTION('',(1.,0.,0.));
#7813=DIRECTION('',(0.,-1.,0.));
#7814=DIRECTION('',(1.,0.,-2.16840434497102E-16));
#7815=DIRECTION('',(0.,-1.,0.));
#7816=DIRECTION('',(1.,0.,-2.16840434497102E-16));
#7817=DIRECTION('',(0.,-1.,0.));
#7818=DIRECTION('',(1.,0.,-2.16840434497102E-16));
#7819=DIRECTION('',(0.,-1.,0.));
#7820=DIRECTION('',(1.,0.,-2.16840434497102E-16));
#7821=DIRECTION('',(0.,-1.,0.));
#7822=DIRECTION('',(0.,1.,0.));
#7823=DIRECTION('',(0.,0.,1.));
#7824=DIRECTION('',(0.707106781186548,0.,0.707106781186548));
#7825=DIRECTION('',(0.,1.,0.));
#7826=DIRECTION('',(0.,0.,1.));
#7827=DIRECTION('',(-0.939692620785908,0.,-0.342020143325669));
#7828=DIRECTION('',(0.,1.,0.));
#7829=DIRECTION('',(0.,0.,1.));
#7830=DIRECTION('',(-1.,0.,1.3010426069826E-16));
#7831=DIRECTION('',(-0.707106781186547,0.,-0.707106781186548));
#7832=DIRECTION('',(1.3010426069826E-16,0.,1.));
#7833=DIRECTION('',(1.,0.,-1.3010426069826E-16));
#7834=DIRECTION('',(-1.25424041559055E-16,1.,1.63182022008288E-32));
#7835=DIRECTION('',(0.,1.,4.56506177888634E-17));
#7836=DIRECTION('',(0.,-1.,0.));
#7837=DIRECTION('',(0.,0.,-1.));
#7838=DIRECTION('',(-1.,0.,0.));
#7839=DIRECTION('',(0.,0.,-1.));
#7840=DIRECTION('',(0.,0.,1.));
#7841=DIRECTION('',(0.,0.,1.));
#7842=DIRECTION('',(1.,0.,0.));
#7843=DIRECTION('',(0.,-1.,0.));
#7844=DIRECTION('',(0.,0.,1.));
#7845=DIRECTION('',(1.,0.,0.));
#7846=DIRECTION('',(1.,0.,0.));
#7847=DIRECTION('',(0.,-1.,0.));
#7848=DIRECTION('',(1.,0.,0.));
#7849=DIRECTION('',(1.,0.,0.));
#7850=DIRECTION('',(0.,0.,1.));
#7851=DIRECTION('',(1.,0.,0.));
#7852=DIRECTION('',(0.,-1.,0.));
#7853=DIRECTION('',(1.,1.25192883228098E-16,0.));
#7854=DIRECTION('',(0.,-1.,0.));
#7855=DIRECTION('',(1.,-1.25192883228101E-16,0.));
#7856=DIRECTION('',(0.,-1.,0.));
#7857=DIRECTION('',(1.,1.25192883228097E-16,0.));
#7858=DIRECTION('',(0.,-1.,0.));
#7859=DIRECTION('',(1.,-1.251928832281E-16,0.));
#7860=DIRECTION('',(-1.,0.,0.));
#7861=DIRECTION('',(0.,0.,1.));
#7862=DIRECTION('',(1.,0.,0.));
#7863=DIRECTION('',(0.,1.,0.));
#7864=DIRECTION('',(0.,0.,1.));
#7865=DIRECTION('',(1.,0.,0.));
#7866=DIRECTION('',(-1.,0.,0.));
#7867=DIRECTION('',(0.,0.,1.));
#7868=DIRECTION('',(1.,0.,0.));
#7869=DIRECTION('',(0.,1.,0.));
#7870=DIRECTION('',(0.,0.,1.));
#7871=DIRECTION('',(1.,0.,0.));
#7872=DIRECTION('',(0.,0.,1.));
#7873=DIRECTION('',(1.,0.,0.));
#7874=DIRECTION('',(0.,0.,1.));
#7875=DIRECTION('',(1.,0.,0.));
#7876=DIRECTION('',(0.,0.,1.));
#7877=DIRECTION('',(1.,0.,0.));
#7878=DIRECTION('',(0.,1.,0.));
#7879=DIRECTION('',(0.,0.,1.));
#7880=DIRECTION('',(1.,0.,0.));
#7881=DIRECTION('',(-1.,0.,0.));
#7882=DIRECTION('',(0.,0.,1.));
#7883=DIRECTION('',(1.,0.,0.));
#7884=DIRECTION('',(0.,1.,0.));
#7885=DIRECTION('',(0.,0.,1.));
#7886=DIRECTION('',(1.,0.,0.));
#7887=DIRECTION('',(1.,0.,0.));
#7888=DIRECTION('',(0.,-1.,-4.56506177888634E-17));
#7889=DIRECTION('',(0.,4.56506177888634E-17,-1.));
#7890=DIRECTION('',(-0.707106781186548,3.22798614038605E-17,-0.707106781186548));
#7891=DIRECTION('',(-2.16840434497102E-16,4.56506177888634E-17,-1.));
#7892=DIRECTION('',(0.,-1.,-4.56506177888634E-17));
#7893=DIRECTION('',(0.,4.56506177888634E-17,-1.));
#7894=DIRECTION('',(0.,4.56506177888634E-17,-1.));
#7895=DIRECTION('',(-0.707106781186546,-3.22798614038606E-17,0.707106781186549));
#7896=DIRECTION('',(0.,4.56506177888634E-17,-1.));
#7897=DIRECTION('',(1.,0.,0.));
#7898=DIRECTION('',(0.,-1.,0.));
#7899=DIRECTION('',(0.,0.,-1.));
#7900=DIRECTION('',(0.707106781186549,0.,-0.707106781186546));
#7901=DIRECTION('',(-1.,0.,1.3010426069826E-16));
#7902=DIRECTION('',(0.707106781186549,0.,0.707106781186546));
#7903=DIRECTION('',(0.707106781186546,0.,-0.707106781186549));
#7904=DIRECTION('',(-2.16840434497102E-16,0.,-1.));
#7905=DIRECTION('',(1.,0.,-2.16840434497102E-16));
#7906=DIRECTION('',(-2.16840434497102E-16,0.,-1.));
#7907=DIRECTION('',(-2.16840434497102E-16,4.56506177888634E-17,-1.));
#7908=DIRECTION('',(1.87789324842146E-16,0.5,0.866025403784438));
#7909=DIRECTION('',(1.,0.,-2.16840434497102E-16));
#7910=DIRECTION('',(-2.16840434497102E-16,0.,-1.));
#7911=DIRECTION('',(1.,0.,-2.16840434497102E-16));
#7912=DIRECTION('',(-2.16840434497102E-16,0.,-1.));
#7913=DIRECTION('',(-1.87789324842145E-16,0.50000000000001,-0.866025403784433));
#7914=DIRECTION('',(1.87789324842146E-16,0.5,0.866025403784439));
#7915=DIRECTION('',(1.,0.,-2.16840434497102E-16));
#7916=DIRECTION('',(-2.16840434497102E-16,0.,-1.));
#7917=DIRECTION('',(1.,0.,-2.16840434497102E-16));
#7918=DIRECTION('',(-2.16840434497102E-16,0.,-1.));
#7919=DIRECTION('',(1.,0.,-2.16840434497102E-16));
#7920=DIRECTION('',(-2.16840434497102E-16,0.,-1.));
#7921=DIRECTION('',(-2.16840434497102E-16,0.,-1.));
#7922=DIRECTION('',(1.,0.,-2.16840434497102E-16));
#7923=DIRECTION('',(-2.16840434497102E-16,0.,-1.));
#7924=DIRECTION('',(-1.87789324842145E-16,0.500000000000009,-0.866025403784434));
#7925=DIRECTION('',(0.,0.,1.));
#7926=DIRECTION('',(1.,0.,0.));
#7927=DIRECTION('',(0.,-1.,0.));
#7928=DIRECTION('',(1.,0.,0.));
#7929=DIRECTION('',(0.,-1.,0.));
#7930=DIRECTION('',(-0.866025403784439,0.5,0.));
#7931=DIRECTION('',(0.,0.,1.));
#7932=DIRECTION('',(1.,0.,0.));
#7933=DIRECTION('',(0.,0.,1.));
#7934=DIRECTION('',(1.,0.,0.));
#7935=DIRECTION('',(0.,-1.,0.));
#7936=DIRECTION('',(0.,0.,1.));
#7937=DIRECTION('',(1.,0.,0.));
#7938=DIRECTION('',(0.866025403784439,0.5,0.));
#7939=DIRECTION('',(0.,-1.,0.));
#7940=DIRECTION('',(-0.866025403784439,0.5,0.));
#7941=DIRECTION('',(0.,0.,1.));
#7942=DIRECTION('',(1.,0.,0.));
#7943=DIRECTION('',(0.,-1.,0.));
#7944=DIRECTION('',(0.,0.,-1.));
#7945=DIRECTION('',(0.,0.,-1.));
#7946=DIRECTION('',(1.,0.,0.));
#7947=DIRECTION('',(0.,0.,-1.));
#7948=DIRECTION('',(0.707106781186546,0.,-0.707106781186549));
#7949=DIRECTION('',(0.707106781186549,0.,0.707106781186546));
#7950=DIRECTION('',(0.707106781186546,0.,-0.707106781186549));
#7951=DIRECTION('',(0.707106781186546,0.,-0.707106781186549));
#7952=DIRECTION('',(0.,-1.,0.));
#7953=DIRECTION('',(0.707106781186546,3.22798614038606E-17,-0.707106781186549));
#7954=DIRECTION('',(0.707106781186549,0.,0.707106781186547));
#7955=DIRECTION('',(0.707106781186547,0.,-0.707106781186549));
#7956=DIRECTION('',(0.,-1.,0.));
#7957=DIRECTION('',(-0.707106781186547,0.,0.707106781186549));
#7958=DIRECTION('',(0.707106781186547,3.22798614038606E-17,-0.707106781186549));
#7959=DIRECTION('',(1.,0.,0.));
#7960=DIRECTION('',(0.,0.,-1.));
#7961=DIRECTION('',(1.,0.,0.));
#7962=DIRECTION('',(0.,0.,-1.));
#7963=DIRECTION('',(1.,0.,0.));
#7964=DIRECTION('',(0.,0.,-1.));
#7965=DIRECTION('',(1.,0.,0.));
#7966=DIRECTION('',(0.,0.,-1.));
#7967=DIRECTION('',(1.,0.,0.));
#7968=DIRECTION('',(0.,0.,-1.));
#7969=DIRECTION('',(1.,0.,0.));
#7970=DIRECTION('',(0.,0.,-1.));
#7971=DIRECTION('',(0.,0.,1.));
#7972=DIRECTION('',(0.,-1.,0.));
#7973=DIRECTION('',(0.,0.,1.));
#7974=DIRECTION('',(0.,0.,1.));
#7975=DIRECTION('',(0.,-1.,0.));
#7976=DIRECTION('',(0.,0.,1.));
#7977=DIRECTION('',(0.,-1.,0.));
#7978=DIRECTION('',(1.,0.,0.));
#7979=DIRECTION('',(0.,0.,-1.));
#7980=DIRECTION('',(1.,0.,0.));
#7981=DIRECTION('',(0.,0.,-1.));
#7982=DIRECTION('',(1.,0.,0.));
#7983=DIRECTION('',(0.,0.,-1.));
#7984=DIRECTION('',(1.,0.,0.));
#7985=DIRECTION('',(0.,0.,-1.));
#7986=DIRECTION('',(1.,0.,0.));
#7987=DIRECTION('',(0.,0.,-1.));
#7988=DIRECTION('',(0.,-0.577350269189615,0.816496580927733));
#7989=DIRECTION('',(0.,0.577350269189612,0.816496580927736));
#7990=DIRECTION('',(1.,0.,0.));
#7991=DIRECTION('',(0.,0.,-1.));
#7992=DIRECTION('',(0.,-1.,0.));
#7993=DIRECTION('',(0.,0.,1.));
#7994=DIRECTION('',(0.,-1.,0.));
#7995=DIRECTION('',(0.,0.,1.));
#7996=DIRECTION('',(0.,0.,1.));
#7997=DIRECTION('',(0.,-1.,0.));
#7998=DIRECTION('',(0.,0.,1.));
#7999=DIRECTION('',(1.,0.,0.));
#8000=DIRECTION('',(0.,0.,-1.));
#8001=DIRECTION('',(1.,0.,0.));
#8002=DIRECTION('',(0.,0.,-1.));
#8003=DIRECTION('',(0.,0.,1.));
#8004=DIRECTION('',(1.,0.,0.));
#8005=DIRECTION('',(1.,0.,0.));
#8006=DIRECTION('',(0.,0.,1.));
#8007=DIRECTION('',(1.,0.,0.));
#8008=DIRECTION('',(0.866025403784439,0.5,0.));
#8009=DIRECTION('',(1.3010426069826E-16,0.,1.));
#8010=DIRECTION('',(1.,0.,-1.3010426069826E-16));
#8011=DIRECTION('',(-1.,0.,1.3010426069826E-16));
#8012=DIRECTION('',(0.,-1.,0.));
#8013=DIRECTION('',(0.,-1.,0.));
#8014=DIRECTION('',(0.,1.,0.));
#8015=DIRECTION('',(0.,0.,1.));
#8016=DIRECTION('',(0.707106781186549,0.,0.707106781186546));
#8017=DIRECTION('',(0.707106781186549,0.,-0.707106781186547));
#8018=DIRECTION('',(0.5,0.866025403784439,0.));
#8019=DIRECTION('',(-0.866025403784439,0.5,0.));
#8020=DIRECTION('',(-0.866025403784439,0.5,0.));
#8021=DIRECTION('',(-0.654653670707977,0.377964473009228,0.654653670707977));
#8022=DIRECTION('',(0.,0.,1.));
#8023=DIRECTION('',(0.5,0.866025403784439,0.));
#8024=DIRECTION('',(0.866025403784439,-0.5,0.));
#8025=DIRECTION('',(0.5,-0.866025403784439,0.));
#8026=DIRECTION('',(0.866025403784439,0.5,0.));
#8027=DIRECTION('',(0.,0.,1.));
#8028=DIRECTION('',(0.654653670707977,0.377964473009227,-0.654653670707977));
#8029=DIRECTION('',(0.866025403784439,0.5,0.));
#8030=DIRECTION('',(0.5,-0.866025403784439,0.));
#8031=DIRECTION('',(-0.866025403784439,-0.5,0.));
#8032=DIRECTION('',(0.,0.,-1.));
#8033=DIRECTION('',(1.,0.,0.));
#8034=DIRECTION('',(0.,1.,0.));
#8035=DIRECTION('',(0.,-1.,0.));
#8036=DIRECTION('',(0.5,0.866025403784439,0.));
#8037=DIRECTION('',(-0.866025403784439,0.5,0.));
#8038=DIRECTION('',(-0.866025403784439,0.5,0.));
#8039=DIRECTION('',(-0.654653670707977,0.377964473009226,0.654653670707977));
#8040=DIRECTION('',(0.,0.,1.));
#8041=DIRECTION('',(0.5,0.866025403784439,0.));
#8042=DIRECTION('',(0.866025403784439,-0.5,0.));
#8043=DIRECTION('',(0.5,-0.866025403784439,0.));
#8044=DIRECTION('',(0.866025403784439,0.5,0.));
#8045=DIRECTION('',(0.,0.,1.));
#8046=DIRECTION('',(0.654653670707977,0.377964473009228,-0.654653670707977));
#8047=DIRECTION('',(0.866025403784439,0.5,0.));
#8048=DIRECTION('',(0.5,-0.866025403784439,0.));
#8049=DIRECTION('',(-0.866025403784439,-0.5,0.));
#8050=DIRECTION('',(0.,0.,-1.));
#8051=DIRECTION('',(1.,0.,0.));
#8052=DIRECTION('',(0.,1.,0.));
#8053=DIRECTION('',(0.,-1.,0.));
#8054=DIRECTION('',(-1.08420217248553E-16,-0.866025403784434,-0.500000000000009));
#8055=DIRECTION('',(0.,0.500000000000009,-0.866025403784434));
#8056=DIRECTION('',(1.,-1.251928832281E-16,2.69630192214223E-33));
#8057=DIRECTION('',(-1.87789324842145E-16,0.500000000000009,-0.866025403784434));
#8058=DIRECTION('',(-1.08420217248553E-16,-0.866025403784434,-0.500000000000009));
#8059=DIRECTION('',(1.87789324842145E-16,-0.500000000000009,0.866025403784434));
#8060=DIRECTION('',(-1.08420217248551E-16,0.866025403784439,-0.5));
#8061=DIRECTION('',(0.,0.5,0.866025403784439));
#8062=DIRECTION('',(1.87789324842146E-16,0.5,0.866025403784439));
#8063=DIRECTION('',(1.,1.25192883228097E-16,2.69630192214212E-33));
#8064=DIRECTION('',(-1.08420217248551E-16,0.866025403784439,-0.5));
#8065=DIRECTION('',(-1.87789324842146E-16,-0.5,-0.866025403784439));
#8066=DIRECTION('',(-1.,0.,2.16840434497102E-16));
#8067=DIRECTION('',(0.,-1.,0.));
#8068=DIRECTION('',(-1.,0.,2.16840434497102E-16));
#8069=DIRECTION('',(2.16840434497102E-16,0.,1.));
#8070=DIRECTION('',(-1.,0.,2.16840434497102E-16));
#8071=DIRECTION('',(2.16840434497102E-16,0.,1.));
#8072=DIRECTION('',(0.,-1.,0.));
#8073=DIRECTION('',(-1.08420217248553E-16,-0.866025403784433,-0.50000000000001));
#8074=DIRECTION('',(0.,0.50000000000001,-0.866025403784433));
#8075=DIRECTION('',(1.,-1.25192883228101E-16,-1.15555796663237E-33));
#8076=DIRECTION('',(-1.87789324842145E-16,0.50000000000001,-0.866025403784433));
#8077=DIRECTION('',(-1.08420217248553E-16,-0.866025403784433,-0.50000000000001));
#8078=DIRECTION('',(1.87789324842145E-16,-0.50000000000001,0.866025403784433));
#8079=DIRECTION('',(-1.08420217248551E-16,0.866025403784438,-0.5));
#8080=DIRECTION('',(0.,0.5,0.866025403784438));
#8081=DIRECTION('',(1.87789324842146E-16,0.5,0.866025403784438));
#8082=DIRECTION('',(1.,1.25192883228098E-16,0.));
#8083=DIRECTION('',(-1.08420217248551E-16,0.866025403784438,-0.5));
#8084=DIRECTION('',(-1.87789324842146E-16,-0.5,-0.866025403784438));
#8085=DIRECTION('',(-1.,0.,2.16840434497102E-16));
#8086=DIRECTION('',(0.,-1.,0.));
#8087=DIRECTION('',(-1.,0.,2.16840434497102E-16));
#8088=DIRECTION('',(2.16840434497102E-16,0.,1.));
#8089=DIRECTION('',(-1.,0.,2.16840434497102E-16));
#8090=DIRECTION('',(2.16840434497102E-16,0.,1.));
#8091=DIRECTION('',(0.,-1.,0.));
#8092=DIRECTION('',(0.,-1.,0.));
#8093=DIRECTION('',(0.,0.,-1.));
#8094=DIRECTION('',(0.,-1.,0.));
#8095=DIRECTION('',(0.,0.,-1.));
#8096=DIRECTION('',(0.,-1.,0.));
#8097=DIRECTION('',(0.,0.,-1.));
#8098=DIRECTION('',(0.,-1.,0.));
#8099=DIRECTION('',(0.,0.,-1.));
#8100=DIRECTION('',(1.,-1.251928832281E-16,0.));
#8101=DIRECTION('',(1.251928832281E-16,1.,0.));
#8102=DIRECTION('',(1.,1.25192883228097E-16,0.));
#8103=DIRECTION('',(-1.25192883228097E-16,1.,0.));
#8104=DIRECTION('',(1.,-1.25192883228101E-16,0.));
#8105=DIRECTION('',(1.25192883228101E-16,1.,0.));
#8106=DIRECTION('',(1.,1.25192883228098E-16,0.));
#8107=DIRECTION('',(-1.25192883228098E-16,1.,0.));
#8108=DIRECTION('',(0.,0.,-1.));
#8109=DIRECTION('',(-1.,0.,0.));
#8110=DIRECTION('',(-0.707106781186548,0.,-0.707106781186548));
#8111=DIRECTION('',(0.707106781186548,0.,-0.707106781186548));
#8112=DIRECTION('',(0.,0.,-1.));
#8113=DIRECTION('',(-1.,0.,0.));
#8114=DIRECTION('',(-0.707106781186548,0.,-0.707106781186548));
#8115=DIRECTION('',(0.707106781186548,0.,-0.707106781186548));
#8116=DIRECTION('',(0.,0.,-1.));
#8117=DIRECTION('',(-1.,0.,0.));
#8118=DIRECTION('',(-0.707106781186548,0.,-0.707106781186548));
#8119=DIRECTION('',(0.707106781186548,0.,-0.707106781186548));
#8120=DIRECTION('',(0.,0.,-1.));
#8121=DIRECTION('',(-1.,0.,0.));
#8122=DIRECTION('',(-0.707106781186548,0.,-0.707106781186548));
#8123=DIRECTION('',(0.707106781186548,0.,-0.707106781186548));
#8124=DIRECTION('',(-0.707106781186548,0.,-0.707106781186548));
#8125=DIRECTION('',(0.,1.,0.));
#8126=DIRECTION('',(-0.707106781186548,0.,-0.707106781186548));
#8127=DIRECTION('',(0.,1.,0.));
#8128=DIRECTION('',(-2.16840434497102E-16,0.,-1.));
#8129=DIRECTION('',(-1.,0.,2.16840434497102E-16));
#8130=DIRECTION('',(2.16840434497102E-16,-4.56506177888634E-17,1.));
#8131=DIRECTION('',(1.,0.,-2.16840434497102E-16));
#8132=DIRECTION('',(1.,0.,0.));
#8133=DIRECTION('',(0.,0.,-1.));
#8134=DIRECTION('',(-1.,0.,0.));
#8135=DIRECTION('',(0.,0.,1.));
#8136=DIRECTION('',(0.5,0.707106781186557,0.499999999999993));
#8137=DIRECTION('',(-0.707106781186547,0.,0.707106781186549));
#8138=DIRECTION('',(-0.499999999999993,0.707106781186559,-0.499999999999991));
#8139=DIRECTION('',(0.707106781186547,3.22798614038606E-17,-0.707106781186549));
#8140=DIRECTION('',(-0.707106781186548,-3.22798614038605E-17,0.707106781186547));
#8141=DIRECTION('',(0.707106781186547,0.,0.707106781186548));
#8142=DIRECTION('',(0.,0.,1.));
#8143=DIRECTION('',(1.,0.,0.));
#8144=DIRECTION('',(0.,0.,1.));
#8145=DIRECTION('',(0.,0.,1.));
#8146=DIRECTION('',(-1.,0.,0.));
#8147=DIRECTION('',(0.,0.,1.));
#8148=DIRECTION('',(0.,0.,1.));
#8149=DIRECTION('',(0.,0.,1.));
#8150=DIRECTION('',(1.,0.,0.));
#8151=DIRECTION('',(0.,0.,1.));
#8152=DIRECTION('',(0.,-1.,0.));
#8153=DIRECTION('',(0.,0.,-1.));
#8154=DIRECTION('',(0.,0.,1.));
#8155=DIRECTION('',(0.,0.,1.));
#8156=DIRECTION('',(1.,0.,0.));
#8157=DIRECTION('',(0.,0.,1.));
#8158=DIRECTION('',(-1.,0.,0.));
#8159=DIRECTION('',(0.,0.,1.));
#8160=DIRECTION('',(0.,0.,1.));
#8161=DIRECTION('',(0.,-1.,0.));
#8162=DIRECTION('',(0.,0.,-1.));
#8163=DIRECTION('',(0.,0.,1.));
#8164=DIRECTION('',(0.,0.,1.));
#8165=DIRECTION('',(1.,0.,0.));
#8166=DIRECTION('',(0.,0.,1.));
#8167=DIRECTION('',(1.,0.,0.));
#8168=DIRECTION('',(0.,0.,1.));
#8169=DIRECTION('',(-1.,0.,0.));
#8170=DIRECTION('',(0.,0.,1.));
#8171=DIRECTION('',(0.,0.,1.));
#8172=DIRECTION('',(0.,0.,1.));
#8173=DIRECTION('',(1.,0.,0.));
#8174=DIRECTION('',(0.,0.,1.));
#8175=DIRECTION('',(0.,-1.,0.));
#8176=DIRECTION('',(0.,0.,-1.));
#8177=DIRECTION('',(0.,0.,1.));
#8178=DIRECTION('',(0.,0.,1.));
#8179=DIRECTION('',(1.,0.,0.));
#8180=DIRECTION('',(0.,0.,1.));
#8181=DIRECTION('',(-1.,0.,0.));
#8182=DIRECTION('',(0.,0.,1.));
#8183=DIRECTION('',(0.,0.,1.));
#8184=DIRECTION('',(0.707106781186546,0.,-0.707106781186549));
#8185=DIRECTION('',(-0.707106781186549,0.,-0.707106781186546));
#8186=DIRECTION('',(-0.707106781186546,0.,-0.707106781186549));
#8187=DIRECTION('',(-0.707106781186549,0.,0.707106781186546));
#8188=DIRECTION('',(0.,0.,1.));
#8189=DIRECTION('',(1.,0.,0.));
#8190=DIRECTION('',(0.,0.,1.));
#8191=DIRECTION('',(0.,0.,1.));
#8192=DIRECTION('',(1.,0.,0.));
#8193=DIRECTION('',(0.,0.,1.));
#8194=DIRECTION('',(0.,0.,1.));
#8195=DIRECTION('',(0.,1.,0.));
#8196=DIRECTION('',(0.,0.,1.));
#8197=DIRECTION('',(0.,0.,1.));
#8198=DIRECTION('',(1.,0.,0.));
#8199=DIRECTION('',(0.707106781186548,0.,-0.707106781186548));
#8200=DIRECTION('',(-0.707106781186548,0.,-0.707106781186548));
#8201=DIRECTION('',(-0.707106781186548,3.22798614038605E-17,-0.707106781186548));
#8202=DIRECTION('',(0.,1.,4.56506177888634E-17));
#8203=DIRECTION('',(0.,-1.,-4.56506177888634E-17));
#8204=DIRECTION('',(1.,0.,0.));
#8205=DIRECTION('',(0.,-1.,-4.56506177888634E-17));
#8206=DIRECTION('',(0.,4.56506177888634E-17,-1.));
#8207=DIRECTION('',(0.939692620785908,-1.56134308390524E-17,0.342020143325669));
#8208=DIRECTION('',(0.,-1.,-4.56506177888634E-17));
#8209=DIRECTION('',(0.,4.56506177888634E-17,-1.));
#8210=DIRECTION('',(0.,1.,4.56506177888634E-17));
#8211=DIRECTION('',(0.,-4.56506177888634E-17,1.));
#8212=DIRECTION('',(0.,1.,4.56506177888634E-17));
#8213=DIRECTION('',(-0.342020143325669,-4.28975486705128E-17,0.939692620785908));
#8214=DIRECTION('',(0.939692620785908,0.,0.342020143325669));
#8215=DIRECTION('',(-1.25424041559055E-16,1.,2.60612984683891E-32));
#8216=DIRECTION('',(1.25424041559055E-16,-1.,-1.88415039492934E-32));
#8217=DIRECTION('',(1.,1.25424041559055E-16,0.));
#8218=DIRECTION('',(1.,0.,0.));
#8219=DIRECTION('',(0.,0.,-1.));
#8220=DIRECTION('',(1.,0.,0.));
#8221=DIRECTION('',(0.,0.,-1.));
#8222=DIRECTION('',(1.,0.,0.));
#8223=DIRECTION('',(1.,0.,0.));
#8224=DIRECTION('',(1.,0.,0.));
#8225=DIRECTION('',(0.,0.,-1.));
#8226=DIRECTION('',(1.,0.,0.));
#8227=DIRECTION('',(0.,0.,-1.));
#8228=CARTESIAN_POINT('',(0.,0.,0.));
#8229=CARTESIAN_POINT('',(0.0295,0.029,-0.0081875));
#8230=CARTESIAN_POINT('',(0.00382808155699722,0.029,-0.014375));
#8231=CARTESIAN_POINT('',(0.00407414272474513,0.029,-0.014375));
#8232=CARTESIAN_POINT('',(0.00358202038924931,0.029,-0.014375));
#8233=CARTESIAN_POINT('',(0.00407414272474513,0.029,-0.0122577618164967));
#8234=CARTESIAN_POINT('',(0.00407414272474513,0.029,-0.0101405236329935));
#8235=CARTESIAN_POINT('',(0.00382808155699722,0.029,-0.0101405236329935));
#8236=CARTESIAN_POINT('',(0.00358202038924931,0.029,-0.0101405236329935));
#8237=CARTESIAN_POINT('',(0.00358202038924931,0.029,-0.0122577618164967));
#8238=CARTESIAN_POINT('',(0.00806811862835959,0.029,-0.0106877896200185));
#8239=CARTESIAN_POINT('',(0.00861538461538462,0.029,-0.0112350556070435));
#8240=CARTESIAN_POINT('',(0.00861538461538462,0.029,-0.0122174467099166));
#8241=CARTESIAN_POINT('',(0.00806811862835959,0.029,-0.0106877896200185));
#8242=CARTESIAN_POINT('',(0.00861538461538462,0.029,-0.0122174467099166));
#8243=CARTESIAN_POINT('',(0.00653290083410565,0.029,-0.0101405236329935));
#8244=CARTESIAN_POINT('',(0.00752085264133457,0.029,-0.0101405236329935));
#8245=CARTESIAN_POINT('',(0.00806811862835959,0.029,-0.0106877896200185));
#8246=CARTESIAN_POINT('',(0.00653290083410565,0.029,-0.0101405236329935));
#8247=CARTESIAN_POINT('',(0.00588415199258573,0.029,-0.0101405236329935));
#8248=CARTESIAN_POINT('',(0.0052354031510658,0.029,-0.0101405236329935));
#8249=CARTESIAN_POINT('',(0.0052354031510658,0.029,-0.0122577618164967));
#8250=CARTESIAN_POINT('',(0.0052354031510658,0.029,-0.014375));
#8251=CARTESIAN_POINT('',(0.00582205746061168,0.029,-0.014375));
#8252=CARTESIAN_POINT('',(0.00640871177015755,0.029,-0.014375));
#8253=CARTESIAN_POINT('',(0.00804633920296571,0.029,-0.0138203197405004));
#8254=CARTESIAN_POINT('',(0.0074772937905468,0.029,-0.014375));
#8255=CARTESIAN_POINT('',(0.00640871177015755,0.029,-0.014375));
#8256=CARTESIAN_POINT('',(0.00804633920296571,0.029,-0.0138203197405004));
#8257=CARTESIAN_POINT('',(0.00861538461538462,0.029,-0.0122174467099166));
#8258=CARTESIAN_POINT('',(0.00861538461538462,0.029,-0.0132656394810009));
#8259=CARTESIAN_POINT('',(0.00804633920296571,0.029,-0.0138203197405004));
#8260=CARTESIAN_POINT('',(0.0295,0.029,-0.0081875));
#8261=CARTESIAN_POINT('',(0.0295,0.029,-0.00075));
#8262=CARTESIAN_POINT('',(0.0295,0.029,-0.00604214021267309));
#8263=CARTESIAN_POINT('',(0.02775,0.029,-0.00604214021267309));
#8264=CARTESIAN_POINT('',(0.02775,0.029,-0.00604214021267309));
#8265=CARTESIAN_POINT('',(0.02775,0.029,-0.0081875));
#8266=CARTESIAN_POINT('',(0.02775,0.029,-0.00970785978732689));
#8267=CARTESIAN_POINT('',(0.0295,0.029,-0.00970785978732689));
#8268=CARTESIAN_POINT('',(0.0295,0.029,-0.00970785978732689));
#8269=CARTESIAN_POINT('',(0.0295,0.029,-0.0081875));
#8270=CARTESIAN_POINT('',(0.0295,0.029,-0.016375));
#8271=CARTESIAN_POINT('',(0.0295,0.029,-0.016375));
#8272=CARTESIAN_POINT('',(0.,0.029,-0.016375));
#8273=CARTESIAN_POINT('',(0.,0.029,-0.0081875));
#8274=CARTESIAN_POINT('',(0.,0.029,-0.00075));
#8275=CARTESIAN_POINT('',(0.00075,0.029,-0.00075));
#8276=CARTESIAN_POINT('',(0.00075,0.029,5.0928047698459E-18));
#8277=CARTESIAN_POINT('',(0.0295,0.029,5.0928047698459E-18));
#8278=CARTESIAN_POINT('',(0.00475,0.029,5.0928047698459E-18));
#8279=CARTESIAN_POINT('',(0.02121875,0.029,-0.01646875));
#8280=CARTESIAN_POINT('',(0.00575,0.029,-0.001));
#8281=CARTESIAN_POINT('',(0.01475,0.029,-0.001));
#8282=CARTESIAN_POINT('',(0.01975,0.029,-0.001));
#8283=CARTESIAN_POINT('',(0.02103125,0.029,0.000281250000000023));
#8284=CARTESIAN_POINT('',(0.02075,0.029,5.0928047698459E-18));
#8285=CARTESIAN_POINT('',(0.0295,0.029,5.0928047698459E-18));
#8286=CARTESIAN_POINT('',(0.02875,0.029,5.0928047698459E-18));
#8287=CARTESIAN_POINT('',(0.02875,0.029,-0.00075));
#8288=CARTESIAN_POINT('',(0.01,0.029,-0.0086875));
#8289=CARTESIAN_POINT('',(0.01,0.029,-0.012375));
#8290=CARTESIAN_POINT('',(0.01,0.029,-0.005));
#8291=CARTESIAN_POINT('',(0.012,0.029,-0.012375));
#8292=CARTESIAN_POINT('',(0.012,0.029,-0.014375));
#8293=CARTESIAN_POINT('',(0.017875,0.029,-0.014375));
#8294=CARTESIAN_POINT('',(0.02375,0.029,-0.014375));
#8295=CARTESIAN_POINT('',(0.02375,0.029,-0.012375));
#8296=CARTESIAN_POINT('',(0.02575,0.029,-0.012375));
#8297=CARTESIAN_POINT('',(0.02575,0.029,-0.0086875));
#8298=CARTESIAN_POINT('',(0.02575,0.029,-0.005));
#8299=CARTESIAN_POINT('',(0.02375,0.029,-0.005));
#8300=CARTESIAN_POINT('',(0.02375,0.029,-0.003));
#8301=CARTESIAN_POINT('',(0.017875,0.029,-0.003));
#8302=CARTESIAN_POINT('',(0.012,0.029,-0.003));
#8303=CARTESIAN_POINT('',(0.012,0.029,-0.005));
#8304=CARTESIAN_POINT('',(0.0175,0.0075,-0.020377));
#8305=CARTESIAN_POINT('',(0.0175,0.0145,-0.008));
#8306=CARTESIAN_POINT('',(0.0175,0.006,-0.008));
#8307=CARTESIAN_POINT('',(0.0175,0.01025,-0.008));
#8308=CARTESIAN_POINT('',(0.0175,0.0015,-0.008));
#8309=CARTESIAN_POINT('',(0.0175,0.00175,-0.008));
#8310=CARTESIAN_POINT('',(0.0175,0.00175,-0.00975));
#8311=CARTESIAN_POINT('',(0.0175,0.00175,-0.00925));
#8312=CARTESIAN_POINT('',(0.0175,0.0075,-0.00925));
#8313=CARTESIAN_POINT('',(0.0175,0.01375,-0.00925));
#8314=CARTESIAN_POINT('',(0.0175,0.01375,-0.020377));
#8315=CARTESIAN_POINT('',(0.0175,0.01375,-0.008));
#8316=CARTESIAN_POINT('',(0.0175,0.01025,-0.008));
#8317=CARTESIAN_POINT('',(-0.02375,0.0025,-0.0065));
#8318=CARTESIAN_POINT('',(0.009375,0.0025,-0.0065));
#8319=CARTESIAN_POINT('',(0.00125,0.0025,-0.0065));
#8320=CARTESIAN_POINT('',(0.0145,0.0025,-0.0065));
#8321=CARTESIAN_POINT('',(-0.0161,0.0025,0.0088));
#8322=CARTESIAN_POINT('',(0.0149472135955,0.0025,-0.00672360679774997));
#8323=CARTESIAN_POINT('',(0.0145,0.0025,-0.007));
#8324=CARTESIAN_POINT('',(0.0145,0.0025,-0.007));
#8325=CARTESIAN_POINT('',(0.0145,0.0025,-0.0065));
#8326=CARTESIAN_POINT('',(0.0145,0.0025,-0.0075));
#8327=CARTESIAN_POINT('',(-0.02375,0.0025,-0.0075));
#8328=CARTESIAN_POINT('',(0.,0.0025,-0.0075));
#8329=CARTESIAN_POINT('',(0.,0.0025,-0.0101875));
#8330=CARTESIAN_POINT('',(0.,0.0025,-0.0055));
#8331=CARTESIAN_POINT('',(-0.02375,0.0025,-0.0055));
#8332=CARTESIAN_POINT('',(0.00125,0.0025,-0.0055));
#8333=CARTESIAN_POINT('',(0.00125,0.0025,-0.0065));
#8334=CARTESIAN_POINT('',(0.00175,0.00125,-0.012125));
#8335=CARTESIAN_POINT('',(0.00175,0.00125,-0.012125));
#8336=CARTESIAN_POINT('',(0.00175,0.00125,-0.005));
#8337=CARTESIAN_POINT('',(0.00175,0.00125,1.7145666890944E-18));
#8338=CARTESIAN_POINT('',(-0.000625,0.003625,-0.007375));
#8339=CARTESIAN_POINT('',(0.0015,0.0015,-0.00525));
#8340=CARTESIAN_POINT('',(0.0015,0.0015,-0.004998));
#8341=CARTESIAN_POINT('',(0.0015,0.0015,-0.0065));
#8342=CARTESIAN_POINT('',(0.00175,0.00125,-0.0065));
#8343=CARTESIAN_POINT('',(0.00125,0.00175,-0.0065));
#8344=CARTESIAN_POINT('',(0.00125,0.00175,-0.0101875));
#8345=CARTESIAN_POINT('',(0.00125,0.00175,1.75564224216936E-18));
#8346=CARTESIAN_POINT('',(0.009,-0.006,8.06540972830158E-19));
#8347=CARTESIAN_POINT('',(-0.229067621135331,0.00125,-0.012125));
#8348=CARTESIAN_POINT('',(-0.229067621135331,0.00125,-0.0075));
#8349=CARTESIAN_POINT('',(0.017059016994375,0.00125,-0.0075));
#8350=CARTESIAN_POINT('',(0.018,0.00125,-0.0075));
#8351=CARTESIAN_POINT('',(0.011611803398875,0.00125,-0.00477639320225002));
#8352=CARTESIAN_POINT('',(0.012059016994375,0.00125,-0.005));
#8353=CARTESIAN_POINT('',(0.01025,0.00125,-0.005));
#8354=CARTESIAN_POINT('',(0.0170857864376269,0.00125,-0.005));
#8355=CARTESIAN_POINT('',(0.0170857864376269,0.00125,-0.004));
#8356=CARTESIAN_POINT('',(0.0177928932188135,0.00125,-0.00470710678118652));
#8357=CARTESIAN_POINT('',(-0.109346310567666,0.00125,-0.131846310567666));
#8358=CARTESIAN_POINT('',(0.0225,0.00125,0.));
#8359=CARTESIAN_POINT('',(-0.229067621135331,0.00125,1.7145666890944E-18));
#8360=CARTESIAN_POINT('',(0.0258786796564404,0.00125,1.7145666890944E-18));
#8361=CARTESIAN_POINT('',(0.0284393398282202,0.00125,-0.0025606601717798));
#8362=CARTESIAN_POINT('',(0.0295,0.00125,-0.00362132034355962));
#8363=CARTESIAN_POINT('',(0.0295,0.00125,-0.012125));
#8364=CARTESIAN_POINT('',(0.0295,0.00125,-0.0145));
#8365=CARTESIAN_POINT('',(-0.229067621135331,0.00125,-0.0145));
#8366=CARTESIAN_POINT('',(0.00125,0.00125,-0.0145));
#8367=CARTESIAN_POINT('',(0.00125,0.00125,-0.012125));
#8368=CARTESIAN_POINT('',(0.00125,0.00125,-0.00975));
#8369=CARTESIAN_POINT('',(-0.229067621135331,0.00125,-0.00975));
#8370=CARTESIAN_POINT('',(0.018,0.00125,-0.00975));
#8371=CARTESIAN_POINT('',(0.018,0.00125,-0.0075));
#8372=CARTESIAN_POINT('',(-0.229067621135331,0.02775,-0.012125));
#8373=CARTESIAN_POINT('',(0.00175,0.02775,-0.0075));
#8374=CARTESIAN_POINT('',(0.00175,0.02775,4.85510673944435E-18));
#8375=CARTESIAN_POINT('',(0.00175,0.02775,-0.0065));
#8376=CARTESIAN_POINT('',(0.00425,0.02775,-0.004));
#8377=CARTESIAN_POINT('',(0.00675,0.02775,-0.00149999999999999));
#8378=CARTESIAN_POINT('',(0.01475,0.02775,-0.00149999999999999));
#8379=CARTESIAN_POINT('',(0.02275,0.02775,-0.00149999999999999));
#8380=CARTESIAN_POINT('',(0.02525,0.02775,-0.004));
#8381=CARTESIAN_POINT('',(0.02775,0.02775,-0.0065));
#8382=CARTESIAN_POINT('',(0.02775,0.02775,-0.012125));
#8383=CARTESIAN_POINT('',(0.02775,0.02775,-0.00453256451071975));
#8384=CARTESIAN_POINT('',(0.0295,0.02775,-0.00453256451071975));
#8385=CARTESIAN_POINT('',(0.0295,0.02775,-0.00453256451071975));
#8386=CARTESIAN_POINT('',(0.0295,0.02775,-0.012125));
#8387=CARTESIAN_POINT('',(0.0295,0.02775,-0.00362132034355963));
#8388=CARTESIAN_POINT('',(-0.0955319707394453,0.02775,0.121410650395886));
#8389=CARTESIAN_POINT('',(0.0258786796564404,0.02775,4.85510673944435E-18));
#8390=CARTESIAN_POINT('',(-0.229067621135331,0.02775,4.85510673944435E-18));
#8391=CARTESIAN_POINT('',(0.02075,0.02775,4.85510673944435E-18));
#8392=CARTESIAN_POINT('',(-0.110221310567666,0.02775,-0.130971310567666));
#8393=CARTESIAN_POINT('',(0.01975,0.02775,-0.001));
#8394=CARTESIAN_POINT('',(-0.229067621135331,0.02775,-0.001));
#8395=CARTESIAN_POINT('',(0.00575,0.02775,-0.001));
#8396=CARTESIAN_POINT('',(-0.106096310567666,0.02775,0.110846310567666));
#8397=CARTESIAN_POINT('',(0.00475,0.02775,4.85510673944435E-18));
#8398=CARTESIAN_POINT('',(-0.229067621135331,0.02775,4.85510673944435E-18));
#8399=CARTESIAN_POINT('',(-0.229067621135331,0.00125,-0.012125));
#8400=CARTESIAN_POINT('',(0.004,0.00125,-0.004));
#8401=CARTESIAN_POINT('',(0.003,0.00125,-0.004));
#8402=CARTESIAN_POINT('',(0.004,0.00125,-0.005));
#8403=CARTESIAN_POINT('',(0.009375,0.00125,-0.005));
#8404=CARTESIAN_POINT('',(-0.229067621135331,0.00125,1.7145666890944E-18));
#8405=CARTESIAN_POINT('',(0.00440533008588992,0.00125,1.7145666890944E-18));
#8406=CARTESIAN_POINT('',(0.00440533008588991,0.00125,-0.000124999999999998));
#8407=CARTESIAN_POINT('',(0.00449371843353823,0.00125,-0.000213388347648317));
#8408=CARTESIAN_POINT('',(0.00385355339059327,0.00125,-0.000853553390593271));
#8409=CARTESIAN_POINT('',(0.003,0.00125,-0.00170710678118655));
#8410=CARTESIAN_POINT('',(0.003,0.00125,-0.012125));
#8411=CARTESIAN_POINT('',(-0.229067621135331,0.02775,-0.012125));
#8412=CARTESIAN_POINT('',(0.0295,0.02775,-0.012125));
#8413=CARTESIAN_POINT('',(0.0295,0.02775,-0.0112174354892802));
#8414=CARTESIAN_POINT('',(0.0295,0.02775,-0.0145));
#8415=CARTESIAN_POINT('',(0.02775,0.02775,-0.0112174354892802));
#8416=CARTESIAN_POINT('',(0.02775,0.02775,-0.0112174354892802));
#8417=CARTESIAN_POINT('',(0.02775,0.02775,-0.012125));
#8418=CARTESIAN_POINT('',(0.02775,0.02775,-0.00975));
#8419=CARTESIAN_POINT('',(-0.229067621135331,0.02775,-0.00975));
#8420=CARTESIAN_POINT('',(0.00125,0.02775,-0.00975));
#8421=CARTESIAN_POINT('',(0.00125,0.02775,-0.012125));
#8422=CARTESIAN_POINT('',(0.00125,0.02775,-0.0145));
#8423=CARTESIAN_POINT('',(-0.229067621135331,0.02775,-0.0145));
#8424=CARTESIAN_POINT('',(0.0295,0.0145,-0.0101875));
#8425=CARTESIAN_POINT('',(0.0295,0.02875,-0.00970785978732689));
#8426=CARTESIAN_POINT('',(0.0295,0.0285520833333333,-0.00955512147171631));
#8427=CARTESIAN_POINT('',(0.0295,0.026375,-0.007875));
#8428=CARTESIAN_POINT('',(0.0295,0.0283289473684211,-0.00981009423063592));
#8429=CARTESIAN_POINT('',(0.0295,0.02975,-0.0112174354892802));
#8430=CARTESIAN_POINT('',(0.0295,0.02725,-0.0145));
#8431=CARTESIAN_POINT('',(0.0295,0.02725,-0.015));
#8432=CARTESIAN_POINT('',(0.0295,0.0145,-0.015));
#8433=CARTESIAN_POINT('',(0.0295,0.0245,-0.015));
#8434=CARTESIAN_POINT('',(0.0295,0.0245,-0.020377));
#8435=CARTESIAN_POINT('',(0.0295,0.0245,-0.01575));
#8436=CARTESIAN_POINT('',(0.0295,0.0145,-0.01575));
#8437=CARTESIAN_POINT('',(0.0295,0.0255,-0.01575));
#8438=CARTESIAN_POINT('',(0.0295,0.0255,-0.01725));
#8439=CARTESIAN_POINT('',(0.0295,0.027,-0.01725));
#8440=CARTESIAN_POINT('',(0.0295,0.027,-0.01765));
#8441=CARTESIAN_POINT('',(0.0295,0.027,-0.01765));
#8442=CARTESIAN_POINT('',(0.0295,0.0255,-0.01765));
#8443=CARTESIAN_POINT('',(0.0295,0.0255,-0.01915));
#8444=CARTESIAN_POINT('',(0.0295,0.0035,-0.01915));
#8445=CARTESIAN_POINT('',(0.0295,0.0035,-0.01915));
#8446=CARTESIAN_POINT('',(0.0295,0.0035,-0.01765));
#8447=CARTESIAN_POINT('',(0.0295,0.002,-0.01765));
#8448=CARTESIAN_POINT('',(0.0295,0.002,-0.0101875));
#8449=CARTESIAN_POINT('',(0.0295,0.002,-0.01725));
#8450=CARTESIAN_POINT('',(0.0295,0.0035,-0.01725));
#8451=CARTESIAN_POINT('',(0.0295,0.0035,-0.01575));
#8452=CARTESIAN_POINT('',(0.0295,0.0145,-0.01575));
#8453=CARTESIAN_POINT('',(0.0295,0.0045,-0.01575));
#8454=CARTESIAN_POINT('',(0.0295,0.0045,-0.020377));
#8455=CARTESIAN_POINT('',(0.0295,0.0045,-0.015));
#8456=CARTESIAN_POINT('',(0.0295,0.0145,-0.015));
#8457=CARTESIAN_POINT('',(0.0295,0.00175,-0.015));
#8458=CARTESIAN_POINT('',(0.0295,0.00175,-0.0145));
#8459=CARTESIAN_POINT('',(0.0295,0.00310355339059327,-0.001));
#8460=CARTESIAN_POINT('',(0.0295,0.00275,-0.0015));
#8461=CARTESIAN_POINT('',(0.0295,0.00275,-0.012125));
#8462=CARTESIAN_POINT('',(0.0295,0.00275,-0.00075));
#8463=CARTESIAN_POINT('',(0.0295,0.,-0.00075));
#8464=CARTESIAN_POINT('',(0.0295,0.,-0.00075));
#8465=CARTESIAN_POINT('',(0.0295,0.,-0.0081875));
#8466=CARTESIAN_POINT('',(0.0295,0.,-0.016375));
#8467=CARTESIAN_POINT('',(0.0295,0.004,-0.016375));
#8468=CARTESIAN_POINT('',(0.0295,0.004,-0.020375));
#8469=CARTESIAN_POINT('',(0.0295,0.0145,-0.020375));
#8470=CARTESIAN_POINT('',(0.0295,0.025,-0.020375));
#8471=CARTESIAN_POINT('',(0.0295,0.025,-0.016375));
#8472=CARTESIAN_POINT('',(-0.229067621135331,0.0145,-0.008));
#8473=CARTESIAN_POINT('',(0.01425,0.0145,-0.008));
#8474=CARTESIAN_POINT('',(0.01425,0.01025,-0.008));
#8475=CARTESIAN_POINT('',(0.01425,0.01375,-0.008));
#8476=CARTESIAN_POINT('',(0.016,0.01375,-0.008));
#8477=CARTESIAN_POINT('',(0.0185,0.01375,-0.008));
#8478=CARTESIAN_POINT('',(0.0185,0.01475,-0.008));
#8479=CARTESIAN_POINT('',(-0.229067621135331,0.01475,-0.008));
#8480=CARTESIAN_POINT('',(0.022,0.01475,-0.008));
#8481=CARTESIAN_POINT('',(0.022,0.0145,-0.008));
#8482=CARTESIAN_POINT('',(0.022,0.0195,-0.008));
#8483=CARTESIAN_POINT('',(0.025625,0.0195,-0.008));
#8484=CARTESIAN_POINT('',(0.02775,0.0195,-0.008));
#8485=CARTESIAN_POINT('',(0.02775,0.0145,-0.008));
#8486=CARTESIAN_POINT('',(0.02775,0.02475,-0.008));
#8487=CARTESIAN_POINT('',(0.0145,0.02475,-0.008));
#8488=CARTESIAN_POINT('',(0.019,0.02475,-0.008));
#8489=CARTESIAN_POINT('',(0.019,0.02525,-0.008));
#8490=CARTESIAN_POINT('',(0.019,0.02325,-0.008));
#8491=CARTESIAN_POINT('',(0.017,0.02325,-0.008));
#8492=CARTESIAN_POINT('',(0.0135,0.02325,-0.008));
#8493=CARTESIAN_POINT('',(0.0135,0.0145,-0.008));
#8494=CARTESIAN_POINT('',(0.0135,0.02475,-0.008));
#8495=CARTESIAN_POINT('',(0.0145,0.02475,-0.008));
#8496=CARTESIAN_POINT('',(0.00125,0.02475,-0.008));
#8497=CARTESIAN_POINT('',(0.00125,0.0145,-0.008));
#8498=CARTESIAN_POINT('',(0.00125,0.015,-0.008));
#8499=CARTESIAN_POINT('',(0.,0.015,-0.008));
#8500=CARTESIAN_POINT('',(0.,0.015,-0.008));
#8501=CARTESIAN_POINT('',(0.,0.0145,-0.008));
#8502=CARTESIAN_POINT('',(0.,0.003,-0.008));
#8503=CARTESIAN_POINT('',(-0.229067621135331,0.003,-0.008));
#8504=CARTESIAN_POINT('',(0.01425,0.003,-0.008));
#8505=CARTESIAN_POINT('',(0.01425,0.0145,-0.008));
#8506=CARTESIAN_POINT('',(0.01425,0.006,-0.008));
#8507=CARTESIAN_POINT('',(0.016,0.006,-0.008));
#8508=CARTESIAN_POINT('',(0.016,0.01025,-0.008));
#8509=CARTESIAN_POINT('',(0.019,0.02525,-0.0065));
#8510=CARTESIAN_POINT('',(0.019,0.02475,-0.0065));
#8511=CARTESIAN_POINT('',(0.019,0.02475,-0.0065));
#8512=CARTESIAN_POINT('',(0.019,0.02525,-0.0065));
#8513=CARTESIAN_POINT('',(0.019,0.02325,-0.0065));
#8514=CARTESIAN_POINT('',(0.019,0.02325,-0.0065));
#8515=CARTESIAN_POINT('',(0.0135,0.0145,-0.008));
#8516=CARTESIAN_POINT('',(0.0135,0.02475,-0.008));
#8517=CARTESIAN_POINT('',(0.015,0.02475,-0.0065));
#8518=CARTESIAN_POINT('',(0.0135,0.02325,-0.008));
#8519=CARTESIAN_POINT('',(0.015,0.02325,-0.0065));
#8520=CARTESIAN_POINT('',(0.015,0.02525,-0.0065));
#8521=CARTESIAN_POINT('',(0.0015,0.0145,-0.0101875));
#8522=CARTESIAN_POINT('',(0.0015,0.0227605967420157,-0.00535));
#8523=CARTESIAN_POINT('',(0.0015,0.0175,-0.00535));
#8524=CARTESIAN_POINT('',(0.0015,0.02,-0.00535));
#8525=CARTESIAN_POINT('',(0.0015,0.02,-0.0101875));
#8526=CARTESIAN_POINT('',(0.0015,0.02,-0.00215));
#8527=CARTESIAN_POINT('',(0.0015,0.0234123861488632,-0.00215));
#8528=CARTESIAN_POINT('',(0.0015,0.0175,-0.00215));
#8529=CARTESIAN_POINT('',(0.0015,0.0175,-0.00325));
#8530=CARTESIAN_POINT('',(0.0015,0.0164,-0.00325));
#8531=CARTESIAN_POINT('',(0.0015,0.0164,-0.00421947685217239));
#8532=CARTESIAN_POINT('',(0.0015,0.0164,-0.00425));
#8533=CARTESIAN_POINT('',(0.0015,0.0175,-0.00425));
#8534=CARTESIAN_POINT('',(0.029502,0.0234123861488632,-0.00215));
#8535=CARTESIAN_POINT('',(0.00125,0.02025,-0.00215));
#8536=CARTESIAN_POINT('',(0.0005,0.021,-0.00215));
#8537=CARTESIAN_POINT('',(0.0005,0.024125,-0.00215));
#8538=CARTESIAN_POINT('',(0.0005,0.0265,-0.00215));
#8539=CARTESIAN_POINT('',(0.0134571930744316,0.0394571930744316,-0.00215));
#8540=CARTESIAN_POINT('',(0.0015,0.0275,-0.00215));
#8541=CARTESIAN_POINT('',(0.029502,0.0275,-0.00215));
#8542=CARTESIAN_POINT('',(0.,0.0275,-0.00215));
#8543=CARTESIAN_POINT('',(0.,0.0234123861488632,-0.00215));
#8544=CARTESIAN_POINT('',(0.,0.0175,-0.00215));
#8545=CARTESIAN_POINT('',(0.029502,0.0175,-0.00215));
#8546=CARTESIAN_POINT('',(0.00125,0.0145,-0.0101875));
#8547=CARTESIAN_POINT('',(0.00125,0.001875,-0.0065));
#8548=CARTESIAN_POINT('',(0.00125,0.003,-0.0055));
#8549=CARTESIAN_POINT('',(0.00125,0.003,-0.005));
#8550=CARTESIAN_POINT('',(0.00125,0.009,-0.005));
#8551=CARTESIAN_POINT('',(0.00125,0.015,-0.005));
#8552=CARTESIAN_POINT('',(0.00125,0.015,-0.0055));
#8553=CARTESIAN_POINT('',(0.00125,0.0155,-0.0055));
#8554=CARTESIAN_POINT('',(0.00125,0.0155,-0.0065));
#8555=CARTESIAN_POINT('',(0.00125,0.0155,-0.0075));
#8556=CARTESIAN_POINT('',(0.00125,0.015,-0.0075));
#8557=CARTESIAN_POINT('',(0.00125,0.02475,-0.006498));
#8558=CARTESIAN_POINT('',(0.00125,0.02475,-0.0065));
#8559=CARTESIAN_POINT('',(0.00125,0.0145,-0.0065));
#8560=CARTESIAN_POINT('',(0.00125,0.02725,-0.0065));
#8561=CARTESIAN_POINT('',(0.00125,0.02725,4.85510673944435E-18));
#8562=CARTESIAN_POINT('',(0.00125,0.02725,-0.00565));
#8563=CARTESIAN_POINT('',(0.00125,0.0227605967420157,-0.00565));
#8564=CARTESIAN_POINT('',(0.00125,0.0175,-0.00565));
#8565=CARTESIAN_POINT('',(0.00125,0.0175,-0.00425));
#8566=CARTESIAN_POINT('',(0.00125,0.0161,-0.00425));
#8567=CARTESIAN_POINT('',(0.00125,0.0161,-0.00421947685217239));
#8568=CARTESIAN_POINT('',(0.00125,0.0161,-0.00325));
#8569=CARTESIAN_POINT('',(0.00125,0.0175,-0.00325));
#8570=CARTESIAN_POINT('',(0.00125,0.0175,-0.00185));
#8571=CARTESIAN_POINT('',(0.00125,0.0234123861488632,-0.00185));
#8572=CARTESIAN_POINT('',(0.00125,0.02725,-0.00185));
#8573=CARTESIAN_POINT('',(0.00125,0.02725,4.85510673944435E-18));
#8574=CARTESIAN_POINT('',(0.00125,0.02725,4.87849157999511E-18));
#8575=CARTESIAN_POINT('',(0.00125,0.0145,3.31706691108223E-18));
#8576=CARTESIAN_POINT('',(0.00125,0.0225,4.29678435040012E-18));
#8577=CARTESIAN_POINT('',(0.00125,0.0227886751345948,-0.000499999999999969));
#8578=CARTESIAN_POINT('',(0.00125,0.0230773502691896,-0.000999999999999973));
#8579=CARTESIAN_POINT('',(0.00125,0.0205,-0.001));
#8580=CARTESIAN_POINT('',(0.00125,0.0179226497308103,-0.001));
#8581=CARTESIAN_POINT('',(0.00125,0.0182113248654052,-0.0005));
#8582=CARTESIAN_POINT('',(0.00125,0.0185,3.80692563074117E-18));
#8583=CARTESIAN_POINT('',(0.00125,0.0145,3.31706691108223E-18));
#8584=CARTESIAN_POINT('',(0.00125,0.0105,2.8230669199428E-18));
#8585=CARTESIAN_POINT('',(0.00125,0.0107886751345948,-0.000499999999999948));
#8586=CARTESIAN_POINT('',(0.00125,0.0110773502691896,-0.001));
#8587=CARTESIAN_POINT('',(0.00125,0.0085,-0.001));
#8588=CARTESIAN_POINT('',(0.00125,0.00592264973081038,-0.001));
#8589=CARTESIAN_POINT('',(0.00125,0.00621132486540518,-0.0005));
#8590=CARTESIAN_POINT('',(0.00125,0.0065,2.33734947176435E-18));
#8591=CARTESIAN_POINT('',(0.00125,0.0145,3.31706691108223E-18));
#8592=CARTESIAN_POINT('',(0.0295,0.0145,3.31706691108223E-18));
#8593=CARTESIAN_POINT('',(0.0295,0.,0.));
#8594=CARTESIAN_POINT('',(0.00440533008588992,0.,0.));
#8595=CARTESIAN_POINT('',(0.00075,0.,0.));
#8596=CARTESIAN_POINT('',(0.00440533008588991,0.00125,1.69440990221199E-18));
#8597=CARTESIAN_POINT('',(-2.00000000000005E-06,0.0065,2.33734947176435E-18));
#8598=CARTESIAN_POINT('',(0.00075,0.0065,2.33734947176435E-18));
#8599=CARTESIAN_POINT('',(0.00075,0.0145,3.31706691108223E-18));
#8600=CARTESIAN_POINT('',(0.0295,0.,-0.0081875));
#8601=CARTESIAN_POINT('',(0.00385355339059327,0.,-0.000853553390593271));
#8602=CARTESIAN_POINT('',(0.003,0.,-0.00170710678118655));
#8603=CARTESIAN_POINT('',(0.00449371843353823,0.,-0.000213388347648317));
#8604=CARTESIAN_POINT('',(0.00440533008588991,0.,-0.000124999999999998));
#8605=CARTESIAN_POINT('',(0.00075,0.,-0.00075));
#8606=CARTESIAN_POINT('',(0.,0.,-0.00075));
#8607=CARTESIAN_POINT('',(0.,0.,-0.0081875));
#8608=CARTESIAN_POINT('',(0.,0.,-0.016375));
#8609=CARTESIAN_POINT('',(0.0295,0.,-0.016375));
#8610=CARTESIAN_POINT('',(0.02875,0.,-0.00075));
#8611=CARTESIAN_POINT('',(0.02875,0.,0.));
#8612=CARTESIAN_POINT('',(0.0295,0.,0.));
#8613=CARTESIAN_POINT('',(0.0225,0.,0.));
#8614=CARTESIAN_POINT('',(0.02,0.,-0.0025));
#8615=CARTESIAN_POINT('',(0.0177928932188135,0.,-0.00470710678118655));
#8616=CARTESIAN_POINT('',(0.0170857864376269,0.,-0.004));
#8617=CARTESIAN_POINT('',(0.0170857864376269,0.,-0.005));
#8618=CARTESIAN_POINT('',(0.01025,0.,-0.005));
#8619=CARTESIAN_POINT('',(0.004,0.,-0.005));
#8620=CARTESIAN_POINT('',(0.004,0.,-0.004));
#8621=CARTESIAN_POINT('',(0.003,0.,-0.004));
#8622=CARTESIAN_POINT('',(0.003,0.,-0.003));
#8623=CARTESIAN_POINT('',(0.0295,0.0145,3.31706691108223E-18));
#8624=CARTESIAN_POINT('',(0.0225,0.005,0.));
#8625=CARTESIAN_POINT('',(0.02875,0.00275,1.87810692208409E-18));
#8626=CARTESIAN_POINT('',(0.02875,0.00275,1.7830426157777E-18));
#8627=CARTESIAN_POINT('',(-0.229067621135331,0.00275,1.7830426157777E-18));
#8628=CARTESIAN_POINT('',(0.028,0.00275,1.7830426157777E-18));
#8629=CARTESIAN_POINT('',(0.0345390031192946,0.00737377344785326,2.4443558573737E-18));
#8630=CARTESIAN_POINT('',(0.0295,0.0145,3.31706691108223E-18));
#8631=CARTESIAN_POINT('',(0.02075,0.0145,3.31706691108223E-18));
#8632=CARTESIAN_POINT('',(0.0345390031192946,0.0216262265521468,4.18977796479077E-18));
#8633=CARTESIAN_POINT('',(0.028,0.02625,-8.41446835513287E-18));
#8634=CARTESIAN_POINT('',(-0.229067621135331,0.02625,4.85510673944435E-18));
#8635=CARTESIAN_POINT('',(0.02875,0.02625,4.85510673944435E-18));
#8636=CARTESIAN_POINT('',(0.02875,0.029,5.0928047698459E-18));
#8637=CARTESIAN_POINT('',(0.,0.0145,-0.0101875));
#8638=CARTESIAN_POINT('',(0.,0.0175,-0.00325));
#8639=CARTESIAN_POINT('',(0.,0.0164,-0.00325));
#8640=CARTESIAN_POINT('',(0.,0.0275,-0.00185));
#8641=CARTESIAN_POINT('',(0.,0.0275,-0.00185));
#8642=CARTESIAN_POINT('',(0.,0.0234123861488632,-0.00185));
#8643=CARTESIAN_POINT('',(0.,0.0175,-0.00185));
#8644=CARTESIAN_POINT('',(0.,0.0175,-0.00325));
#8645=CARTESIAN_POINT('',(0.,0.0161,-0.00325));
#8646=CARTESIAN_POINT('',(0.,0.0161,-0.00421947685217239));
#8647=CARTESIAN_POINT('',(0.,0.0161,-0.00425));
#8648=CARTESIAN_POINT('',(0.,0.0175,-0.00425));
#8649=CARTESIAN_POINT('',(0.,0.0175,-0.00565));
#8650=CARTESIAN_POINT('',(0.,0.0227605967420157,-0.00565));
#8651=CARTESIAN_POINT('',(0.,0.0275,-0.00565));
#8652=CARTESIAN_POINT('',(0.,0.0275,-0.00535));
#8653=CARTESIAN_POINT('',(0.,0.0275,-0.00535));
#8654=CARTESIAN_POINT('',(0.,0.0227605967420157,-0.00535));
#8655=CARTESIAN_POINT('',(0.,0.0175,-0.00535));
#8656=CARTESIAN_POINT('',(0.,0.0175,-0.00425));
#8657=CARTESIAN_POINT('',(0.,0.0164,-0.00425));
#8658=CARTESIAN_POINT('',(0.,0.0164,-0.00421947685217239));
#8659=CARTESIAN_POINT('',(0.,0.002,-0.01765));
#8660=CARTESIAN_POINT('',(0.,0.002,-0.01725));
#8661=CARTESIAN_POINT('',(0.,0.002,-0.01765));
#8662=CARTESIAN_POINT('',(0.,0.0035,-0.01765));
#8663=CARTESIAN_POINT('',(0.,0.0035,-0.01915));
#8664=CARTESIAN_POINT('',(0.,0.0145,-0.01915));
#8665=CARTESIAN_POINT('',(0.,0.0255,-0.01915));
#8666=CARTESIAN_POINT('',(0.,0.0255,-0.01765));
#8667=CARTESIAN_POINT('',(0.,0.027,-0.01765));
#8668=CARTESIAN_POINT('',(0.,0.027,-0.0101875));
#8669=CARTESIAN_POINT('',(0.,0.027,-0.01725));
#8670=CARTESIAN_POINT('',(0.,0.0255,-0.01725));
#8671=CARTESIAN_POINT('',(0.,0.0255,-0.01575));
#8672=CARTESIAN_POINT('',(0.,0.0035,-0.01575));
#8673=CARTESIAN_POINT('',(0.,0.0035,-0.01575));
#8674=CARTESIAN_POINT('',(0.,0.0035,-0.01725));
#8675=CARTESIAN_POINT('',(0.,0.015,-0.0075));
#8676=CARTESIAN_POINT('',(0.,0.0155,-0.0075));
#8677=CARTESIAN_POINT('',(0.,0.0155,-0.0101875));
#8678=CARTESIAN_POINT('',(0.,0.0155,-0.0055));
#8679=CARTESIAN_POINT('',(0.,0.015,-0.0055));
#8680=CARTESIAN_POINT('',(0.,0.015,-0.005));
#8681=CARTESIAN_POINT('',(0.,0.0145,-0.005));
#8682=CARTESIAN_POINT('',(0.,0.003,-0.005));
#8683=CARTESIAN_POINT('',(0.,0.003,-0.0055));
#8684=CARTESIAN_POINT('',(0.,0.003,-0.0075));
#8685=CARTESIAN_POINT('',(0.,0.0145,-0.00075));
#8686=CARTESIAN_POINT('',(0.,0.00606698729810778,-0.00075));
#8687=CARTESIAN_POINT('',(0.,0.00621132486540518,-0.0005));
#8688=CARTESIAN_POINT('',(-8.470329472543E-22,0.00592264973081038,-0.001));
#8689=CARTESIAN_POINT('',(0.,0.0085,-0.001));
#8690=CARTESIAN_POINT('',(-8.470329472543E-22,0.0110773502691896,-0.001));
#8691=CARTESIAN_POINT('',(0.,0.0107886751345948,-0.000499999999999948));
#8692=CARTESIAN_POINT('',(0.,0.0109330127018922,-0.00075));
#8693=CARTESIAN_POINT('',(0.,0.0145,-0.00075));
#8694=CARTESIAN_POINT('',(0.,0.0180669872981078,-0.00075));
#8695=CARTESIAN_POINT('',(0.,0.0182113248654052,-0.0005));
#8696=CARTESIAN_POINT('',(-8.470329472543E-22,0.0179226497308103,-0.001));
#8697=CARTESIAN_POINT('',(0.,0.0205,-0.001));
#8698=CARTESIAN_POINT('',(-8.470329472543E-22,0.0230773502691896,-0.000999999999999973));
#8699=CARTESIAN_POINT('',(0.,0.0227886751345948,-0.000499999999999969));
#8700=CARTESIAN_POINT('',(0.,0.0229330127018923,-0.00075));
#8701=CARTESIAN_POINT('',(0.,0.0145,-0.00075));
#8702=CARTESIAN_POINT('',(0.,0.025,-0.016375));
#8703=CARTESIAN_POINT('',(0.,0.025,-0.020375));
#8704=CARTESIAN_POINT('',(0.,0.0145,-0.020375));
#8705=CARTESIAN_POINT('',(0.,0.004,-0.020375));
#8706=CARTESIAN_POINT('',(0.,0.004,-0.016375));
#8707=CARTESIAN_POINT('',(0.0295,0.0145,3.31706691108223E-18));
#8708=CARTESIAN_POINT('',(-2.00000000000005E-06,0.0185,3.80692563074117E-18));
#8709=CARTESIAN_POINT('',(0.00075,0.0185,3.80692563074117E-18));
#8710=CARTESIAN_POINT('',(0.00075,0.0145,3.31706691108223E-18));
#8711=CARTESIAN_POINT('',(0.00075,0.0105,2.8230669199428E-18));
#8712=CARTESIAN_POINT('',(-2.00000000000005E-06,0.0105,2.8230669199428E-18));
#8713=CARTESIAN_POINT('',(0.0295,0.0145,-0.01625));
#8714=CARTESIAN_POINT('',(0.0295,0.0255,-0.01625));
#8715=CARTESIAN_POINT('',(0.029,0.0255,-0.01625));
#8716=CARTESIAN_POINT('',(0.0277679491924312,0.0255,-0.01625));
#8717=CARTESIAN_POINT('',(0.029,0.0145,-0.01625));
#8718=CARTESIAN_POINT('',(0.029,0.0247886751345948,-0.01625));
#8719=CARTESIAN_POINT('',(0.028625,0.0250051814855409,-0.01625));
#8720=CARTESIAN_POINT('',(0.0295,0.0145,-0.01625));
#8721=CARTESIAN_POINT('',(0.028625,0.0189948185144591,-0.01625));
#8722=CARTESIAN_POINT('',(0.02775,0.0184896370289182,-0.01625));
#8723=CARTESIAN_POINT('',(0.029,0.0192113248654052,-0.01625));
#8724=CARTESIAN_POINT('',(0.029,0.0145,-0.01625));
#8725=CARTESIAN_POINT('',(0.029,0.00978867513459482,-0.01625));
#8726=CARTESIAN_POINT('',(0.028625,0.0100051814855409,-0.01625));
#8727=CARTESIAN_POINT('',(0.02775,0.0105103629710818,-0.01625));
#8728=CARTESIAN_POINT('',(0.02775,0.007,-0.01625));
#8729=CARTESIAN_POINT('',(0.02775,0.0035,-0.01625));
#8730=CARTESIAN_POINT('',(0.0295,0.0035,-0.01625));
#8731=CARTESIAN_POINT('',(0.000500000000000007,0.0035,-0.01625));
#8732=CARTESIAN_POINT('',(0.0005,0.0255,-0.01625));
#8733=CARTESIAN_POINT('',(0.000500000000000011,0.0255,-0.01625));
#8734=CARTESIAN_POINT('',(0.0295,0.0255,-0.01625));
#8735=CARTESIAN_POINT('',(0.02775,0.0255,-0.01625));
#8736=CARTESIAN_POINT('',(0.02775,0.022,-0.01625));
#8737=CARTESIAN_POINT('',(0.0295,0.0145,-0.01625));
#8738=CARTESIAN_POINT('',(0.028625,0.00399481851445909,-0.01625));
#8739=CARTESIAN_POINT('',(0.0277679491924312,0.0035,-0.01625));
#8740=CARTESIAN_POINT('',(0.029,0.0042113248654052,-0.01625));
#8741=CARTESIAN_POINT('',(0.029,0.0145,-0.01625));
#8742=CARTESIAN_POINT('',(0.029,0.0035,-0.01625));
#8743=CARTESIAN_POINT('',(0.0295,0.0035,-0.01625));
#8744=CARTESIAN_POINT('',(0.0295,0.0145,-0.0101875));
#8745=CARTESIAN_POINT('',(0.0295,0.0095,-0.020377));
#8746=CARTESIAN_POINT('',(0.0295,0.0095,-0.01575));
#8747=CARTESIAN_POINT('',(0.0295,0.0095,-0.015));
#8748=CARTESIAN_POINT('',(0.0295,0.0145,-0.01575));
#8749=CARTESIAN_POINT('',(0.0295,0.0195,-0.01575));
#8750=CARTESIAN_POINT('',(0.0295,0.0195,-0.020377));
#8751=CARTESIAN_POINT('',(0.0295,0.0195,-0.015));
#8752=CARTESIAN_POINT('',(0.0295,0.0145,-0.015));
#8753=CARTESIAN_POINT('',(0.0295,0.0255,-0.01725));
#8754=CARTESIAN_POINT('',(0.0295,0.0265,-0.01725));
#8755=CARTESIAN_POINT('',(0.029,0.0265,-0.01725));
#8756=CARTESIAN_POINT('',(0.000500000000000007,0.0265,-0.01725));
#8757=CARTESIAN_POINT('',(0.029,0.0255,-0.01725));
#8758=CARTESIAN_POINT('',(0.0277679491924312,0.0255,-0.01725));
#8759=CARTESIAN_POINT('',(0.02775,0.0255103629710818,-0.0162500536970265));
#8760=CARTESIAN_POINT('',(0.02775,0.0255,-0.01725));
#8761=CARTESIAN_POINT('',(0.0005,0.0255,-0.01725));
#8762=CARTESIAN_POINT('',(0.0295,0.0035,-0.01725));
#8763=CARTESIAN_POINT('',(0.029,0.0035,-0.01725));
#8764=CARTESIAN_POINT('',(0.029,0.0025,-0.01725));
#8765=CARTESIAN_POINT('',(0.0295,0.0025,-0.01725));
#8766=CARTESIAN_POINT('',(0.000500000000000011,0.0025,-0.01725));
#8767=CARTESIAN_POINT('',(0.0005,0.0035,-0.01725));
#8768=CARTESIAN_POINT('',(0.02775,0.0035,-0.01725));
#8769=CARTESIAN_POINT('',(0.02775,0.00348963702891817,-0.0162500536970265));
#8770=CARTESIAN_POINT('',(0.0277679491924312,0.0035,-0.01725));
#8771=CARTESIAN_POINT('',(-0.229067621135331,0.0145,-0.015));
#8772=CARTESIAN_POINT('',(0.028625,0.0250051814855409,-0.015));
#8773=CARTESIAN_POINT('',(0.02775,0.0255103629710818,-0.015));
#8774=CARTESIAN_POINT('',(-0.229067621135331,0.02725,-0.015));
#8775=CARTESIAN_POINT('',(0.00125,0.02725,-0.015));
#8776=CARTESIAN_POINT('',(0.00125,0.0145,-0.015));
#8777=CARTESIAN_POINT('',(0.00125,0.00175,-0.015));
#8778=CARTESIAN_POINT('',(-0.229067621135331,0.00175,-0.015));
#8779=CARTESIAN_POINT('',(0.028625,0.00399481851445909,-0.015));
#8780=CARTESIAN_POINT('',(0.02775,0.00348963702891817,-0.015));
#8781=CARTESIAN_POINT('',(0.02775,0.007,-0.015));
#8782=CARTESIAN_POINT('',(0.02775,0.0105103629710818,-0.015));
#8783=CARTESIAN_POINT('',(0.028625,0.0100051814855409,-0.015));
#8784=CARTESIAN_POINT('',(0.028625,0.0189948185144591,-0.015));
#8785=CARTESIAN_POINT('',(0.02775,0.0184896370289182,-0.015));
#8786=CARTESIAN_POINT('',(0.02775,0.022,-0.015));
#8787=CARTESIAN_POINT('',(0.0145,0.0145,-0.0065));
#8788=CARTESIAN_POINT('',(0.025625,0.0195,-0.0065));
#8789=CARTESIAN_POINT('',(0.0235,0.0195,-0.0065));
#8790=CARTESIAN_POINT('',(0.02775,0.0195,-0.0065));
#8791=CARTESIAN_POINT('',(0.0235,0.017125,-0.0065));
#8792=CARTESIAN_POINT('',(0.0235,0.01475,-0.0065));
#8793=CARTESIAN_POINT('',(-0.229067621135331,0.01475,-0.0065));
#8794=CARTESIAN_POINT('',(0.02775,0.01475,-0.0065));
#8795=CARTESIAN_POINT('',(0.02775,0.0145,-0.0065));
#8796=CARTESIAN_POINT('',(0.02435,0.0173,-0.0065));
#8797=CARTESIAN_POINT('',(0.02435,0.01805,-0.0065));
#8798=CARTESIAN_POINT('',(0.02435,0.01655,-0.0065));
#8799=CARTESIAN_POINT('',(0.0251,0.01805,-0.0065));
#8800=CARTESIAN_POINT('',(0.02585,0.01805,-0.0065));
#8801=CARTESIAN_POINT('',(0.02585,0.0173,-0.0065));
#8802=CARTESIAN_POINT('',(0.02585,0.01655,-0.0065));
#8803=CARTESIAN_POINT('',(0.0251,0.01655,-0.0065));
#8804=CARTESIAN_POINT('',(-0.229067621135331,0.0145,-0.00925));
#8805=CARTESIAN_POINT('',(0.0185,0.01375,-0.00925));
#8806=CARTESIAN_POINT('',(0.0185,0.01475,-0.00925));
#8807=CARTESIAN_POINT('',(-0.229067621135331,0.00175,-0.00925));
#8808=CARTESIAN_POINT('',(0.00125,0.00175,-0.00925));
#8809=CARTESIAN_POINT('',(0.00125,0.0145,-0.00925));
#8810=CARTESIAN_POINT('',(0.00125,0.02725,-0.00925));
#8811=CARTESIAN_POINT('',(-0.229067621135331,0.02725,-0.00925));
#8812=CARTESIAN_POINT('',(0.02775,0.02725,-0.00925));
#8813=CARTESIAN_POINT('',(0.02775,0.02125,-0.00925));
#8814=CARTESIAN_POINT('',(0.02775,0.01475,-0.00925));
#8815=CARTESIAN_POINT('',(0.023125,0.01475,-0.00925));
#8816=CARTESIAN_POINT('',(-0.229067621135331,0.02725,-0.00975));
#8817=CARTESIAN_POINT('',(0.02775,0.02725,-0.00975));
#8818=CARTESIAN_POINT('',(0.00125,0.02725,-0.00975));
#8819=CARTESIAN_POINT('',(0.0295,0.0145,3.31706691108223E-18));
#8820=CARTESIAN_POINT('',(0.009,0.035,5.82759284933431E-18));
#8821=CARTESIAN_POINT('',(0.00475,0.0145,3.31706691108223E-18));
#8822=CARTESIAN_POINT('',(0.00075,0.0145,3.31706691108223E-18));
#8823=CARTESIAN_POINT('',(0.00075,0.0225,4.29678435040012E-18));
#8824=CARTESIAN_POINT('',(-2.00000000000005E-06,0.0225,4.29678435040012E-18));
#8825=CARTESIAN_POINT('',(0.0295,0.0145,-0.0101875));
#8826=CARTESIAN_POINT('',(0.0295,0.026375,-0.007875));
#8827=CARTESIAN_POINT('',(0.0295,0.0285520833333333,-0.00619487852828366));
#8828=CARTESIAN_POINT('',(0.0295,0.0283289473684211,-0.00593990576936406));
#8829=CARTESIAN_POINT('',(0.0295,0.02875,-0.00604214021267309));
#8830=CARTESIAN_POINT('',(0.0295,0.02625,-0.00075));
#8831=CARTESIAN_POINT('',(0.0295,0.02625,-0.00075));
#8832=CARTESIAN_POINT('',(0.0295,0.02625,-0.012125));
#8833=CARTESIAN_POINT('',(0.0295,0.02625,-0.0015));
#8834=CARTESIAN_POINT('',(0.0295,0.0258964466094067,-0.001));
#8835=CARTESIAN_POINT('',(0.0295,0.02975,-0.00453256451071975));
#8836=CARTESIAN_POINT('',(0.0295,0.0145,-0.020375));
#8837=CARTESIAN_POINT('',(0.0112492012117406,0.0190614589600392,-0.020375));
#8838=CARTESIAN_POINT('',(0.011705827140644,0.018466486052208,-0.020375));
#8839=CARTESIAN_POINT('',(0.0107925752828372,0.0196564318678704,-0.020375));
#8840=CARTESIAN_POINT('',(0.01475,0.0145,-0.020375));
#8841=CARTESIAN_POINT('',(0.011705827140644,0.010533513947792,-0.020375));
#8842=CARTESIAN_POINT('',(0.0112492012117406,0.00993854103996082,-0.020375));
#8843=CARTESIAN_POINT('',(0.0107925752828372,0.00934356813212962,-0.020375));
#8844=CARTESIAN_POINT('',(0.01475,0.0145,-0.020375));
#8845=CARTESIAN_POINT('',(0.0085,0.0145,-0.020375));
#8846=CARTESIAN_POINT('',(0.00914951905283833,0.014125,-0.020375));
#8847=CARTESIAN_POINT('',(0.0085,0.01375,-0.020375));
#8848=CARTESIAN_POINT('',(0.00947951440606827,0.0146965687180559,-0.020375));
#8849=CARTESIAN_POINT('',(0.00980950975929822,0.0152681374361118,-0.020375));
#8850=CARTESIAN_POINT('',(0.0107822608140111,0.0135832831862329,-0.020375));
#8851=CARTESIAN_POINT('',(0.0117550118687239,0.011898428936354,-0.020375));
#8852=CARTESIAN_POINT('',(0.0124045309215623,0.012273428936354,-0.020375));
#8853=CARTESIAN_POINT('',(0.0130540499744006,0.011898428936354,-0.020375));
#8854=CARTESIAN_POINT('',(0.0139020249872003,0.013367164742072,-0.020375));
#8855=CARTESIAN_POINT('',(0.01475,0.0148359005477899,-0.020375));
#8856=CARTESIAN_POINT('',(0.0154851981490527,0.0135625,-0.020375));
#8857=CARTESIAN_POINT('',(0.0162203962981055,0.0122890994522101,-0.020375));
#8858=CARTESIAN_POINT('',(0.0168699153509438,0.0126640994522101,-0.020375));
#8859=CARTESIAN_POINT('',(0.0175194344037822,0.0130390994522101,-0.020375));
#8860=CARTESIAN_POINT('',(0.0164594767283102,0.014875,-0.020375));
#8861=CARTESIAN_POINT('',(0.0153995190528383,0.0167109005477899,-0.020375));
#8862=CARTESIAN_POINT('',(0.01475,0.0163359005477899,-0.020375));
#8863=CARTESIAN_POINT('',(0.0141004809471617,0.0167109005477899,-0.020375));
#8864=CARTESIAN_POINT('',(0.013252505934362,0.0152421647420719,-0.020375));
#8865=CARTESIAN_POINT('',(0.0124045309215623,0.013773428936354,-0.020375));
#8866=CARTESIAN_POINT('',(0.0114317798668494,0.0154582831862329,-0.020375));
#8867=CARTESIAN_POINT('',(0.0104590288121365,0.0171431374361118,-0.020375));
#8868=CARTESIAN_POINT('',(0.00980950975929822,0.0167681374361118,-0.020375));
#8869=CARTESIAN_POINT('',(0.00915999070645989,0.0171431374361118,-0.020375));
#8870=CARTESIAN_POINT('',(0.00861348900228384,0.0161965687180559,-0.020375));
#8871=CARTESIAN_POINT('',(0.00806698729810778,0.01525,-0.020375));
#8872=CARTESIAN_POINT('',(0.00715849364905389,0.01525,-0.020375));
#8873=CARTESIAN_POINT('',(0.00625,0.01525,-0.020375));
#8874=CARTESIAN_POINT('',(0.00625,0.0145,-0.020375));
#8875=CARTESIAN_POINT('',(0.00625,0.01375,-0.020375));
#8876=CARTESIAN_POINT('',(0.007375,0.01375,-0.020375));
#8877=CARTESIAN_POINT('',(0.0295,0.025,-0.020375));
#8878=CARTESIAN_POINT('',(0.0295,0.004,-0.020375));
#8879=CARTESIAN_POINT('',(0.00876112768068727,0.0215495324910926,-0.020375));
#8880=CARTESIAN_POINT('',(0.00924671192279371,0.0209779487755986,-0.020375));
#8881=CARTESIAN_POINT('',(0.00827554343858084,0.0221211162065865,-0.020375));
#8882=CARTESIAN_POINT('',(0.01475,0.0145,-0.020375));
#8883=CARTESIAN_POINT('',(0.0092467119227937,0.00802205122440143,-0.020375));
#8884=CARTESIAN_POINT('',(0.00876112768068726,0.00745046750890744,-0.020375));
#8885=CARTESIAN_POINT('',(0.00827554343858082,0.00687888379341345,-0.020375));
#8886=CARTESIAN_POINT('',(0.01475,0.0145,-0.020375));
#8887=CARTESIAN_POINT('',(0.0295,0.004,-0.016375));
#8888=CARTESIAN_POINT('',(0.0295,0.0265,-0.01745));
#8889=CARTESIAN_POINT('',(0.0295,0.0265,-0.01765));
#8890=CARTESIAN_POINT('',(0.029,0.0265,-0.01765));
#8891=CARTESIAN_POINT('',(0.000500000000000011,0.0265,-0.01765));
#8892=CARTESIAN_POINT('',(0.029,0.0265,-0.01725));
#8893=CARTESIAN_POINT('',(0.0005,0.0265,-0.01745));
#8894=CARTESIAN_POINT('',(0.0295,0.0255,-0.01765));
#8895=CARTESIAN_POINT('',(0.0295,0.0255,-0.01865));
#8896=CARTESIAN_POINT('',(0.029,0.0255,-0.01865));
#8897=CARTESIAN_POINT('',(0.000500000000000007,0.0255,-0.01865));
#8898=CARTESIAN_POINT('',(0.029,0.0255,-0.01765));
#8899=CARTESIAN_POINT('',(0.0005,0.0255,-0.01765));
#8900=CARTESIAN_POINT('',(0.0295,0.0145,-0.01865));
#8901=CARTESIAN_POINT('',(0.0295,0.0035,-0.01865));
#8902=CARTESIAN_POINT('',(0.029,0.0035,-0.01865));
#8903=CARTESIAN_POINT('',(0.000500000000000007,0.0035,-0.01865));
#8904=CARTESIAN_POINT('',(0.029,0.0255,-0.01865));
#8905=CARTESIAN_POINT('',(0.0005,0.0145,-0.01865));
#8906=CARTESIAN_POINT('',(0.0295,0.0035,-0.01765));
#8907=CARTESIAN_POINT('',(0.0295,0.0025,-0.01765));
#8908=CARTESIAN_POINT('',(0.029,0.0025,-0.01765));
#8909=CARTESIAN_POINT('',(0.000500000000000007,0.0025,-0.01765));
#8910=CARTESIAN_POINT('',(0.029,0.0035,-0.01765));
#8911=CARTESIAN_POINT('',(0.0005,0.0035,-0.01765));
#8912=CARTESIAN_POINT('',(0.0295,0.0025,-0.01745));
#8913=CARTESIAN_POINT('',(0.029,0.0025,-0.01745));
#8914=CARTESIAN_POINT('',(0.0005,0.0025,-0.01725));
#8915=CARTESIAN_POINT('',(0.0295,0.025,-0.016375));
#8916=CARTESIAN_POINT('',(-0.229067621135331,0.00175,-0.0075));
#8917=CARTESIAN_POINT('',(0.0175,0.00175,-0.0075));
#8918=CARTESIAN_POINT('',(0.0175558841422568,0.00169411585774323,-0.00799686714788182));
#8919=CARTESIAN_POINT('',(0.0170590169943749,0.00175,-0.0075));
#8920=CARTESIAN_POINT('',(0.00125,0.0145,-0.0101875));
#8921=CARTESIAN_POINT('',(0.00125,0.00175,-0.00975));
#8922=CARTESIAN_POINT('',(0.00125,0.00175,-0.0145));
#8923=CARTESIAN_POINT('',(0.00125,0.02725,-0.0145));
#8924=CARTESIAN_POINT('',(-0.229067621135331,0.02725,-0.0145));
#8925=CARTESIAN_POINT('',(-0.229067621135331,0.00175,-0.0145));
#8926=CARTESIAN_POINT('',(-0.229067621135331,0.00175,-0.00975));
#8927=CARTESIAN_POINT('',(0.0175,0.00175,-0.00975));
#8928=CARTESIAN_POINT('',(0.0185,0.01375,-0.020377));
#8929=CARTESIAN_POINT('',(0.0185,0.01475,-0.020377));
#8930=CARTESIAN_POINT('',(0.023125,0.01475,-0.020377));
#8931=CARTESIAN_POINT('',(0.02775,0.01475,-0.020377));
#8932=CARTESIAN_POINT('',(0.022,0.01475,-0.008));
#8933=CARTESIAN_POINT('',(0.0175,0.0075,-0.008));
#8934=CARTESIAN_POINT('',(0.0175,0.006,-0.008));
#8935=CARTESIAN_POINT('',(0.0149472135955,0.006,-0.00672360679774997));
#8936=CARTESIAN_POINT('',(0.0149472135955,0.0025,-0.00672360679774997));
#8937=CARTESIAN_POINT('',(0.0145,0.006,-0.0065));
#8938=CARTESIAN_POINT('',(0.0145,0.0015,-0.0065));
#8939=CARTESIAN_POINT('',(0.0165,0.0015,-0.0075));
#8940=CARTESIAN_POINT('',(0.0169472135955,0.0015,-0.00772360679774997));
#8941=CARTESIAN_POINT('',(0.0169472135955,0.00175,-0.00772360679774996));
#8942=CARTESIAN_POINT('',(0.0174227346184385,0.00182726538154879,-0.00796136730921922));
#8943=CARTESIAN_POINT('',(0.018861111111111,0.000388888888888878,-0.00868055555555552));
#8944=CARTESIAN_POINT('',(0.02775,0.02125,-0.020377));
#8945=CARTESIAN_POINT('',(0.02775,0.02975,-0.0112174354892802));
#8946=CARTESIAN_POINT('',(0.02775,0.0283289473684211,-0.00981009423063592));
#8947=CARTESIAN_POINT('',(0.02775,0.026375,-0.007875));
#8948=CARTESIAN_POINT('',(0.02775,0.0285520833333333,-0.00955512147171631));
#8949=CARTESIAN_POINT('',(0.02775,0.02875,-0.00970785978732689));
#8950=CARTESIAN_POINT('',(0.02775,0.02875,-0.00604214021267309));
#8951=CARTESIAN_POINT('',(0.02775,0.0285520833333333,-0.00619487852828366));
#8952=CARTESIAN_POINT('',(0.02775,0.026375,-0.007875));
#8953=CARTESIAN_POINT('',(0.02775,0.0283289473684211,-0.00593990576936406));
#8954=CARTESIAN_POINT('',(0.02775,0.02975,-0.00453256451071975));
#8955=CARTESIAN_POINT('',(0.02775,0.0145,-0.0065));
#8956=CARTESIAN_POINT('',(0.02775,0.02475,-0.0065));
#8957=CARTESIAN_POINT('',(0.02775,0.02475,-0.006498));
#8958=CARTESIAN_POINT('',(0.02775,0.0195,-0.0065));
#8959=CARTESIAN_POINT('',(0.02775,0.026375,-0.007875));
#8960=CARTESIAN_POINT('',(0.02775,0.027175,-0.007875));
#8961=CARTESIAN_POINT('',(0.017,0.02325,-0.0065));
#8962=CARTESIAN_POINT('',(0.017,0.02325,-0.0065));
#8963=CARTESIAN_POINT('',(0.0145,0.0145,-0.0065));
#8964=CARTESIAN_POINT('',(0.0145,0.027,-0.0065));
#8965=CARTESIAN_POINT('',(0.00281066017177983,0.027,-0.0065));
#8966=CARTESIAN_POINT('',(0.0266893398282202,0.027,-0.0065));
#8967=CARTESIAN_POINT('',(0.00341666666666667,0.0265714886980224,-0.0065));
#8968=CARTESIAN_POINT('',(0.00125,0.02725,-0.0065));
#8969=CARTESIAN_POINT('',(0.0145,0.02475,-0.0065));
#8970=CARTESIAN_POINT('',(0.0145,0.02475,-0.0065));
#8971=CARTESIAN_POINT('',(0.0260833333333334,0.0265714886980224,-0.0065));
#8972=CARTESIAN_POINT('',(0.025625,0.0195,-0.0065));
#8973=CARTESIAN_POINT('',(0.022,0.0195,-0.008));
#8974=CARTESIAN_POINT('',(-0.02375,0.0155,-0.0065));
#8975=CARTESIAN_POINT('',(0.,0.0155,-0.0055));
#8976=CARTESIAN_POINT('',(0.00125,0.0155,-0.0075));
#8977=CARTESIAN_POINT('',(-0.02375,0.009,-0.005));
#8978=CARTESIAN_POINT('',(0.00125,0.015,-0.005));
#8979=CARTESIAN_POINT('',(-0.02375,0.003,-0.005));
#8980=CARTESIAN_POINT('',(0.0251,0.01805,-0.0027));
#8981=CARTESIAN_POINT('',(0.02435,0.01805,-0.0027));
#8982=CARTESIAN_POINT('',(0.02435,0.01805,-0.0027));
#8983=CARTESIAN_POINT('',(0.0251,0.01805,-0.0027));
#8984=CARTESIAN_POINT('',(0.02585,0.01805,-0.0027));
#8985=CARTESIAN_POINT('',(0.02585,0.01805,-0.0027));
#8986=CARTESIAN_POINT('',(0.02435,0.0173,-0.0027));
#8987=CARTESIAN_POINT('',(0.02435,0.01655,-0.0027));
#8988=CARTESIAN_POINT('',(0.02435,0.01655,-0.0027));
#8989=CARTESIAN_POINT('',(0.02435,0.0173,-0.0027));
#8990=CARTESIAN_POINT('',(0.0251,0.01655,-0.0027));
#8991=CARTESIAN_POINT('',(0.02585,0.01655,-0.0027));
#8992=CARTESIAN_POINT('',(0.02585,0.01655,-0.0027));
#8993=CARTESIAN_POINT('',(0.0251,0.01655,-0.0027));
#8994=CARTESIAN_POINT('',(0.02585,0.0173,-0.0027));
#8995=CARTESIAN_POINT('',(0.02585,0.0173,-0.0027));
#8996=CARTESIAN_POINT('',(0.025625,0.017125,-0.0027));
#8997=CARTESIAN_POINT('',(0.028625,0.00399481851445909,-0.020377));
#8998=CARTESIAN_POINT('',(0.0315457868679556,0.00568113559891873,-0.0137042131320444));
#8999=CARTESIAN_POINT('',(0.02775,0.00348963702891817,-0.020377));
#9000=CARTESIAN_POINT('',(0.028625,0.0100051814855409,-0.020377));
#9001=CARTESIAN_POINT('',(0.0278342494231651,0.0104617215439384,-0.0174157505768349));
#9002=CARTESIAN_POINT('',(0.02775,0.0105103629710818,-0.020377));
#9003=CARTESIAN_POINT('',(0.02775,0.007,-0.020377));
#9004=CARTESIAN_POINT('',(0.028625,0.0189948185144591,-0.020377));
#9005=CARTESIAN_POINT('',(0.0278342494231651,0.0185382784560616,-0.0174157505768349));
#9006=CARTESIAN_POINT('',(0.02775,0.0184896370289182,-0.020377));
#9007=CARTESIAN_POINT('',(0.02775,0.022,-0.020377));
#9008=CARTESIAN_POINT('',(0.02775,0.0255103629710818,-0.020377));
#9009=CARTESIAN_POINT('',(0.028625,0.0250051814855409,-0.020377));
#9010=CARTESIAN_POINT('',(0.0315457868679556,0.0233188644010812,-0.0137042131320444));
#9011=CARTESIAN_POINT('',(-2.00000000000005E-06,0.00621132486540518,-0.0005));
#9012=CARTESIAN_POINT('',(0.00075,0.00606698729810778,-0.00075));
#9013=CARTESIAN_POINT('',(-2.00000000000005E-06,0.00592264973081038,-0.001));
#9014=CARTESIAN_POINT('',(-2.00000000000005E-06,0.0085,-0.001));
#9015=CARTESIAN_POINT('',(-2.00000000000005E-06,0.0110773502691896,-0.001));
#9016=CARTESIAN_POINT('',(-2.00000000000005E-06,0.0107886751345948,-0.000499999999999948));
#9017=CARTESIAN_POINT('',(0.00075,0.0109330127018922,-0.00075));
#9018=CARTESIAN_POINT('',(-2.00000000000005E-06,0.0182113248654052,-0.0005));
#9019=CARTESIAN_POINT('',(0.00075,0.0180669872981078,-0.00075));
#9020=CARTESIAN_POINT('',(-2.00000000000005E-06,0.0179226497308103,-0.001));
#9021=CARTESIAN_POINT('',(-2.00000000000005E-06,0.0205,-0.001));
#9022=CARTESIAN_POINT('',(-2.00000000000005E-06,0.0230773502691896,-0.000999999999999973));
#9023=CARTESIAN_POINT('',(-2.00000000000005E-06,0.0227886751345948,-0.000499999999999969));
#9024=CARTESIAN_POINT('',(0.00075,0.0229330127018923,-0.00075));
#9025=CARTESIAN_POINT('',(0.015375,0.00275,-0.00725));
#9026=CARTESIAN_POINT('',(0.02875,0.00275,-0.00075));
#9027=CARTESIAN_POINT('',(0.02875,0.00275,-0.00075));
#9028=CARTESIAN_POINT('',(0.015375,0.02625,-0.00725));
#9029=CARTESIAN_POINT('',(0.02875,0.02625,-0.00075));
#9030=CARTESIAN_POINT('',(0.02875,0.02625,-0.00075));
#9031=CARTESIAN_POINT('',(0.01475,-0.0171228032654707,-0.001));
#9032=CARTESIAN_POINT('',(0.01975,-0.0171228032654707,-0.001));
#9033=CARTESIAN_POINT('',(0.00575,-0.0171228032654707,-0.001));
#9034=CARTESIAN_POINT('',(0.00075,0.0145,-0.00075));
#9035=CARTESIAN_POINT('',(0.00075,0.0145,-0.00075));
#9036=CARTESIAN_POINT('',(0.00075,0.0145,-0.00075));
#9037=CARTESIAN_POINT('',(0.02875,0.0145,-0.00075));
#9038=CARTESIAN_POINT('',(0.02875,0.0145,-0.00075));
#9039=CARTESIAN_POINT('',(0.029,0.0145,-0.01625));
#9040=CARTESIAN_POINT('',(0.029,0.0145,-0.01625));
#9041=CARTESIAN_POINT('',(0.0295,0.0255,-0.01575));
#9042=CARTESIAN_POINT('',(0.029,0.0255,-0.01725));
#9043=CARTESIAN_POINT('',(0.0295,0.027,-0.01725));
#9044=CARTESIAN_POINT('',(0.0295,0.027,-0.0101875));
#9045=CARTESIAN_POINT('',(0.0295,0.027,-0.01765));
#9046=CARTESIAN_POINT('',(0.029,0.0255,-0.01765));
#9047=CARTESIAN_POINT('',(0.0295,0.0255,-0.01915));
#9048=CARTESIAN_POINT('',(0.0295,0.0145,-0.01915));
#9049=CARTESIAN_POINT('',(0.0295,0.0035,-0.01915));
#9050=CARTESIAN_POINT('',(0.029,0.0035,-0.01765));
#9051=CARTESIAN_POINT('',(0.0295,0.002,-0.01765));
#9052=CARTESIAN_POINT('',(0.029,0.0025,-0.01745));
#9053=CARTESIAN_POINT('',(0.0295,0.002,-0.01725));
#9054=CARTESIAN_POINT('',(0.029,0.0035,-0.01725));
#9055=CARTESIAN_POINT('',(0.0295,0.0035,-0.01575));
#9056=CARTESIAN_POINT('',(0.029,0.0145,-0.01625));
#9057=CARTESIAN_POINT('',(0.,0.0255,-0.01725));
#9058=CARTESIAN_POINT('',(0.0005,0.0265,-0.01725));
#9059=CARTESIAN_POINT('',(0.,0.0255,-0.01575));
#9060=CARTESIAN_POINT('',(0.,0.0145,-0.01575));
#9061=CARTESIAN_POINT('',(0.,0.0035,-0.01575));
#9062=CARTESIAN_POINT('',(0.0005,0.0265,-0.01745));
#9063=CARTESIAN_POINT('',(0.0005,0.0265,-0.01765));
#9064=CARTESIAN_POINT('',(0.,0.0035,-0.01725));
#9065=CARTESIAN_POINT('',(0.,0.002,-0.01725));
#9066=CARTESIAN_POINT('',(0.,0.0255,-0.01765));
#9067=CARTESIAN_POINT('',(0.0005,0.0255,-0.01865));
#9068=CARTESIAN_POINT('',(0.,0.002,-0.0101875));
#9069=CARTESIAN_POINT('',(0.,0.002,-0.01765));
#9070=CARTESIAN_POINT('',(0.0005,0.0145,-0.01865));
#9071=CARTESIAN_POINT('',(0.0005,0.0035,-0.01865));
#9072=CARTESIAN_POINT('',(0.,0.0035,-0.01765));
#9073=CARTESIAN_POINT('',(0.0168699153509438,0.0126640994522101,-0.020375));
#9074=CARTESIAN_POINT('',(0.0175194344037822,0.0130390994522101,-0.020375));
#9075=CARTESIAN_POINT('',(0.0168699153509438,0.0126640994522101,-0.019625));
#9076=CARTESIAN_POINT('',(0.0168699153509438,0.0126640994522101,-0.019625));
#9077=CARTESIAN_POINT('',(0.0155449682566039,0.0149589751369475,-0.019625));
#9078=CARTESIAN_POINT('',(0.0155449682566039,0.0149589751369475,-0.019625));
#9079=CARTESIAN_POINT('',(0.01475,0.0163359005477899,-0.019625));
#9080=CARTESIAN_POINT('',(0.0153995190528383,0.0167109005477899,-0.020375));
#9081=CARTESIAN_POINT('',(0.0155449682566039,0.0149589751369475,-0.019625));
#9082=CARTESIAN_POINT('',(0.01475,0.0152343602191159,-0.0201757701643369));
#9083=CARTESIAN_POINT('',(0.01475,0.0163359005477899,-0.020375));
#9084=CARTESIAN_POINT('',(0.0141004809471617,0.0167109005477899,-0.020375));
#9085=CARTESIAN_POINT('',(0.00625,0.0145,-0.020375));
#9086=CARTESIAN_POINT('',(0.00625,0.01375,-0.020375));
#9087=CARTESIAN_POINT('',(0.00625,0.0145,-0.019625));
#9088=CARTESIAN_POINT('',(0.00625,0.0145,-0.019625));
#9089=CARTESIAN_POINT('',(0.0139020249872003,0.013367164742072,-0.020375));
#9090=CARTESIAN_POINT('',(0.0124045309215623,0.012273428936354,-0.019625));
#9091=CARTESIAN_POINT('',(0.0124045309215623,0.012273428936354,-0.019625));
#9092=CARTESIAN_POINT('',(0.0124045309215623,0.012273428936354,-0.019625));
#9093=CARTESIAN_POINT('',(0.0139550317433961,0.0149589751369475,-0.019625));
#9094=CARTESIAN_POINT('',(0.0124045309215623,0.0127968772522544,-0.0198867241579502));
#9095=CARTESIAN_POINT('',(0.00980950975929822,0.0167681374361118,-0.020375));
#9096=CARTESIAN_POINT('',(0.00915999070645989,0.0171431374361118,-0.020375));
#9097=CARTESIAN_POINT('',(0.00980950975929822,0.0167681374361118,-0.019625));
#9098=CARTESIAN_POINT('',(0.00980950975929822,0.0167681374361118,-0.019625));
#9099=CARTESIAN_POINT('',(0.01475,0.0145,-0.019625));
#9100=CARTESIAN_POINT('',(0.01475,0.0145,-0.019625));
#9101=CARTESIAN_POINT('',(0.0085,0.0145,-0.019625));
#9102=CARTESIAN_POINT('',(0.00939285714285715,0.0129535260646706,-0.0180785260646706));
#9103=CARTESIAN_POINT('',(0.007375,0.01375,-0.020375));
#9104=CARTESIAN_POINT('',(0.0085,0.01375,-0.020375));
#9105=CARTESIAN_POINT('',(0.0124045309215623,0.012273428936354,-0.020375));
#9106=CARTESIAN_POINT('',(0.0124045309215623,0.012273428936354,-0.019625));
#9107=CARTESIAN_POINT('',(0.0120267646389473,0.0129277393312295,-0.019625));
#9108=CARTESIAN_POINT('',(0.0120267646389473,0.0129277393312295,-0.019625));
#9109=CARTESIAN_POINT('',(0.0100625,0.0172063293868263,-0.019625));
#9110=CARTESIAN_POINT('',(0.0100625,0.0172063293868263,-0.019625));
#9111=CARTESIAN_POINT('',(0.0085,0.0145,-0.020375));
#9112=CARTESIAN_POINT('',(0.00914951905283833,0.014125,-0.020375));
#9113=CARTESIAN_POINT('',(0.0120267646389473,0.0129277393312295,-0.019625));
#9114=CARTESIAN_POINT('',(0.00980950975929822,0.013695818952206,-0.0211611592419529));
#9115=CARTESIAN_POINT('',(0.00947951440606827,0.0146965687180559,-0.020375));
#9116=CARTESIAN_POINT('',(0.0112492012117406,0.0190614589600392,-0.020375));
#9117=CARTESIAN_POINT('',(0.011705827140644,0.018466486052208,-0.020375));
#9118=CARTESIAN_POINT('',(0.0112492012117406,0.0190614589600392,-0.019625));
#9119=CARTESIAN_POINT('',(0.0112492012117406,0.0190614589600392,-0.019625));
#9120=CARTESIAN_POINT('',(0.01475,0.0145,-0.019625));
#9121=CARTESIAN_POINT('',(0.01475,0.0145,-0.019625));
#9122=CARTESIAN_POINT('',(0.0112492012117406,0.00993854103996082,-0.019625));
#9123=CARTESIAN_POINT('',(0.0112492012117406,0.00993854103996082,-0.019625));
#9124=CARTESIAN_POINT('',(0.01475,0.0145,-0.020375));
#9125=CARTESIAN_POINT('',(0.011705827140644,0.010533513947792,-0.020375));
#9126=CARTESIAN_POINT('',(0.0112492012117406,0.00993854103996082,-0.020375));
#9127=CARTESIAN_POINT('',(0.00876112768068727,0.0215495324910926,-0.020375));
#9128=CARTESIAN_POINT('',(0.00924671192279371,0.0209779487755986,-0.020375));
#9129=CARTESIAN_POINT('',(0.00876112768068727,0.0215495324910926,-0.019625));
#9130=CARTESIAN_POINT('',(0.00876112768068728,0.0215495324910926,-0.019625));
#9131=CARTESIAN_POINT('',(0.01475,0.0145,-0.019625));
#9132=CARTESIAN_POINT('',(0.01475,0.0145,-0.019625));
#9133=CARTESIAN_POINT('',(0.00876112768068726,0.00745046750890744,-0.019625));
#9134=CARTESIAN_POINT('',(0.00876112768068727,0.00745046750890745,-0.019625));
#9135=CARTESIAN_POINT('',(0.01475,0.0145,-0.020375));
#9136=CARTESIAN_POINT('',(0.0092467119227937,0.00802205122440143,-0.020375));
#9137=CARTESIAN_POINT('',(0.00876112768068726,0.00745046750890744,-0.020375));
#9138=CARTESIAN_POINT('',(0.02875,0.02625,-0.00075));
#9139=CARTESIAN_POINT('',(0.02875,0.00275,-0.00075));
#9140=CARTESIAN_POINT('',(0.02,0.005,-0.0025));
#9141=CARTESIAN_POINT('',(0.0177928932188135,0.,-0.00470710678118655));
#9142=CARTESIAN_POINT('',(0.003,0.005,-0.003));
#9143=CARTESIAN_POINT('',(0.003,0.001252,-0.00170710678118655));
#9144=CARTESIAN_POINT('',(0.003,0.00125,-0.004));
#9145=CARTESIAN_POINT('',(0.01025,0.005,-0.005));
#9146=CARTESIAN_POINT('',(0.0170857864376269,0.00125,-0.005));
#9147=CARTESIAN_POINT('',(0.01025,0.00125,-0.005));
#9148=CARTESIAN_POINT('',(0.004,0.,-0.005));
#9149=CARTESIAN_POINT('',(0.004,0.005,-0.004));
#9150=CARTESIAN_POINT('',(0.0170857864376269,0.005,-0.004));
#9151=CARTESIAN_POINT('',(0.00475,0.0145,3.31706691108223E-18));
#9152=CARTESIAN_POINT('',(0.01975,-0.0171228032654707,-0.001));
#9153=CARTESIAN_POINT('',(-0.02375,0.015,-0.0055));
#9154=CARTESIAN_POINT('',(-0.02375,0.015,-0.0075));
#9155=CARTESIAN_POINT('',(-0.229067621135331,0.003,-0.0075));
#9156=CARTESIAN_POINT('',(0.0145,0.003,-0.0075));
#9157=CARTESIAN_POINT('',(0.0145,0.00256698729810777,-0.00775));
#9158=CARTESIAN_POINT('',(0.0145,0.00256698729810777,-0.00775));
#9159=CARTESIAN_POINT('',(0.0145,0.00266668713642188,-0.00792268518546644));
#9160=CARTESIAN_POINT('',(0.0143626508231513,0.00284068661598391,-0.008));
#9161=CARTESIAN_POINT('',(0.01425,0.003,-0.008));
#9162=CARTESIAN_POINT('',(-0.02375,0.003,-0.0055));
#9163=CARTESIAN_POINT('',(0.022,0.0145,-0.008));
#9164=CARTESIAN_POINT('',(0.029502,0.0234123861488632,-0.00185));
#9165=CARTESIAN_POINT('',(0.029502,0.0175,-0.00185));
#9166=CARTESIAN_POINT('',(0.029502,0.0275,-0.00185));
#9167=CARTESIAN_POINT('',(0.0015,0.0275,-0.00185));
#9168=CARTESIAN_POINT('',(0.0134571930744316,0.0394571930744316,-0.00185));
#9169=CARTESIAN_POINT('',(0.029502,0.0175,-0.00325));
#9170=CARTESIAN_POINT('',(0.029502,0.0161,-0.00325));
#9171=CARTESIAN_POINT('',(0.029502,0.0275,-0.00185));
#9172=CARTESIAN_POINT('',(0.0015,0.0275,-0.00185));
#9173=CARTESIAN_POINT('',(0.029502,0.0161,-0.00421947685217239));
#9174=CARTESIAN_POINT('',(0.029502,0.0161,-0.00425));
#9175=CARTESIAN_POINT('',(0.029502,0.0175,-0.00425));
#9176=CARTESIAN_POINT('',(0.029502,0.0175,-0.00565));
#9177=CARTESIAN_POINT('',(0.029502,0.0227605967420157,-0.00565));
#9178=CARTESIAN_POINT('',(0.029502,0.0275,-0.00565));
#9179=CARTESIAN_POINT('',(0.0015,0.0275,-0.00565));
#9180=CARTESIAN_POINT('',(0.0131312983710079,0.0391312983710079,-0.00565));
#9181=CARTESIAN_POINT('',(0.029502,0.0275,-0.00535));
#9182=CARTESIAN_POINT('',(0.029502,0.0275,-0.00535));
#9183=CARTESIAN_POINT('',(0.0015,0.0275,-0.00535));
#9184=CARTESIAN_POINT('',(0.0015,0.0275,-0.00535));
#9185=CARTESIAN_POINT('',(0.029502,0.0227605967420157,-0.00535));
#9186=CARTESIAN_POINT('',(0.0005,0.024125,-0.00535));
#9187=CARTESIAN_POINT('',(0.0005,0.021,-0.00535));
#9188=CARTESIAN_POINT('',(0.0005,0.0265,-0.00535));
#9189=CARTESIAN_POINT('',(0.00125,0.02025,-0.00535));
#9190=CARTESIAN_POINT('',(0.029502,0.0175,-0.00535));
#9191=CARTESIAN_POINT('',(0.0131312983710079,0.0391312983710079,-0.00535));
#9192=CARTESIAN_POINT('',(0.029502,0.0175,-0.00425));
#9193=CARTESIAN_POINT('',(0.029502,0.0164,-0.00425));
#9194=CARTESIAN_POINT('',(0.029502,0.0164,-0.00421947685217239));
#9195=CARTESIAN_POINT('',(0.029502,0.0164,-0.00325));
#9196=CARTESIAN_POINT('',(0.029502,0.0175,-0.00325));
#9197=CARTESIAN_POINT('',(0.018,0.00125,-0.012125));
#9198=CARTESIAN_POINT('',(0.0174227346184385,0.00182726538154879,-0.00796136730921922));
#9199=CARTESIAN_POINT('',(0.0174656286102987,0.00178437138968863,-0.0079828143051493));
#9200=CARTESIAN_POINT('',(0.0175099517241864,0.00174004827581357,-0.00800203330506606));
#9201=CARTESIAN_POINT('',(0.0175558841422568,0.00169411585774322,-0.00799686714788182));
#9202=CARTESIAN_POINT('',(0.00125,0.02725,-0.0101875));
#9203=CARTESIAN_POINT('',(0.0005,0.0265,-0.0101875));
#9204=CARTESIAN_POINT('',(0.0005,0.0145,-0.0101875));
#9205=CARTESIAN_POINT('',(0.0005,0.021,-0.00375));
#9206=CARTESIAN_POINT('',(0.00125,0.02025,-0.0101875));
#9207=CARTESIAN_POINT('',(0.00385355339059327,0.001252,-0.000853553390593271));
#9208=CARTESIAN_POINT('',(0.00449371843353823,0.,-0.000213388347648317));
#9209=CARTESIAN_POINT('',(0.00440533008588991,0.001252,-0.000124999999999998));
#9210=CARTESIAN_POINT('',(0.0145,0.02475,-0.006498));
#9211=CARTESIAN_POINT('',(0.0145,0.02475,-0.006498));
#9212=CARTESIAN_POINT('',(0.00275,0.026375,-0.007875));
#9213=CARTESIAN_POINT('',(0.00275,0.026375,-0.007875));
#9214=CARTESIAN_POINT('',(0.00275,0.027175,-0.007875));
#9215=CARTESIAN_POINT('',(0.00275,0.02125,-0.008125));
#9216=CARTESIAN_POINT('',(0.02775,0.026375,-0.007875));
#9217=CARTESIAN_POINT('',(0.02775,0.0285520833333333,-0.00955512147171631));
#9218=CARTESIAN_POINT('',(0.02775,0.0283289473684211,-0.00981009423063592));
#9219=CARTESIAN_POINT('',(0.02775,0.026375,-0.007875));
#9220=CARTESIAN_POINT('',(0.02775,0.0285520833333333,-0.00619487852828366));
#9221=CARTESIAN_POINT('',(0.02775,0.0283289473684211,-0.00593990576936406));
#9222=CARTESIAN_POINT('',(0.02775,0.02975,-0.00453256451071975));
#9223=CARTESIAN_POINT('',(0.02775,0.02975,-0.0112174354892802));
#9224=CARTESIAN_POINT('',(0.0145,0.0145,-0.0065));
#9225=CARTESIAN_POINT('',(0.0095,0.0015,-0.0065));
#9226=CARTESIAN_POINT('',(0.02775,0.02875,-0.00604214021267309));
#9227=CARTESIAN_POINT('',(0.02775,0.02875,-0.00970785978732689));
#9228=CARTESIAN_POINT('',(0.015625,0.027,-0.00325));
#9229=CARTESIAN_POINT('',(0.0195321699141101,0.027,0.000657169914110104));
#9230=CARTESIAN_POINT('',(0.0224393398282202,0.027,-0.00225));
#9231=CARTESIAN_POINT('',(0.015625,0.027,-0.00225));
#9232=CARTESIAN_POINT('',(0.00706066017177982,0.027,-0.00225));
#9233=CARTESIAN_POINT('',(0.0108428300858899,0.027,0.0015321699141101));
#9234=CARTESIAN_POINT('',(0.00425,0.02775,-0.004));
#9235=CARTESIAN_POINT('',(0.00702933749067818,0.0270756196415254,-0.00217438035847453));
#9236=CARTESIAN_POINT('',(0.01475,0.02775,-0.00149999999999999));
#9237=CARTESIAN_POINT('',(0.0221179314115258,0.0262240514413557,-0.00302594855864434));
#9238=CARTESIAN_POINT('',(0.02525,0.02775,-0.004));
#9239=CARTESIAN_POINT('',(0.0095,0.0015,-0.004998));
#9240=CARTESIAN_POINT('',(0.0095,0.0015,-0.00525));
#9241=CARTESIAN_POINT('',(0.012,0.0015,-0.00525));
#9242=CARTESIAN_POINT('',(0.0098992,0.0015,-0.0041996));
#9243=CARTESIAN_POINT('',(0.0095,0.0015,-0.00525));
#9244=CARTESIAN_POINT('',(0.012559016994375,0.0015,-0.00525));
#9245=CARTESIAN_POINT('',(0.0145,0.00425,-0.0065));
#9246=CARTESIAN_POINT('',(0.0145,0.006,-0.0065));
#9247=CARTESIAN_POINT('',(0.0145,0.006,-0.007));
#9248=CARTESIAN_POINT('',(0.0145,0.006,-0.00775));
#9249=CARTESIAN_POINT('',(0.0145,0.00425,-0.00775));
#9250=CARTESIAN_POINT('',(0.0145,0.006,-0.007));
#9251=CARTESIAN_POINT('',(0.016,0.006,-0.0065));
#9252=CARTESIAN_POINT('',(0.0145,0.006,-0.007));
#9253=CARTESIAN_POINT('',(0.01425,0.006,-0.00775));
#9254=CARTESIAN_POINT('',(0.016,0.01025,-0.0065));
#9255=CARTESIAN_POINT('',(0.0157,0.01025,-0.0071));
#9256=CARTESIAN_POINT('',(0.0149472135955,0.01025,-0.00672360679774997));
#9257=CARTESIAN_POINT('',(0.0158090169943749,0.01025,-0.00619098300562504));
#9258=CARTESIAN_POINT('',(0.0145,0.01025,-0.007));
#9259=CARTESIAN_POINT('',(0.0145,0.01025,-0.0065));
#9260=CARTESIAN_POINT('',(0.0145,0.01025,-0.00775));
#9261=CARTESIAN_POINT('',(0.01425,0.01025,-0.00775));
#9262=CARTESIAN_POINT('',(0.016,0.01375,-0.0065));
#9263=CARTESIAN_POINT('',(0.0145,0.01375,-0.0065));
#9264=CARTESIAN_POINT('',(0.0145,0.01375,-0.007));
#9265=CARTESIAN_POINT('',(0.0145,0.01375,-0.00775));
#9266=CARTESIAN_POINT('',(0.0145,0.01375,-0.007));
#9267=CARTESIAN_POINT('',(0.0149472135955,0.01375,-0.00672360679774997));
#9268=CARTESIAN_POINT('',(0.0145,0.01375,-0.0065));
#9269=CARTESIAN_POINT('',(0.01425,0.01375,-0.00775));
#9270=CARTESIAN_POINT('',(0.0145,0.012,-0.0065));
#9271=CARTESIAN_POINT('',(0.0145,0.012,-0.00775));
#9272=CARTESIAN_POINT('',(0.0145,0.012,-0.007));
#9273=CARTESIAN_POINT('',(0.0145,0.013625,-0.0065));
#9274=CARTESIAN_POINT('',(0.0149472135955,0.013625,-0.00672360679774997));
#9275=CARTESIAN_POINT('',(0.017611803398875,0.0015,-0.00777639320225001));
#9276=CARTESIAN_POINT('',(0.0170590169943749,0.0015,-0.0075));
#9277=CARTESIAN_POINT('',(0.0169472135955,0.00149999999999999,-0.00772360679774998));
#9278=CARTESIAN_POINT('',(0.0169472135955,0.00124999999999999,-0.00772360679774998));
#9279=CARTESIAN_POINT('',(0.0170590169943749,0.00124999999999999,-0.0075));
#9280=CARTESIAN_POINT('',(0.0171052397999383,0.00150000000011311,-0.00780261989996913));
#9281=CARTESIAN_POINT('',(0.0171133612937936,0.00131191945909549,-0.00780668064689718));
#9282=CARTESIAN_POINT('',(0.0172170431988131,0.00124999999999999,-0.0076580262044388));
#9283=CARTESIAN_POINT('',(0.0174184023801662,0.00158086633798461,-0.00795920119008309));
#9284=CARTESIAN_POINT('',(0.0174573518624846,0.00148477208304704,-0.00797867593124215));
#9285=CARTESIAN_POINT('',(0.0175302057790412,0.00141173267584063,-0.00797118878394971));
#9286=CARTESIAN_POINT('',(0.0174714930704837,0.00175508546094163,-0.00798574653524183));
#9287=CARTESIAN_POINT('',(0.0175244629329228,0.00175852674322206,-0.00801223146646138));
#9288=CARTESIAN_POINT('',(0.0175832964693586,0.00176017092236665,-0.00802427947641622));
#9289=CARTESIAN_POINT('',(0.0174209564973772,0.0018299494573479,-0.00796047824868863));
#9290=CARTESIAN_POINT('',(0.0174722424417821,0.00187322486483682,-0.00798612122089106));
#9291=CARTESIAN_POINT('',(0.0175327598962522,0.0019098989146958,-0.00797374290187729));
#9292=CARTESIAN_POINT('',(0.0145,0.00425,-0.007));
#9293=CARTESIAN_POINT('',(0.0145,0.012,-0.007));
#9294=CARTESIAN_POINT('',(0.01425,0.0145,-0.00775));
#9295=CARTESIAN_POINT('',(0.01425,0.0145,-0.00775));
#9296=CARTESIAN_POINT('',(0.00806811862835959,0.0289,-0.0106877896200185));
#9297=CARTESIAN_POINT('',(0.00806811862835959,0.029,-0.0106877896200185));
#9298=CARTESIAN_POINT('',(0.00843296261970961,0.0289,-0.0110526336113685));
#9299=CARTESIAN_POINT('',(0.00843296261970961,0.029,-0.0110526336113685));
#9300=CARTESIAN_POINT('',(0.00861538461538462,0.0289,-0.0115625193080012));
#9301=CARTESIAN_POINT('',(0.00861538461538462,0.029,-0.0115625193080012));
#9302=CARTESIAN_POINT('',(0.00861538461538462,0.0289,-0.0122174467099166));
#9303=CARTESIAN_POINT('',(0.00861538461538462,0.029,-0.0122174467099166));
#9304=CARTESIAN_POINT('',(0.00861538461538462,0.0287,-0.0122174467099166));
#9305=CARTESIAN_POINT('',(0.00861538461538462,0.0289,-0.0122174467099166));
#9306=CARTESIAN_POINT('',(0.00861538461538462,0.0289,-0.0122174467099166));
#9307=CARTESIAN_POINT('',(0.00861538461538462,0.0289,-0.0116604481132599));
#9308=CARTESIAN_POINT('',(0.00846476536171449,0.0289,-0.0110844363533734));
#9309=CARTESIAN_POINT('',(0.00806811862835959,0.0289,-0.0106877896200185));
#9310=CARTESIAN_POINT('',(0.00806811862835959,0.0289,-0.0106877896200185));
#9311=CARTESIAN_POINT('',(0.00806811862835959,0.0287,-0.0106877896200185));
#9312=CARTESIAN_POINT('',(0.00861538461538462,0.0289,-0.0122174467099166));
#9313=CARTESIAN_POINT('',(0.00861538461538462,0.029,-0.0122174467099166));
#9314=CARTESIAN_POINT('',(0.00861538461538462,0.0289,-0.0129162418906395));
#9315=CARTESIAN_POINT('',(0.00861538461538462,0.029,-0.0129162418906395));
#9316=CARTESIAN_POINT('',(0.00842570281124498,0.0289,-0.0134505329008341));
#9317=CARTESIAN_POINT('',(0.00842570281124498,0.029,-0.0134505329008341));
#9318=CARTESIAN_POINT('',(0.00804633920296571,0.0289,-0.0138203197405004));
#9319=CARTESIAN_POINT('',(0.00804633920296571,0.029,-0.0138203197405004));
#9320=CARTESIAN_POINT('',(0.00804633920296571,0.0287,-0.0138203197405004));
#9321=CARTESIAN_POINT('',(0.00804633920296571,0.0289,-0.0138203197405004));
#9322=CARTESIAN_POINT('',(0.00804633920296571,0.0289,-0.0138203197405004));
#9323=CARTESIAN_POINT('',(0.00846402244413751,0.0289,-0.0134131806202377));
#9324=CARTESIAN_POINT('',(0.00861538461538462,0.0289,-0.0128028064927612));
#9325=CARTESIAN_POINT('',(0.00861538461538462,0.0289,-0.0122174467099166));
#9326=CARTESIAN_POINT('',(0.00804633920296571,0.0289,-0.0138203197405004));
#9327=CARTESIAN_POINT('',(0.00804633920296571,0.029,-0.0138203197405004));
#9328=CARTESIAN_POINT('',(0.00766697559468644,0.0289,-0.0141901065801668));
#9329=CARTESIAN_POINT('',(0.00766697559468644,0.029,-0.0141901065801668));
#9330=CARTESIAN_POINT('',(0.00712109978375038,0.0289,-0.014375));
#9331=CARTESIAN_POINT('',(0.00712109978375038,0.029,-0.014375));
#9332=CARTESIAN_POINT('',(0.00640871177015755,0.0289,-0.014375));
#9333=CARTESIAN_POINT('',(0.00640871177015755,0.029,-0.014375));
#9334=CARTESIAN_POINT('',(0.00640871177015755,0.0287,-0.014375));
#9335=CARTESIAN_POINT('',(0.00640871177015755,0.0289,-0.014375));
#9336=CARTESIAN_POINT('',(0.00640871177015755,0.0289,-0.014375));
#9337=CARTESIAN_POINT('',(0.00700134654856411,0.0289,-0.014375));
#9338=CARTESIAN_POINT('',(0.00761883591938241,0.0289,-0.0142370310030812));
#9339=CARTESIAN_POINT('',(0.00804633920296571,0.0289,-0.0138203197405004));
#9340=CARTESIAN_POINT('',(0.00582205746061168,0.0287,-0.014375));
#9341=CARTESIAN_POINT('',(0.0052354031510658,0.0287,-0.014375));
#9342=CARTESIAN_POINT('',(0.0052354031510658,0.0289,-0.014375));
#9343=CARTESIAN_POINT('',(0.00582205746061168,0.0289,-0.014375));
#9344=CARTESIAN_POINT('',(0.0052354031510658,0.0287,-0.0122577618164967));
#9345=CARTESIAN_POINT('',(0.0052354031510658,0.0287,-0.0101405236329935));
#9346=CARTESIAN_POINT('',(0.0052354031510658,0.0289,-0.0101405236329935));
#9347=CARTESIAN_POINT('',(0.0052354031510658,0.0289,-0.0122577618164967));
#9348=CARTESIAN_POINT('',(0.00588415199258573,0.0287,-0.0101405236329935));
#9349=CARTESIAN_POINT('',(0.00653290083410565,0.0287,-0.0101405236329935));
#9350=CARTESIAN_POINT('',(0.00653290083410565,0.0289,-0.0101405236329935));
#9351=CARTESIAN_POINT('',(0.00588415199258573,0.0289,-0.0101405236329935));
#9352=CARTESIAN_POINT('',(0.00765106580166821,0.0289,-0.0135163345690454));
#9353=CARTESIAN_POINT('',(0.00765106580166821,0.029,-0.0135163345690454));
#9354=CARTESIAN_POINT('',(0.00794670991658944,0.0289,-0.0132274868705591));
#9355=CARTESIAN_POINT('',(0.00794670991658944,0.029,-0.0132274868705591));
#9356=CARTESIAN_POINT('',(0.00809453197405005,0.0289,-0.0128003938832252));
#9357=CARTESIAN_POINT('',(0.00809453197405005,0.029,-0.0128003938832252));
#9358=CARTESIAN_POINT('',(0.00809453197405005,0.0289,-0.0122350556070435));
#9359=CARTESIAN_POINT('',(0.00809453197405005,0.029,-0.0122350556070435));
#9360=CARTESIAN_POINT('',(0.00809453197405005,0.0287,-0.0122350556070435));
#9361=CARTESIAN_POINT('',(0.00809453197405005,0.0289,-0.0122350556070435));
#9362=CARTESIAN_POINT('',(0.00809453197405005,0.029,-0.0122350556070435));
#9363=CARTESIAN_POINT('',(0.00809453197405005,0.0289,-0.0122350556070435));
#9364=CARTESIAN_POINT('',(0.00809453197405005,0.0289,-0.0126983191439371));
#9365=CARTESIAN_POINT('',(0.0079861994538506,0.0289,-0.0131889051387523));
#9366=CARTESIAN_POINT('',(0.00765106580166821,0.0289,-0.0135163345690454));
#9367=CARTESIAN_POINT('',(0.00765106580166821,0.0289,-0.0135163345690454));
#9368=CARTESIAN_POINT('',(0.00765106580166821,0.0287,-0.0135163345690454));
#9369=CARTESIAN_POINT('',(0.00765106580166821,0.029,-0.0135163345690454));
#9370=CARTESIAN_POINT('',(0.00765106580166821,0.029,-0.0135163345690454));
#9371=CARTESIAN_POINT('',(0.00809453197405005,0.029,-0.013083063021316));
#9372=CARTESIAN_POINT('',(0.00809453197405005,0.029,-0.0122350556070435));
#9373=CARTESIAN_POINT('',(0.00809453197405005,0.0289,-0.0122350556070435));
#9374=CARTESIAN_POINT('',(0.00809453197405005,0.029,-0.0122350556070435));
#9375=CARTESIAN_POINT('',(0.00809453197405005,0.0289,-0.0116826923076923));
#9376=CARTESIAN_POINT('',(0.00809453197405005,0.029,-0.0116826923076923));
#9377=CARTESIAN_POINT('',(0.00795597775718258,0.0289,-0.0112665662650602));
#9378=CARTESIAN_POINT('',(0.00795597775718258,0.029,-0.0112665662650602));
#9379=CARTESIAN_POINT('',(0.00767886932344764,0.0289,-0.0109866774791473));
#9380=CARTESIAN_POINT('',(0.00767886932344764,0.029,-0.0109866774791473));
#9381=CARTESIAN_POINT('',(0.00767886932344764,0.0287,-0.0109866774791473));
#9382=CARTESIAN_POINT('',(0.00767886932344764,0.0289,-0.0109866774791473));
#9383=CARTESIAN_POINT('',(0.00767886932344764,0.029,-0.0109866774791473));
#9384=CARTESIAN_POINT('',(0.00767886932344764,0.0289,-0.0109866774791473));
#9385=CARTESIAN_POINT('',(0.00799513895333537,0.0289,-0.0113061203829135));
#9386=CARTESIAN_POINT('',(0.00809453197405005,0.0289,-0.0117838862832857));
#9387=CARTESIAN_POINT('',(0.00809453197405005,0.0289,-0.0122350556070435));
#9388=CARTESIAN_POINT('',(0.00809453197405005,0.029,-0.0122350556070435));
#9389=CARTESIAN_POINT('',(0.00809453197405005,0.029,-0.0114065106580167));
#9390=CARTESIAN_POINT('',(0.00767886932344764,0.029,-0.0109866774791473));
#9391=CARTESIAN_POINT('',(0.00767886932344764,0.0289,-0.0109866774791473));
#9392=CARTESIAN_POINT('',(0.00767886932344764,0.029,-0.0109866774791473));
#9393=CARTESIAN_POINT('',(0.0074017608897127,0.0289,-0.0107067886932345));
#9394=CARTESIAN_POINT('',(0.0074017608897127,0.029,-0.0107067886932345));
#9395=CARTESIAN_POINT('',(0.00698980537534755,0.0289,-0.010566844300278));
#9396=CARTESIAN_POINT('',(0.00698980537534755,0.029,-0.010566844300278));
#9397=CARTESIAN_POINT('',(0.00644300278035218,0.0289,-0.010566844300278));
#9398=CARTESIAN_POINT('',(0.00644300278035218,0.029,-0.010566844300278));
#9399=CARTESIAN_POINT('',(0.00644300278035218,0.0287,-0.010566844300278));
#9400=CARTESIAN_POINT('',(0.00644300278035218,0.0289,-0.010566844300278));
#9401=CARTESIAN_POINT('',(0.00644300278035218,0.029,-0.010566844300278));
#9402=CARTESIAN_POINT('',(0.00644300278035218,0.0289,-0.010566844300278));
#9403=CARTESIAN_POINT('',(0.00688885160300914,0.0289,-0.010566844300278));
#9404=CARTESIAN_POINT('',(0.00736169972157056,0.0289,-0.0106663255735725));
#9405=CARTESIAN_POINT('',(0.00767886932344764,0.0289,-0.0109866774791473));
#9406=CARTESIAN_POINT('',(0.00767886932344764,0.029,-0.0109866774791473));
#9407=CARTESIAN_POINT('',(0.00726320667284523,0.029,-0.010566844300278));
#9408=CARTESIAN_POINT('',(0.00644300278035218,0.029,-0.010566844300278));
#9409=CARTESIAN_POINT('',(0.0060852641334569,0.0287,-0.010566844300278));
#9410=CARTESIAN_POINT('',(0.00572752548656163,0.0287,-0.010566844300278));
#9411=CARTESIAN_POINT('',(0.00572752548656163,0.0289,-0.010566844300278));
#9412=CARTESIAN_POINT('',(0.00572752548656163,0.029,-0.010566844300278));
#9413=CARTESIAN_POINT('',(0.0060852641334569,0.0289,-0.010566844300278));
#9414=CARTESIAN_POINT('',(0.0060852641334569,0.029,-0.010566844300278));
#9415=CARTESIAN_POINT('',(0.00572752548656163,0.0287,-0.0122582252085264));
#9416=CARTESIAN_POINT('',(0.00572752548656163,0.0287,-0.0139496061167748));
#9417=CARTESIAN_POINT('',(0.00572752548656163,0.0289,-0.0139496061167748));
#9418=CARTESIAN_POINT('',(0.00572752548656163,0.029,-0.0139496061167748));
#9419=CARTESIAN_POINT('',(0.00572752548656163,0.0289,-0.0122582252085264));
#9420=CARTESIAN_POINT('',(0.00572752548656163,0.029,-0.0122582252085264));
#9421=CARTESIAN_POINT('',(0.00602734012974977,0.0287,-0.0139496061167748));
#9422=CARTESIAN_POINT('',(0.0063271547729379,0.0287,-0.0139496061167748));
#9423=CARTESIAN_POINT('',(0.0063271547729379,0.0289,-0.0139496061167748));
#9424=CARTESIAN_POINT('',(0.0063271547729379,0.029,-0.0139496061167748));
#9425=CARTESIAN_POINT('',(0.00602734012974977,0.0289,-0.0139496061167748));
#9426=CARTESIAN_POINT('',(0.00602734012974977,0.029,-0.0139496061167748));
#9427=CARTESIAN_POINT('',(0.0063271547729379,0.0289,-0.0139496061167748));
#9428=CARTESIAN_POINT('',(0.0063271547729379,0.029,-0.0139496061167748));
#9429=CARTESIAN_POINT('',(0.00691411801050355,0.0289,-0.0139496061167748));
#9430=CARTESIAN_POINT('',(0.00691411801050355,0.029,-0.0139496061167748));
#9431=CARTESIAN_POINT('',(0.00735542168674699,0.0289,-0.0138051822675317));
#9432=CARTESIAN_POINT('',(0.00735542168674699,0.029,-0.0138051822675317));
#9433=CARTESIAN_POINT('',(0.00765106580166821,0.0289,-0.0135163345690454));
#9434=CARTESIAN_POINT('',(0.00765106580166821,0.029,-0.0135163345690454));
#9435=CARTESIAN_POINT('',(0.00765106580166821,0.0289,-0.0135163345690454));
#9436=CARTESIAN_POINT('',(0.0073106544663781,0.0289,-0.0138489203563978));
#9437=CARTESIAN_POINT('',(0.0068044792850233,0.0289,-0.0139496061167748));
#9438=CARTESIAN_POINT('',(0.0063271547729379,0.0289,-0.0139496061167748));
#9439=CARTESIAN_POINT('',(0.0063271547729379,0.029,-0.0139496061167748));
#9440=CARTESIAN_POINT('',(0.00720759962928638,0.029,-0.0139496061167748));
#9441=CARTESIAN_POINT('',(0.00765106580166821,0.029,-0.0135163345690454));
#9442=CARTESIAN_POINT('',(0.00653290083410565,0.0289,-0.0101405236329935));
#9443=CARTESIAN_POINT('',(0.00653290083410565,0.029,-0.0101405236329935));
#9444=CARTESIAN_POINT('',(0.00719153537225826,0.0289,-0.0101405236329935));
#9445=CARTESIAN_POINT('',(0.00719153537225826,0.029,-0.0101405236329935));
#9446=CARTESIAN_POINT('',(0.00770327463700958,0.0289,-0.0103229456286685));
#9447=CARTESIAN_POINT('',(0.00770327463700958,0.029,-0.0103229456286685));
#9448=CARTESIAN_POINT('',(0.00806811862835959,0.0289,-0.0106877896200185));
#9449=CARTESIAN_POINT('',(0.00806811862835959,0.029,-0.0106877896200185));
#9450=CARTESIAN_POINT('',(0.00806811862835959,0.0289,-0.0106877896200185));
#9451=CARTESIAN_POINT('',(0.00767315450234956,0.0289,-0.0102928254940085));
#9452=CARTESIAN_POINT('',(0.00709342615963566,0.0289,-0.0101405236329935));
#9453=CARTESIAN_POINT('',(0.00653290083410565,0.0289,-0.0101405236329935));
#9454=CARTESIAN_POINT('',(0.01475,0.0287,-0.0081875));
#9455=CARTESIAN_POINT('',(0.01475,0.0287,-0.010366844300278));
#9456=CARTESIAN_POINT('',(0.00644300278035218,0.0287,-0.010366844300278));
#9457=CARTESIAN_POINT('',(0.00552752548656163,0.0287,-0.010366844300278));
#9458=CARTESIAN_POINT('',(0.00552752548656163,0.0287,-0.0081875));
#9459=CARTESIAN_POINT('',(0.00552752548656163,0.0287,-0.0141496061167748));
#9460=CARTESIAN_POINT('',(0.01475,0.0287,-0.0141496061167748));
#9461=CARTESIAN_POINT('',(0.0063271547729379,0.0287,-0.0141496061167748));
#9462=CARTESIAN_POINT('',(0.0063271547729379,0.0287,-0.0141496061167748));
#9463=CARTESIAN_POINT('',(0.00685629624805837,0.0287,-0.0141496061167748));
#9464=CARTESIAN_POINT('',(0.00741009074259423,0.0287,-0.0140313805193086));
#9465=CARTESIAN_POINT('',(0.00779083327499435,0.0287,-0.0136593906888027));
#9466=CARTESIAN_POINT('',(0.00779083327499435,0.0287,-0.0136593906888027));
#9467=CARTESIAN_POINT('',(0.00779083327499435,0.0287,-0.0136593906888027));
#9468=CARTESIAN_POINT('',(0.00816418919682217,0.0287,-0.0132946176617296));
#9469=CARTESIAN_POINT('',(0.00829453197405005,0.0287,-0.0127543314310242));
#9470=CARTESIAN_POINT('',(0.00829453197405005,0.0287,-0.0122350556070435));
#9471=CARTESIAN_POINT('',(0.00829453197405005,0.0287,-0.0122350556070435));
#9472=CARTESIAN_POINT('',(0.00829453197405005,0.0287,-0.0122350556070435));
#9473=CARTESIAN_POINT('',(0.00829453197405005,0.0287,-0.0117316170945337));
#9474=CARTESIAN_POINT('',(0.00817719675162408,0.0287,-0.0112057396507925));
#9475=CARTESIAN_POINT('',(0.00782099483926495,0.0287,-0.0108459638062024));
#9476=CARTESIAN_POINT('',(0.00782099483926495,0.0287,-0.0108459638062024));
#9477=CARTESIAN_POINT('',(0.00782099483926495,0.0287,-0.0108459638062024));
#9478=CARTESIAN_POINT('',(0.00746654701121853,0.0287,-0.0104879596454331));
#9479=CARTESIAN_POINT('',(0.0069441382518238,0.0287,-0.010366844300278));
#9480=CARTESIAN_POINT('',(0.00644300278035218,0.0287,-0.010366844300278));
#9481=CARTESIAN_POINT('',(0.01475,0.0287,-0.014175));
#9482=CARTESIAN_POINT('',(0.00640871177015755,0.0287,-0.014175));
#9483=CARTESIAN_POINT('',(0.0054354031510658,0.0287,-0.014175));
#9484=CARTESIAN_POINT('',(0.0054354031510658,0.0287,-0.0081875));
#9485=CARTESIAN_POINT('',(0.0054354031510658,0.0287,-0.0103405236329935));
#9486=CARTESIAN_POINT('',(0.01475,0.0287,-0.0103405236329935));
#9487=CARTESIAN_POINT('',(0.00653290083410565,0.0287,-0.0103405236329935));
#9488=CARTESIAN_POINT('',(0.00653290083410565,0.0287,-0.0103405236329935));
#9489=CARTESIAN_POINT('',(0.00704070447662951,0.0287,-0.0103405236329935));
#9490=CARTESIAN_POINT('',(0.00756558947740042,0.0287,-0.010468103181534));
#9491=CARTESIAN_POINT('',(0.00792669727212228,0.0287,-0.0108292109762558));
#9492=CARTESIAN_POINT('',(0.00792669727212228,0.0287,-0.0108292109762558));
#9493=CARTESIAN_POINT('',(0.00792669727212228,0.0287,-0.0108292109762558));
#9494=CARTESIAN_POINT('',(0.00828607925523057,0.0287,-0.0111885929593641));
#9495=CARTESIAN_POINT('',(0.00841538461538462,0.0287,-0.0117114809944271));
#9496=CARTESIAN_POINT('',(0.00841538461538462,0.0287,-0.0122174467099166));
#9497=CARTESIAN_POINT('',(0.00841538461538462,0.0287,-0.0122174467099166));
#9498=CARTESIAN_POINT('',(0.00841538461538462,0.0287,-0.0122174467099166));
#9499=CARTESIAN_POINT('',(0.00841538461538462,0.0287,-0.0127492143279887));
#9500=CARTESIAN_POINT('',(0.00829009579926568,0.0287,-0.013303421161232));
#9501=CARTESIAN_POINT('',(0.00790673711364626,0.0287,-0.0136771022253089));
#9502=CARTESIAN_POINT('',(0.00790673711364626,0.0287,-0.0136771022253089));
#9503=CARTESIAN_POINT('',(0.00790673711364626,0.0287,-0.0136771022253089));
#9504=CARTESIAN_POINT('',(0.00751636165458896,0.0287,-0.0140576229292923));
#9505=CARTESIAN_POINT('',(0.00695064258775184,0.0287,-0.014175));
#9506=CARTESIAN_POINT('',(0.00640871177015755,0.0287,-0.014175));
#9507=CARTESIAN_POINT('',(0.0295,0.029,-0.0081875));
#9508=CARTESIAN_POINT('',(0.00382808155699722,0.0287,-0.014375));
#9509=CARTESIAN_POINT('',(0.00358202038924931,0.0287,-0.014375));
#9510=CARTESIAN_POINT('',(0.00358202038924931,0.0289,-0.014375));
#9511=CARTESIAN_POINT('',(0.00382808155699722,0.0289,-0.014375));
#9512=CARTESIAN_POINT('',(0.00407414272474513,0.0289,-0.014375));
#9513=CARTESIAN_POINT('',(0.00407414272474513,0.0287,-0.014375));
#9514=CARTESIAN_POINT('',(0.00358202038924931,0.0287,-0.0122577618164967));
#9515=CARTESIAN_POINT('',(0.00358202038924931,0.0287,-0.0101405236329935));
#9516=CARTESIAN_POINT('',(0.00358202038924931,0.0289,-0.0101405236329935));
#9517=CARTESIAN_POINT('',(0.00358202038924931,0.0289,-0.0122577618164967));
#9518=CARTESIAN_POINT('',(0.00382808155699722,0.0287,-0.0101405236329935));
#9519=CARTESIAN_POINT('',(0.00407414272474513,0.0287,-0.0101405236329935));
#9520=CARTESIAN_POINT('',(0.00407414272474513,0.0289,-0.0101405236329935));
#9521=CARTESIAN_POINT('',(0.00382808155699722,0.0289,-0.0101405236329935));
#9522=CARTESIAN_POINT('',(0.00407414272474513,0.0287,-0.0122577618164967));
#9523=CARTESIAN_POINT('',(0.00407414272474513,0.0289,-0.0122577618164967));
#9524=CARTESIAN_POINT('',(0.01475,0.0287,-0.0081875));
#9525=CARTESIAN_POINT('',(0.00387414272474513,0.0287,-0.0081875));
#9526=CARTESIAN_POINT('',(0.00387414272474513,0.0287,-0.0103405236329935));
#9527=CARTESIAN_POINT('',(0.00387414272474513,0.0287,-0.014175));
#9528=CARTESIAN_POINT('',(0.01475,0.0287,-0.014175));
#9529=CARTESIAN_POINT('',(0.0037820203892493,0.0287,-0.014175));
#9530=CARTESIAN_POINT('',(0.0037820203892493,0.0287,-0.0081875));
#9531=CARTESIAN_POINT('',(0.0037820203892493,0.0287,-0.0103405236329935));
#9532=CARTESIAN_POINT('',(0.01475,0.0287,-0.0103405236329935));
#9533=CARTESIAN_POINT('',(0.017875,0.0287,-0.014375));
#9534=CARTESIAN_POINT('',(0.012,0.0287,-0.014375));
#9535=CARTESIAN_POINT('',(0.012,0.0289,-0.014375));
#9536=CARTESIAN_POINT('',(0.02375,0.0289,-0.014375));
#9537=CARTESIAN_POINT('',(0.02375,0.0289,-0.014375));
#9538=CARTESIAN_POINT('',(0.02375,0.029,-0.014375));
#9539=CARTESIAN_POINT('',(0.01,0.0287,-0.0086875));
#9540=CARTESIAN_POINT('',(0.01,0.0287,-0.005));
#9541=CARTESIAN_POINT('',(0.01,0.0289,-0.005));
#9542=CARTESIAN_POINT('',(0.01,0.0289,-0.0086875));
#9543=CARTESIAN_POINT('',(0.01,0.0289,-0.012375));
#9544=CARTESIAN_POINT('',(0.01,0.0287,-0.012375));
#9545=CARTESIAN_POINT('',(0.017875,0.0287,-0.003));
#9546=CARTESIAN_POINT('',(0.02375,0.0287,-0.003));
#9547=CARTESIAN_POINT('',(0.02375,0.0289,-0.003));
#9548=CARTESIAN_POINT('',(0.017875,0.0289,-0.003));
#9549=CARTESIAN_POINT('',(0.012,0.0289,-0.003));
#9550=CARTESIAN_POINT('',(0.012,0.029,-0.003));
#9551=CARTESIAN_POINT('',(0.02575,0.0287,-0.0086875));
#9552=CARTESIAN_POINT('',(0.02575,0.0287,-0.012375));
#9553=CARTESIAN_POINT('',(0.02575,0.0289,-0.012375));
#9554=CARTESIAN_POINT('',(0.02575,0.0289,-0.005));
#9555=CARTESIAN_POINT('',(0.02575,0.0289,-0.005));
#9556=CARTESIAN_POINT('',(0.02575,0.0287,-0.005));
#9557=CARTESIAN_POINT('',(0.01475,0.0287,-0.0081875));
#9558=CARTESIAN_POINT('',(0.02375,0.0287,-0.012375));
#9559=CARTESIAN_POINT('',(0.02555,0.0287,-0.012375));
#9560=CARTESIAN_POINT('',(0.02375,0.0287,-0.014175));
#9561=CARTESIAN_POINT('',(0.012,0.0287,-0.014175));
#9562=CARTESIAN_POINT('',(0.012,0.0287,-0.014175));
#9563=CARTESIAN_POINT('',(0.012,0.0287,-0.012375));
#9564=CARTESIAN_POINT('',(0.0102,0.0287,-0.012375));
#9565=CARTESIAN_POINT('',(0.0102,0.0287,-0.0081875));
#9566=CARTESIAN_POINT('',(0.0102,0.0287,-0.005));
#9567=CARTESIAN_POINT('',(0.012,0.0287,-0.005));
#9568=CARTESIAN_POINT('',(0.012,0.0287,-0.0032));
#9569=CARTESIAN_POINT('',(0.01475,0.0287,-0.0032));
#9570=CARTESIAN_POINT('',(0.02375,0.0287,-0.0032));
#9571=CARTESIAN_POINT('',(0.02375,0.0287,-0.005));
#9572=CARTESIAN_POINT('',(0.02555,0.0287,-0.005));
#9573=CARTESIAN_POINT('',(0.02555,0.0287,-0.012375));
#9574=CARTESIAN_POINT('',(0.012,0.0287,-0.005));
#9575=CARTESIAN_POINT('',(0.012,0.0289,-0.005));
#9576=CARTESIAN_POINT('',(0.02375,0.0287,-0.005));
#9577=CARTESIAN_POINT('',(0.02375,0.0289,-0.005));
#9578=CARTESIAN_POINT('',(0.02375,0.0287,-0.012375));
#9579=CARTESIAN_POINT('',(0.02375,0.0289,-0.012375));
#9580=CARTESIAN_POINT('',(0.012,0.0287,-0.012375));
#9581=CARTESIAN_POINT('',(0.012,0.0289,-0.012375));
#9582=CARTESIAN_POINT('',(0.01475,0.0289,-0.0103405236329935));
#9583=CARTESIAN_POINT('',(0.0037820203892493,0.0289,-0.0103405236329935));
#9584=CARTESIAN_POINT('',(0.00387414272474513,0.0289,-0.0103405236329935));
#9585=CARTESIAN_POINT('',(0.00387414272474513,0.0289,-0.0081875));
#9586=CARTESIAN_POINT('',(0.00387414272474513,0.0289,-0.014175));
#9587=CARTESIAN_POINT('',(0.0037820203892493,0.0289,-0.0081875));
#9588=CARTESIAN_POINT('',(0.0037820203892493,0.0289,-0.014175));
#9589=CARTESIAN_POINT('',(0.01475,0.0289,-0.014175));
#9590=CARTESIAN_POINT('',(0.00829453197405005,0.0287,-0.0122350556070435));
#9591=CARTESIAN_POINT('',(0.00809453197405005,0.0287,-0.0122350556070435));
#9592=CARTESIAN_POINT('',(0.00809453197405005,0.0289,-0.0122350556070435));
#9593=CARTESIAN_POINT('',(0.00829453200677927,0.0287,-0.0117316170902792));
#9594=CARTESIAN_POINT('',(0.00809453200056114,0.0286999999999901,-0.0117603595776375));
#9595=CARTESIAN_POINT('',(0.00809453197405005,0.028899999999993,-0.0117603595776352));
#9596=CARTESIAN_POINT('',(0.0081771967227426,0.0287,-0.0112057396723275));
#9597=CARTESIAN_POINT('',(0.00798409432098184,0.0287000000000845,-0.0112949649785471));
#9598=CARTESIAN_POINT('',(0.00798409434279982,0.0289,-0.0112949649568877));
#9599=CARTESIAN_POINT('',(0.00782099483926495,0.0287,-0.0108459638062024));
#9600=CARTESIAN_POINT('',(0.00767886932344763,0.0287,-0.0109866774791473));
#9601=CARTESIAN_POINT('',(0.00767886932344763,0.0289,-0.0109866774791473));
#9602=CARTESIAN_POINT('',(0.00782099483926495,0.0289,-0.0108459638062024));
#9603=CARTESIAN_POINT('',(0.00829453197405005,0.0289,-0.0122350556070435));
#9604=CARTESIAN_POINT('',(0.00779083327499435,0.0287,-0.0136593906888027));
#9605=CARTESIAN_POINT('',(0.00765106580166821,0.0287,-0.0135163345690454));
#9606=CARTESIAN_POINT('',(0.00765106580166821,0.0289,-0.0135163345690454));
#9607=CARTESIAN_POINT('',(0.00816418918027765,0.0287,-0.01329461764857));
#9608=CARTESIAN_POINT('',(0.0079735357993344,0.0287000000004456,-0.0132012776462285));
#9609=CARTESIAN_POINT('',(0.00797353581364577,0.0289000000000145,-0.0132012776607915));
#9610=CARTESIAN_POINT('',(0.00829453200799264,0.0287,-0.012754331434645));
#9611=CARTESIAN_POINT('',(0.00809453200153176,0.0287,-0.0127241687210779));
#9612=CARTESIAN_POINT('',(0.00809453197405005,0.0289,-0.0127241687210747));
#9613=CARTESIAN_POINT('',(0.00829453197405005,0.0287,-0.0122350556070435));
#9614=CARTESIAN_POINT('',(0.00809453197405005,0.0287,-0.0122350556070435));
#9615=CARTESIAN_POINT('',(0.00809453197405005,0.0289,-0.0122350556070435));
#9616=CARTESIAN_POINT('',(0.00779083327499435,0.0289,-0.0136593906888027));
#9617=CARTESIAN_POINT('',(0.00782099483926495,0.0287,-0.0108459638062024));
#9618=CARTESIAN_POINT('',(0.00767886932344763,0.0287,-0.0109866774791473));
#9619=CARTESIAN_POINT('',(0.00767886932344763,0.0289,-0.0109866774791473));
#9620=CARTESIAN_POINT('',(0.00746654699406255,0.0287,-0.0104879596673716));
#9621=CARTESIAN_POINT('',(0.00737514148469968,0.028700000000262,-0.0106799022396041));
#9622=CARTESIAN_POINT('',(0.00737514150247431,0.028900000000007,-0.0106799022218432));
#9623=CARTESIAN_POINT('',(0.00694413825539878,0.0287,-0.0103668442654787));
#9624=CARTESIAN_POINT('',(0.0069147010051326,0.0287,-0.0105668442721372));
#9625=CARTESIAN_POINT('',(0.00691470100513275,0.0289,-0.010566844300278));
#9626=CARTESIAN_POINT('',(0.00644300278035218,0.0287,-0.010366844300278));
#9627=CARTESIAN_POINT('',(0.00644300278035218,0.0287,-0.010566844300278));
#9628=CARTESIAN_POINT('',(0.00644300278035218,0.0289,-0.010566844300278));
#9629=CARTESIAN_POINT('',(0.00644300278035218,0.0289,-0.010366844300278));
#9630=CARTESIAN_POINT('',(0.0063271547729379,0.0287,-0.0141496061167748));
#9631=CARTESIAN_POINT('',(0.0063271547729379,0.0287,-0.0139496061167748));
#9632=CARTESIAN_POINT('',(0.0063271547729379,0.0289,-0.0139496061167748));
#9633=CARTESIAN_POINT('',(0.00685629625207546,0.0287,-0.0141496061473285));
#9634=CARTESIAN_POINT('',(0.00682828659855849,0.0286999999999312,-0.0139496061419234));
#9635=CARTESIAN_POINT('',(0.00682828659857141,0.0288999999999982,-0.0139496061167748));
#9636=CARTESIAN_POINT('',(0.00741009071955967,0.0287,-0.0140313804881542));
#9637=CARTESIAN_POINT('',(0.00732285931243144,0.0287,-0.0138369960366669));
#9638=CARTESIAN_POINT('',(0.00732285933485205,0.0289,-0.0138369960596129));
#9639=CARTESIAN_POINT('',(0.00779083327499435,0.0287,-0.0136593906888027));
#9640=CARTESIAN_POINT('',(0.00765106580166821,0.0287,-0.0135163345690454));
#9641=CARTESIAN_POINT('',(0.00765106580166821,0.0289,-0.0135163345690454));
#9642=CARTESIAN_POINT('',(0.0063271547729379,0.0289,-0.0141496061167748));
#9643=CARTESIAN_POINT('',(0.01475,0.0289,-0.010366844300278));
#9644=CARTESIAN_POINT('',(0.00552752548656163,0.0289,-0.010366844300278));
#9645=CARTESIAN_POINT('',(0.01475,0.0289,-0.0141496061167748));
#9646=CARTESIAN_POINT('',(0.00552752548656163,0.0289,-0.0141496061167748));
#9647=CARTESIAN_POINT('',(0.00552752548656163,0.0289,-0.0081875));
#9648=CARTESIAN_POINT('',(0.00841538461538462,0.0287,-0.0122174467099166));
#9649=CARTESIAN_POINT('',(0.00861538461538462,0.0287,-0.0122174467099166));
#9650=CARTESIAN_POINT('',(0.00861538461538462,0.0289,-0.0122174467099166));
#9651=CARTESIAN_POINT('',(0.00841538463210438,0.0287,-0.0124833305201622));
#9652=CARTESIAN_POINT('',(0.00861538463500273,0.0287,-0.0124978534048539));
#9653=CARTESIAN_POINT('',(0.00861538461538462,0.0289,-0.012497853404853));
#9654=CARTESIAN_POINT('',(0.00836136921331943,0.0287,-0.0130164456102295));
#9655=CARTESIAN_POINT('',(0.00856070884180144,0.0287,-0.0130685969300422));
#9656=CARTESIAN_POINT('',(0.00856070885054372,0.0289,-0.0130685969289476));
#9657=CARTESIAN_POINT('',(0.00809841645212374,0.0287,-0.0134902616899131));
#9658=CARTESIAN_POINT('',(0.00826387551648713,0.0287,-0.0136082749745978));
#9659=CARTESIAN_POINT('',(0.0082638755186207,0.0289,-0.0136082749767879));
#9660=CARTESIAN_POINT('',(0.00790673711364625,0.0287,-0.0136771022253089));
#9661=CARTESIAN_POINT('',(0.00804633920296571,0.0287,-0.0138203197405004));
#9662=CARTESIAN_POINT('',(0.00804633920296571,0.0289,-0.0138203197405004));
#9663=CARTESIAN_POINT('',(0.00790673711364626,0.0289,-0.0136771022253089));
#9664=CARTESIAN_POINT('',(0.00841538461538462,0.0289,-0.0122174467099166));
#9665=CARTESIAN_POINT('',(0.00792669727212228,0.0287,-0.0108292109762558));
#9666=CARTESIAN_POINT('',(0.00806811862835959,0.0287,-0.0106877896200185));
#9667=CARTESIAN_POINT('',(0.00806811862835959,0.0289,-0.0106877896200185));
#9668=CARTESIAN_POINT('',(0.00828607925105401,0.0287,-0.0111885929624335));
#9669=CARTESIAN_POINT('',(0.00847464517371493,0.02869999999999,-0.0110943161631569));
#9670=CARTESIAN_POINT('',(0.00847464517260656,0.0288999999999929,-0.0110943161642655));
#9671=CARTESIAN_POINT('',(0.00841538465042327,0.0287,-0.0117114809917294));
#9672=CARTESIAN_POINT('',(0.00861538465717074,0.0287,-0.0116810648883326));
#9673=CARTESIAN_POINT('',(0.00861538461538462,0.0289,-0.0116810648883304));
#9674=CARTESIAN_POINT('',(0.00841538461538462,0.0287,-0.0122174467099166));
#9675=CARTESIAN_POINT('',(0.00861538461538462,0.0287,-0.0122174467099166));
#9676=CARTESIAN_POINT('',(0.00861538461538462,0.0289,-0.0122174467099166));
#9677=CARTESIAN_POINT('',(0.00792669727212228,0.0289,-0.0108292109762558));
#9678=CARTESIAN_POINT('',(0.00790673711364626,0.0287,-0.0136771022253089));
#9679=CARTESIAN_POINT('',(0.00804633920296572,0.0287,-0.0138203197405004));
#9680=CARTESIAN_POINT('',(0.00804633920296572,0.0289,-0.0138203197405005));
#9681=CARTESIAN_POINT('',(0.0077115493754309,0.0287,-0.0138673625647811));
#9682=CARTESIAN_POINT('',(0.00782500882642101,0.0287,-0.0140360627649038));
#9683=CARTESIAN_POINT('',(0.00782500883731201,0.0289,-0.0140360627760766));
#9684=CARTESIAN_POINT('',(0.00722293469566058,0.0287,-0.0141225341236663));
#9685=CARTESIAN_POINT('',(0.00727213050093841,0.0287000000000083,-0.0143219371910339));
#9686=CARTESIAN_POINT('',(0.00727213049549128,0.0289,-0.0143219371945137));
#9687=CARTESIAN_POINT('',(0.00667967717886095,0.0287,-0.0141750000156325));
#9688=CARTESIAN_POINT('',(0.00669351178836124,0.0286999999999834,-0.0143750000181324));
#9689=CARTESIAN_POINT('',(0.00669351178836452,0.0289,-0.014375));
#9690=CARTESIAN_POINT('',(0.00640871177015755,0.0287,-0.014175));
#9691=CARTESIAN_POINT('',(0.00640871177015755,0.0287,-0.014375));
#9692=CARTESIAN_POINT('',(0.00640871177015755,0.0289,-0.014375));
#9693=CARTESIAN_POINT('',(0.00640871177015755,0.0289,-0.014175));
#9694=CARTESIAN_POINT('',(0.00653290083410565,0.0287,-0.0103405236329935));
#9695=CARTESIAN_POINT('',(0.00653290083410565,0.0287,-0.0101405236329935));
#9696=CARTESIAN_POINT('',(0.00653290083410565,0.0289,-0.0101405236329935));
#9697=CARTESIAN_POINT('',(0.00678680265669028,0.0287,-0.0103405236155704));
#9698=CARTESIAN_POINT('',(0.00680188443851535,0.028699999999995,-0.0101405236122625));
#9699=CARTESIAN_POINT('',(0.00680188443851503,0.0288999999999965,-0.0101405236329935));
#9700=CARTESIAN_POINT('',(0.00729597630161004,0.0287,-0.010394958307971));
#9701=CARTESIAN_POINT('',(0.00735042060236854,0.0286999999999969,-0.0101962572356691));
#9702=CARTESIAN_POINT('',(0.00735042060318526,0.0289000000000018,-0.0101962572244904));
#9703=CARTESIAN_POINT('',(0.00774614337407839,0.0287,-0.0106486570797848));
#9704=CARTESIAN_POINT('',(0.00786372748485056,0.0287000000000113,-0.0104833984732499));
#9705=CARTESIAN_POINT('',(0.00786372748321744,0.0289,-0.0104833984748763));
#9706=CARTESIAN_POINT('',(0.00792669727212228,0.0287,-0.0108292109762558));
#9707=CARTESIAN_POINT('',(0.00806811862835959,0.0287,-0.0106877896200185));
#9708=CARTESIAN_POINT('',(0.00806811862835959,0.0289,-0.0106877896200185));
#9709=CARTESIAN_POINT('',(0.00653290083410565,0.0289,-0.0103405236329935));
#9710=CARTESIAN_POINT('',(0.01475,0.0289,-0.014175));
#9711=CARTESIAN_POINT('',(0.0054354031510658,0.0289,-0.014175));
#9712=CARTESIAN_POINT('',(0.01475,0.0289,-0.0103405236329935));
#9713=CARTESIAN_POINT('',(0.0054354031510658,0.0289,-0.0103405236329935));
#9714=CARTESIAN_POINT('',(0.0054354031510658,0.0289,-0.0081875));
#9715=CARTESIAN_POINT('',(0.01475,0.0289,-0.0032));
#9716=CARTESIAN_POINT('',(0.02375,0.0289,-0.0032));
#9717=CARTESIAN_POINT('',(0.012,0.0289,-0.0032));
#9718=CARTESIAN_POINT('',(0.012,0.0289,-0.005));
#9719=CARTESIAN_POINT('',(0.0102,0.0289,-0.005));
#9720=CARTESIAN_POINT('',(0.02375,0.0289,-0.005));
#9721=CARTESIAN_POINT('',(0.02555,0.0289,-0.005));
#9722=CARTESIAN_POINT('',(0.0102,0.0289,-0.0081875));
#9723=CARTESIAN_POINT('',(0.0102,0.0289,-0.012375));
#9724=CARTESIAN_POINT('',(0.02555,0.0289,-0.0086875));
#9725=CARTESIAN_POINT('',(0.02555,0.0289,-0.012375));
#9726=CARTESIAN_POINT('',(0.012,0.0289,-0.012375));
#9727=CARTESIAN_POINT('',(0.012,0.0289,-0.014175));
#9728=CARTESIAN_POINT('',(0.02375,0.0289,-0.012375));
#9729=CARTESIAN_POINT('',(0.02375,0.0289,-0.014175));
#9730=CARTESIAN_POINT('',(0.017875,0.0289,-0.014175));
#9731=CARTESIAN_POINT('',(0.,0.,0.));
#9732=CARTESIAN_POINT('',(-0.229067621135331,0.02765,-0.012125));
#9733=CARTESIAN_POINT('',(0.02775,0.02765,-0.00845637084989846));
#9734=CARTESIAN_POINT('',(0.02775,0.02765,-0.0110356961258558));
#9735=CARTESIAN_POINT('',(0.02775,0.02765,-0.0139));
#9736=CARTESIAN_POINT('',(-0.229067621135331,0.02765,-0.0110356961258558));
#9737=CARTESIAN_POINT('',(0.0295,0.02765,-0.0110356961258558));
#9738=CARTESIAN_POINT('',(0.0295,0.02765,-0.00827071067811864));
#9739=CARTESIAN_POINT('',(0.0295,0.02765,-0.0139));
#9740=CARTESIAN_POINT('',(-0.229067621135331,0.02765,-0.0139));
#9741=CARTESIAN_POINT('',(-0.229067621135331,0.00135,-0.012125));
#9742=CARTESIAN_POINT('',(-0.229067621135331,0.00135,-0.000899999999999963));
#9743=CARTESIAN_POINT('',(0.0214585786437627,0.00135,-0.0009));
#9744=CARTESIAN_POINT('',(0.00657150534320072,0.00135,-0.0009));
#9745=CARTESIAN_POINT('',(0.00657150534320073,0.00135,-0.0059));
#9746=CARTESIAN_POINT('',(0.00557651790609411,0.00134999999999997,-0.001));
#9747=CARTESIAN_POINT('',(0.0140436291501015,0.00134999999999997,-0.001));
#9748=CARTESIAN_POINT('',(0.026737258300203,0.00134999999999997,-0.001));
#9749=CARTESIAN_POINT('',(-0.0956026814175639,0.00135,0.121339939717767));
#9750=CARTESIAN_POINT('',(0.025737258300203,0.00134999999999997,0.));
#9751=CARTESIAN_POINT('',(0.0278042893218814,0.00134999999999997,0.));
#9752=CARTESIAN_POINT('',(0.0223585786437627,0.00134999999999997,0.));
#9753=CARTESIAN_POINT('',(0.0219085786437627,0.00135,-0.00045));
#9754=CARTESIAN_POINT('',(0.0278042893218814,0.274217621135332,0.));
#9755=CARTESIAN_POINT('',(0.007625,0.02615,0.));
#9756=CARTESIAN_POINT('',(0.004,0.02615,0.));
#9757=CARTESIAN_POINT('',(0.00664595037822609,0.02615,0.));
#9758=CARTESIAN_POINT('',(0.00664595037822609,0.02715,0.));
#9759=CARTESIAN_POINT('',(0.00757297518911304,0.026775,0.));
#9760=CARTESIAN_POINT('',(0.0085,0.0264,0.));
#9761=CARTESIAN_POINT('',(0.0085,0.0274,0.));
#9762=CARTESIAN_POINT('',(0.01,0.0274,0.));
#9763=CARTESIAN_POINT('',(0.0115,0.0274,0.));
#9764=CARTESIAN_POINT('',(0.0115,0.0264,0.));
#9765=CARTESIAN_POINT('',(0.0125,0.0264,0.));
#9766=CARTESIAN_POINT('',(0.0125,0.02465,0.));
#9767=CARTESIAN_POINT('',(0.0125,0.0244,0.));
#9768=CARTESIAN_POINT('',(0.01125,0.0244,0.));
#9769=CARTESIAN_POINT('',(0.01125,0.02315,0.));
#9770=CARTESIAN_POINT('',(0.007625,0.02315,0.));
#9771=CARTESIAN_POINT('',(0.004,0.02315,0.));
#9772=CARTESIAN_POINT('',(0.004,0.0244,0.));
#9773=CARTESIAN_POINT('',(0.00275,0.0244,0.));
#9774=CARTESIAN_POINT('',(0.00275,0.02465,0.));
#9775=CARTESIAN_POINT('',(0.00275,0.0249,0.));
#9776=CARTESIAN_POINT('',(0.004,0.0249,0.));
#9777=CARTESIAN_POINT('',(0.0255,0.00835,0.));
#9778=CARTESIAN_POINT('',(0.0255,0.00885,0.));
#9779=CARTESIAN_POINT('',(0.025,0.00835,0.));
#9780=CARTESIAN_POINT('',(0.02575,0.00885,0.));
#9781=CARTESIAN_POINT('',(0.026,0.00885,0.));
#9782=CARTESIAN_POINT('',(0.026,0.00835,0.));
#9783=CARTESIAN_POINT('',(0.0265,0.00835,0.));
#9784=CARTESIAN_POINT('',(0.0265,0.00635,0.));
#9785=CARTESIAN_POINT('',(0.0265,0.00435,0.));
#9786=CARTESIAN_POINT('',(0.026,0.00435,0.));
#9787=CARTESIAN_POINT('',(0.026,0.00385,0.));
#9788=CARTESIAN_POINT('',(0.02575,0.00385,0.));
#9789=CARTESIAN_POINT('',(0.0255,0.00385,0.));
#9790=CARTESIAN_POINT('',(0.0255,0.00435,0.));
#9791=CARTESIAN_POINT('',(0.025,0.00435,0.));
#9792=CARTESIAN_POINT('',(0.025,0.00635,0.));
#9793=CARTESIAN_POINT('',(0.00235,0.00235,0.));
#9794=CARTESIAN_POINT('',(0.00135,0.00235,0.));
#9795=CARTESIAN_POINT('',(0.00235,0.00135,-6.16283340149643E-20));
#9796=CARTESIAN_POINT('',(0.01475,0.00135,0.));
#9797=CARTESIAN_POINT('',(0.00484852813742385,0.00135,0.));
#9798=CARTESIAN_POINT('',(0.00484852813742385,0.001352,0.));
#9799=CARTESIAN_POINT('',(0.00484852813742385,0.,0.));
#9800=CARTESIAN_POINT('',(0.01475,0.,0.));
#9801=CARTESIAN_POINT('',(0.0223585786437627,-1.27054942088145E-21,-6.16283340149643E-20));
#9802=CARTESIAN_POINT('',(0.0223585786437627,-2.00000000002477E-06,-6.17196352505432E-20));
#9803=CARTESIAN_POINT('',(0.155746309162011,0.0932802814800079,0.));
#9804=CARTESIAN_POINT('',(0.0278585786437627,0.00284999999999996,0.));
#9805=CARTESIAN_POINT('',(0.0278585786437627,0.274217621135332,0.));
#9806=CARTESIAN_POINT('',(0.0278585786437627,0.02615,0.));
#9807=CARTESIAN_POINT('',(-0.0891178123025628,0.108864799276873,0.));
#9808=CARTESIAN_POINT('',(0.025737258300203,0.02765,0.));
#9809=CARTESIAN_POINT('',(0.0278042893218814,0.02765,0.));
#9810=CARTESIAN_POINT('',(0.0206085786437628,0.02765,0.));
#9811=CARTESIAN_POINT('',(0.0206085786437628,0.029002,0.));
#9812=CARTESIAN_POINT('',(0.0206085786437628,0.029,0.));
#9813=CARTESIAN_POINT('',(0.01475,0.029,0.));
#9814=CARTESIAN_POINT('',(0.00489142135623727,0.029,4.60785923306339E-19));
#9815=CARTESIAN_POINT('',(0.00489142135623727,0.029002,4.60785923306339E-19));
#9816=CARTESIAN_POINT('',(0.00489142135623727,0.02765,4.60785923306339E-19));
#9817=CARTESIAN_POINT('',(0.0278042893218814,0.02765,0.));
#9818=CARTESIAN_POINT('',(0.00235,0.02765,0.));
#9819=CARTESIAN_POINT('',(0.00235,0.02665,0.));
#9820=CARTESIAN_POINT('',(0.00135,0.02665,0.));
#9821=CARTESIAN_POINT('',(0.00135,0.274217621135332,0.));
#9822=CARTESIAN_POINT('',(0.00135,0.0223845299461621,-1.38777878078145E-17));
#9823=CARTESIAN_POINT('',(0.0001,0.0223845299461621,2.71050543121378E-19));
#9824=CARTESIAN_POINT('',(0.00035,0.0223845299461621,2.16840434497102E-19));
#9825=CARTESIAN_POINT('',(0.00035,0.274217621135332,0.));
#9826=CARTESIAN_POINT('',(0.00035,0.0186154700538379,2.16840434497102E-19));
#9827=CARTESIAN_POINT('',(0.0001,0.0186154700538379,2.71050543121378E-19));
#9828=CARTESIAN_POINT('',(0.00135,0.018615470053838,8.94466792300541E-18));
#9829=CARTESIAN_POINT('',(0.00135,0.274217621135332,0.));
#9830=CARTESIAN_POINT('',(0.00135,0.0103845299461621,1.68051336735253E-18));
#9831=CARTESIAN_POINT('',(0.0001,0.0103845299461621,2.71050543121378E-19));
#9832=CARTESIAN_POINT('',(0.00035,0.0103845299461621,2.16840434497102E-19));
#9833=CARTESIAN_POINT('',(0.00035,0.274217621135332,0.));
#9834=CARTESIAN_POINT('',(0.00035,0.00661547005383789,2.16840434497102E-19));
#9835=CARTESIAN_POINT('',(0.0001,0.00661547005383789,2.71050543121378E-19));
#9836=CARTESIAN_POINT('',(0.00135,0.0066154700538379,-5.31259064517897E-18));
#9837=CARTESIAN_POINT('',(0.00135,0.274217621135332,0.));
#9838=CARTESIAN_POINT('',(0.0295,0.,-0.0081875));
#9839=CARTESIAN_POINT('',(0.00439852813742385,0.,-0.00045));
#9840=CARTESIAN_POINT('',(0.00358994949366117,-1.27054942088145E-21,-0.00125857864376268));
#9841=CARTESIAN_POINT('',(0.00373137084989848,-4.2351647362715E-22,-0.0014));
#9842=CARTESIAN_POINT('',(0.00379977487856361,-1.27054942088145E-21,-0.00158793852415718));
#9843=CARTESIAN_POINT('',(0.00474482265911101,0.,-0.00124396926207858));
#9844=CARTESIAN_POINT('',(0.00486140462657239,0.,-0.00120153689607045));
#9845=CARTESIAN_POINT('',(0.00657150534320073,0.,-0.0059));
#9846=CARTESIAN_POINT('',(0.00657150534320073,0.,-0.0009));
#9847=CARTESIAN_POINT('',(0.01475,0.,-0.0009));
#9848=CARTESIAN_POINT('',(0.0214585786437627,-8.470329472543E-22,-0.0009));
#9849=CARTESIAN_POINT('',(0.0219085786437627,0.,-0.00045));
#9850=CARTESIAN_POINT('',(0.01475,-2.000000000002E-06,-0.0009));
#9851=CARTESIAN_POINT('',(0.00657150534320073,0.00135,-0.0009));
#9852=CARTESIAN_POINT('',(0.0214585786437627,-2.00000000000048E-06,-0.0009));
#9853=CARTESIAN_POINT('',(0.007625,0.02615,-0.016152));
#9854=CARTESIAN_POINT('',(0.007625,0.02615,-0.001));
#9855=CARTESIAN_POINT('',(0.00664595037822609,0.02615,-0.001));
#9856=CARTESIAN_POINT('',(0.004,0.02615,-0.001));
#9857=CARTESIAN_POINT('',(0.00664595037822609,0.02615,0.));
#9858=CARTESIAN_POINT('',(0.004,0.02615,-0.016152));
#9859=CARTESIAN_POINT('',(0.0140436291501015,0.274217621135332,-0.001));
#9860=CARTESIAN_POINT('',(0.00135,0.274217621135332,-0.001));
#9861=CARTESIAN_POINT('',(0.00135,0.02665,-0.001));
#9862=CARTESIAN_POINT('',(0.00135,0.0227886751345948,-0.001));
#9863=CARTESIAN_POINT('',(0.00235,0.02665,-0.001));
#9864=CARTESIAN_POINT('',(0.00235,0.02765,-0.001));
#9865=CARTESIAN_POINT('',(0.0140436291501015,0.02765,-0.001));
#9866=CARTESIAN_POINT('',(0.026737258300203,0.02765,-0.001));
#9867=CARTESIAN_POINT('',(0.026737258300203,0.274217621135332,-0.001));
#9868=CARTESIAN_POINT('',(0.0140436291501015,0.00134999999999997,-0.001));
#9869=CARTESIAN_POINT('',(0.00384852813742386,0.00135,-0.001));
#9870=CARTESIAN_POINT('',(0.0140436291501015,0.00134999999999997,-0.001));
#9871=CARTESIAN_POINT('',(0.00235,0.00134999999999997,-0.001));
#9872=CARTESIAN_POINT('',(0.00235,0.00235,-0.001));
#9873=CARTESIAN_POINT('',(0.00135,0.00235,-0.001));
#9874=CARTESIAN_POINT('',(0.00135,0.274217621135332,-0.001));
#9875=CARTESIAN_POINT('',(0.00135,0.00621132486540518,-0.001));
#9876=CARTESIAN_POINT('',(0.0140436291501016,0.00621132486540515,-0.001));
#9877=CARTESIAN_POINT('',(0.0001,0.00621132486540515,-0.001));
#9878=CARTESIAN_POINT('',(0.0001,0.274217621135332,-0.001));
#9879=CARTESIAN_POINT('',(0.0001,0.0107886751345949,-0.001));
#9880=CARTESIAN_POINT('',(0.0140436291501015,0.0107886751345949,-0.001));
#9881=CARTESIAN_POINT('',(0.00135,0.0107886751345949,-0.001));
#9882=CARTESIAN_POINT('',(0.00135,0.274217621135332,-0.001));
#9883=CARTESIAN_POINT('',(0.00135,0.0182113248654052,-0.001));
#9884=CARTESIAN_POINT('',(0.0140436291501016,0.0182113248654051,-0.001));
#9885=CARTESIAN_POINT('',(0.0001,0.0182113248654051,-0.001));
#9886=CARTESIAN_POINT('',(0.0001,0.274217621135332,-0.001));
#9887=CARTESIAN_POINT('',(0.0001,0.0227886751345948,-0.001));
#9888=CARTESIAN_POINT('',(0.0140436291501015,0.0227886751345948,-0.001));
#9889=CARTESIAN_POINT('',(0.02575,0.00885,-0.001));
#9890=CARTESIAN_POINT('',(0.026,0.00885,-0.001));
#9891=CARTESIAN_POINT('',(0.0255,0.00885,-0.001));
#9892=CARTESIAN_POINT('',(0.0255,0.00835,-0.001));
#9893=CARTESIAN_POINT('',(0.025,0.00835,-0.001));
#9894=CARTESIAN_POINT('',(0.025,0.00635,-0.001));
#9895=CARTESIAN_POINT('',(0.025,0.00435,-0.001));
#9896=CARTESIAN_POINT('',(0.0255,0.00435,-0.001));
#9897=CARTESIAN_POINT('',(0.0255,0.00385,-0.001));
#9898=CARTESIAN_POINT('',(0.02575,0.00385,-0.001));
#9899=CARTESIAN_POINT('',(0.026,0.00385,-0.001));
#9900=CARTESIAN_POINT('',(0.026,0.00435,-0.001));
#9901=CARTESIAN_POINT('',(0.0265,0.00435,-0.001));
#9902=CARTESIAN_POINT('',(0.0265,0.00635,-0.001));
#9903=CARTESIAN_POINT('',(0.0265,0.00835,-0.001));
#9904=CARTESIAN_POINT('',(0.026,0.00835,-0.001));
#9905=CARTESIAN_POINT('',(0.0085,0.0264,-0.001));
#9906=CARTESIAN_POINT('',(0.00757297518911304,0.026775,-0.001));
#9907=CARTESIAN_POINT('',(0.0085,0.0274,-0.001));
#9908=CARTESIAN_POINT('',(0.00664595037822609,0.02715,-0.001));
#9909=CARTESIAN_POINT('',(0.004,0.0249,-0.001));
#9910=CARTESIAN_POINT('',(0.00275,0.0249,-0.001));
#9911=CARTESIAN_POINT('',(0.00275,0.02465,-0.001));
#9912=CARTESIAN_POINT('',(0.00275,0.0244,-0.001));
#9913=CARTESIAN_POINT('',(0.004,0.0244,-0.001));
#9914=CARTESIAN_POINT('',(0.004,0.02315,-0.001));
#9915=CARTESIAN_POINT('',(0.007625,0.02315,-0.001));
#9916=CARTESIAN_POINT('',(0.01125,0.02315,-0.001));
#9917=CARTESIAN_POINT('',(0.01125,0.0244,-0.001));
#9918=CARTESIAN_POINT('',(0.0125,0.0244,-0.001));
#9919=CARTESIAN_POINT('',(0.0125,0.02465,-0.001));
#9920=CARTESIAN_POINT('',(0.0125,0.0264,-0.001));
#9921=CARTESIAN_POINT('',(0.0115,0.0264,-0.001));
#9922=CARTESIAN_POINT('',(0.0115,0.0274,-0.001));
#9923=CARTESIAN_POINT('',(0.01,0.0274,-0.001));
#9924=CARTESIAN_POINT('',(-0.229067621135331,0.00135,-0.012125));
#9925=CARTESIAN_POINT('',(0.00439852813742385,0.00135,-0.00045));
#9926=CARTESIAN_POINT('',(0.00235,0.00135,-0.001));
#9927=CARTESIAN_POINT('',(-0.229067621135331,0.00135,-0.012125));
#9928=CARTESIAN_POINT('',(0.0295,0.00134999999999997,-0.00827071067811866));
#9929=CARTESIAN_POINT('',(0.0295,0.00134999999999997,-0.00376274169979697));
#9930=CARTESIAN_POINT('',(0.0295,0.00134999999999997,-0.0139));
#9931=CARTESIAN_POINT('',(-0.0956026814175639,0.00135,0.121339939717767));
#9932=CARTESIAN_POINT('',(0.02775,0.00134999999999997,-0.00201274169979694));
#9933=CARTESIAN_POINT('',(0.02775,0.00134999999999997,-0.00845637084989848));
#9934=CARTESIAN_POINT('',(0.02775,0.00134999999999997,-0.0139));
#9935=CARTESIAN_POINT('',(0.0295,0.00135,-0.0139));
#9936=CARTESIAN_POINT('',(-0.229067621135331,0.02765,-0.012125));
#9937=CARTESIAN_POINT('',(0.00534142135623727,0.02765,-0.00045));
#9938=CARTESIAN_POINT('',(0.00579142135623727,0.02765,-0.0009));
#9939=CARTESIAN_POINT('',(-0.229067621135331,0.02765,-0.000899999999999963));
#9940=CARTESIAN_POINT('',(0.0197085786437627,0.02765,-0.0009));
#9941=CARTESIAN_POINT('',(0.0201792893218814,0.02765,-0.000429289321881358));
#9942=CARTESIAN_POINT('',(0.0284393398282201,0.02765,-0.00270208152801715));
#9943=CARTESIAN_POINT('',(0.00235,0.02765,-0.012125));
#9944=CARTESIAN_POINT('',(0.00135,0.274217621135332,-0.0005));
#9945=CARTESIAN_POINT('',(0.00135,0.00235,2.16840434497101E-19));
#9946=CARTESIAN_POINT('',(0.00135,0.0063267949192431,-0.0005));
#9947=CARTESIAN_POINT('',(0.00135,0.00612472232502674,-0.00085));
#9948=CARTESIAN_POINT('',(0.00135,0.00621132486540518,-0.0009));
#9949=CARTESIAN_POINT('',(0.00135,0.274217621135332,-0.0005));
#9950=CARTESIAN_POINT('',(0.00135,0.0106732050807569,-0.0005));
#9951=CARTESIAN_POINT('',(0.00135,0.0108752776749733,-0.00085));
#9952=CARTESIAN_POINT('',(0.00135,0.0183267949192431,-0.0005));
#9953=CARTESIAN_POINT('',(0.00135,0.0181247223250268,-0.00085));
#9954=CARTESIAN_POINT('',(0.00135,0.0182113248654052,-0.0009));
#9955=CARTESIAN_POINT('',(0.00135,0.0107886751345949,-0.0009));
#9956=CARTESIAN_POINT('',(0.00135,0.274217621135332,-0.0005));
#9957=CARTESIAN_POINT('',(0.00135,0.02665,-0.0005));
#9958=CARTESIAN_POINT('',(0.00135,0.0227886751345948,-0.0009));
#9959=CARTESIAN_POINT('',(0.00135,0.0228752776749733,-0.00085));
#9960=CARTESIAN_POINT('',(0.00135,0.0226732050807569,-0.0005));
#9961=CARTESIAN_POINT('',(0.028625,0.274217621135332,-0.0149));
#9962=CARTESIAN_POINT('',(0.02775,0.274217621135332,-0.0149));
#9963=CARTESIAN_POINT('',(0.02775,0.02665,-0.0149));
#9964=CARTESIAN_POINT('',(0.02775,0.025221687836487,-0.0149));
#9965=CARTESIAN_POINT('',(0.028625,0.02665,-0.0149));
#9966=CARTESIAN_POINT('',(0.0295,0.02665,-0.0149));
#9967=CARTESIAN_POINT('',(0.0295,0.274217621135332,-0.0149));
#9968=CARTESIAN_POINT('',(0.0295,0.0243845299461621,-0.0149));
#9969=CARTESIAN_POINT('',(0.028625,0.024889711431703,-0.0149));
#9970=CARTESIAN_POINT('',(0.0279,0.0253082903768655,-0.0149));
#9971=CARTESIAN_POINT('',(0.02785,0.025221687836487,-0.0149));
#9972=CARTESIAN_POINT('',(0.028625,0.274217621135332,-0.0149));
#9973=CARTESIAN_POINT('',(0.02775,0.274217621135332,-0.0149));
#9974=CARTESIAN_POINT('',(0.02775,0.018893782217351,-0.0149));
#9975=CARTESIAN_POINT('',(0.02775,0.0101062177826491,-0.0149));
#9976=CARTESIAN_POINT('',(0.02785,0.018893782217351,-0.0149));
#9977=CARTESIAN_POINT('',(0.0279,0.0188071796769725,-0.0149));
#9978=CARTESIAN_POINT('',(0.028625,0.0192257586221349,-0.0149));
#9979=CARTESIAN_POINT('',(0.0295,0.0197309401076759,-0.0149));
#9980=CARTESIAN_POINT('',(0.0295,0.274217621135332,-0.0149));
#9981=CARTESIAN_POINT('',(0.0295,0.00926905989232413,-0.0149));
#9982=CARTESIAN_POINT('',(0.028625,0.00977424137786508,-0.0149));
#9983=CARTESIAN_POINT('',(0.0279,0.0101928203230275,-0.0149));
#9984=CARTESIAN_POINT('',(0.02785,0.0101062177826491,-0.0149));
#9985=CARTESIAN_POINT('',(-0.229067621135331,0.02765,-0.012125));
#9986=CARTESIAN_POINT('',(0.0295,0.02765,-0.00827071067811864));
#9987=CARTESIAN_POINT('',(0.0295,0.02765,-0.003762741699797));
#9988=CARTESIAN_POINT('',(0.0295,0.02765,-0.00471430387414416));
#9989=CARTESIAN_POINT('',(-0.229067621135331,0.02765,-0.00471430387414416));
#9990=CARTESIAN_POINT('',(0.02775,0.02765,-0.00471430387414416));
#9991=CARTESIAN_POINT('',(0.02775,0.02765,-0.00845637084989846));
#9992=CARTESIAN_POINT('',(0.02775,0.02765,-0.00201274169979694));
#9993=CARTESIAN_POINT('',(0.0284393398282201,0.02765,-0.00270208152801715));
#9994=CARTESIAN_POINT('',(0.0272436291501016,0.274217621135332,-0.00150637084989847));
#9995=CARTESIAN_POINT('',(0.0272436291501016,0.02765,-0.00150637084989847));
#9996=CARTESIAN_POINT('',(0.02775,0.274217621135332,-0.00201274169979694));
#9997=CARTESIAN_POINT('',(0.0272436291501016,0.00134999999999997,-0.00150637084989848));
#9998=CARTESIAN_POINT('',(0.0291792893218814,0.274217621135332,-0.00132071067811865));
#9999=CARTESIAN_POINT('',(0.0295,0.274217621135332,-0.0016414213562373));
#10000=CARTESIAN_POINT('',(0.0295,0.02615,-0.0016414213562373));
#10001=CARTESIAN_POINT('',(0.0295,0.00284999999999996,-0.0016414213562373));
#10002=CARTESIAN_POINT('',(0.0278585786437627,0.02615,-6.35110928287637E-20));
#10003=CARTESIAN_POINT('',(0.0291792893218814,0.00284999999999996,-0.00132071067811865));
#10004=CARTESIAN_POINT('',(0.02775,0.274217621135332,-0.00845637084989846));
#10005=CARTESIAN_POINT('',(0.02775,0.026375,-0.007875));
#10006=CARTESIAN_POINT('',(0.02775,0.026375,-0.008725));
#10007=CARTESIAN_POINT('',(0.02775,0.0294,-0.00471430387414416));
#10008=CARTESIAN_POINT('',(0.02775,0.02819,-0.00597858232448649));
#10009=CARTESIAN_POINT('',(0.02775,0.026375,-0.007875));
#10010=CARTESIAN_POINT('',(0.02775,0.02819,-0.00977141767551348));
#10011=CARTESIAN_POINT('',(0.02775,0.0294,-0.0110356961258558));
#10012=CARTESIAN_POINT('',(0.02775,0.02665,-0.0139));
#10013=CARTESIAN_POINT('',(0.02775,0.025221687836487,-0.01615));
#10014=CARTESIAN_POINT('',(0.02775,0.025221687836487,-0.0159));
#10015=CARTESIAN_POINT('',(0.02775,0.018893782217351,-0.0159));
#10016=CARTESIAN_POINT('',(0.02775,0.018893782217351,-0.0159));
#10017=CARTESIAN_POINT('',(0.02775,0.018893782217351,-0.0149));
#10018=CARTESIAN_POINT('',(0.02775,0.0101062177826491,-0.01615));
#10019=CARTESIAN_POINT('',(0.02775,0.0101062177826491,-0.0159));
#10020=CARTESIAN_POINT('',(0.02775,0.00377831216351299,-0.0159));
#10021=CARTESIAN_POINT('',(0.02775,0.00377831216351299,-0.0159));
#10022=CARTESIAN_POINT('',(0.02775,0.00377831216351299,-0.0149));
#10023=CARTESIAN_POINT('',(0.02775,0.00377831216351299,-0.0149));
#10024=CARTESIAN_POINT('',(0.02775,0.274217621135332,-0.0149));
#10025=CARTESIAN_POINT('',(0.02775,0.00235,-0.0149));
#10026=CARTESIAN_POINT('',(0.02775,0.00235,-0.0139));
#10027=CARTESIAN_POINT('',(0.0295,0.274217621135332,-0.00827071067811864));
#10028=CARTESIAN_POINT('',(0.0295,0.0294,-0.0110356961258558));
#10029=CARTESIAN_POINT('',(0.0295,0.02819,-0.00977141767551348));
#10030=CARTESIAN_POINT('',(0.0295,0.026375,-0.007875));
#10031=CARTESIAN_POINT('',(0.0295,0.02819,-0.00597858232448649));
#10032=CARTESIAN_POINT('',(0.0295,0.0294,-0.00471430387414416));
#10033=CARTESIAN_POINT('',(0.0295,0.111964284001074,-0.123001145635896));
#10034=CARTESIAN_POINT('',(0.0295,0.0901807967558065,0.121862975828677));
#10035=CARTESIAN_POINT('',(0.0295,0.00235,-0.0139));
#10036=CARTESIAN_POINT('',(0.0295,0.00235,-0.0149));
#10037=CARTESIAN_POINT('',(0.0295,0.274217621135332,-0.0149));
#10038=CARTESIAN_POINT('',(0.0295,0.00461547005383797,-0.0149));
#10039=CARTESIAN_POINT('',(0.0295,0.00461547005383795,-0.01615));
#10040=CARTESIAN_POINT('',(0.0295,0.00461547005383795,-0.0159));
#10041=CARTESIAN_POINT('',(0.0295,0.274217621135332,-0.0159));
#10042=CARTESIAN_POINT('',(0.0295,0.00926905989232413,-0.0159));
#10043=CARTESIAN_POINT('',(0.0295,0.00926905989232413,-0.01615));
#10044=CARTESIAN_POINT('',(0.0295,0.0197309401076758,-0.01615));
#10045=CARTESIAN_POINT('',(0.0295,0.0197309401076758,-0.0159));
#10046=CARTESIAN_POINT('',(0.0295,0.274217621135332,-0.0159));
#10047=CARTESIAN_POINT('',(0.0295,0.0243845299461621,-0.0159));
#10048=CARTESIAN_POINT('',(0.0295,0.0243845299461621,-0.01615));
#10049=CARTESIAN_POINT('',(0.0295,0.02665,-0.0139));
#10050=CARTESIAN_POINT('',(0.0295,0.026375,-0.007875));
#10051=CARTESIAN_POINT('',(0.0295,0.026375,-0.008725));
#10052=CARTESIAN_POINT('',(0.028625,0.274217621135332,-0.0149));
#10053=CARTESIAN_POINT('',(0.02775,0.00235,-0.0149));
#10054=CARTESIAN_POINT('',(0.02785,0.00377831216351299,-0.0149));
#10055=CARTESIAN_POINT('',(0.0279,0.00369170962313454,-0.0149));
#10056=CARTESIAN_POINT('',(0.028625,0.00411028856829701,-0.0149));
#10057=CARTESIAN_POINT('',(0.01475,-2.000000000002E-06,-0.0009));
#10058=CARTESIAN_POINT('',(0.01475,0.029,-0.0009));
#10059=CARTESIAN_POINT('',(0.0197085786437627,0.029,-0.0009));
#10060=CARTESIAN_POINT('',(0.00579142135623727,0.029,-0.0009));
#10061=CARTESIAN_POINT('',(0.0197085786437627,0.029002,-0.0009));
#10062=CARTESIAN_POINT('',(0.00579142135623727,0.029002,-0.0009));
#10063=CARTESIAN_POINT('',(0.0295,0.029,-0.0081875));
#10064=CARTESIAN_POINT('',(0.0201792893218814,0.029,-0.000429289321881358));
#10065=CARTESIAN_POINT('',(0.00534142135623727,0.029,-0.00045));
#10066=CARTESIAN_POINT('',(0.028625,0.00977424137786508,-0.01615));
#10067=CARTESIAN_POINT('',(0.028625,0.00977424137786508,-0.01615));
#10068=CARTESIAN_POINT('',(0.02925,0.00941339745962156,-0.01615));
#10069=CARTESIAN_POINT('',(0.028,0.0101350852961086,-0.01615));
#10070=CARTESIAN_POINT('',(0.0283571428571428,0.00992888877139801,-0.0165071428571428));
#10071=CARTESIAN_POINT('',(0.0279,0.0101928203230275,-0.01605));
#10072=CARTESIAN_POINT('',(0.0279,0.0101928203230275,-0.0149));
#10073=CARTESIAN_POINT('',(0.02925,0.00941339745962156,-0.0159));
#10074=CARTESIAN_POINT('',(0.028625,0.00411028856829701,-0.01615));
#10075=CARTESIAN_POINT('',(0.0279,0.00369170962313454,-0.01615));
#10076=CARTESIAN_POINT('',(0.0279,0.00369170962313454,-0.01605));
#10077=CARTESIAN_POINT('',(0.0283571428571428,0.00395564117476408,-0.0165071428571428));
#10078=CARTESIAN_POINT('',(0.028,0.00374944465005349,-0.01615));
#10079=CARTESIAN_POINT('',(0.028625,0.00411028856829701,-0.01615));
#10080=CARTESIAN_POINT('',(0.02925,0.00447113248654052,-0.01615));
#10081=CARTESIAN_POINT('',(0.02925,0.00447113248654052,-0.0159));
#10082=CARTESIAN_POINT('',(0.028625,0.0145,-0.01615));
#10083=CARTESIAN_POINT('',(0.028,0.0101062177826491,-0.01615));
#10084=CARTESIAN_POINT('',(0.02925,0.0145,-0.01615));
#10085=CARTESIAN_POINT('',(0.028625,0.024889711431703,-0.01615));
#10086=CARTESIAN_POINT('',(0.028625,0.024889711431703,-0.01615));
#10087=CARTESIAN_POINT('',(0.02925,0.0245288675134595,-0.01615));
#10088=CARTESIAN_POINT('',(0.028,0.0252505553499465,-0.01615));
#10089=CARTESIAN_POINT('',(0.0283571428571428,0.0250443588252359,-0.0165071428571428));
#10090=CARTESIAN_POINT('',(0.0279,0.0253082903768655,-0.01605));
#10091=CARTESIAN_POINT('',(0.0279,0.0253082903768655,-0.0149));
#10092=CARTESIAN_POINT('',(0.02925,0.0245288675134595,-0.0159));
#10093=CARTESIAN_POINT('',(0.028625,0.0192257586221349,-0.01615));
#10094=CARTESIAN_POINT('',(0.0279,0.0188071796769725,-0.01615));
#10095=CARTESIAN_POINT('',(0.0279,0.0188071796769725,-0.01605));
#10096=CARTESIAN_POINT('',(0.0283571428571428,0.019071111228602,-0.0165071428571428));
#10097=CARTESIAN_POINT('',(0.028,0.0188649147038914,-0.01615));
#10098=CARTESIAN_POINT('',(0.028625,0.0192257586221349,-0.01615));
#10099=CARTESIAN_POINT('',(0.02925,0.0195866025403785,-0.01615));
#10100=CARTESIAN_POINT('',(0.02925,0.0195866025403785,-0.0159));
#10101=CARTESIAN_POINT('',(0.028625,0.0145,-0.01615));
#10102=CARTESIAN_POINT('',(0.028,0.025221687836487,-0.01615));
#10103=CARTESIAN_POINT('',(0.02925,0.0145,-0.01615));
#10104=CARTESIAN_POINT('',(0.0001,0.0226732050807569,-0.0005));
#10105=CARTESIAN_POINT('',(0.0001,0.0228752776749733,-0.00085));
#10106=CARTESIAN_POINT('',(0.0001,0.0228752776749733,-0.00085));
#10107=CARTESIAN_POINT('',(0.0001,0.0226732050807569,-0.0005));
#10108=CARTESIAN_POINT('',(0.0001,0.0225288675134595,-0.00025));
#10109=CARTESIAN_POINT('',(0.00035,0.0225288675134594,-0.00025));
#10110=CARTESIAN_POINT('',(0.0001,0.0183267949192431,-0.0005));
#10111=CARTESIAN_POINT('',(0.0001,0.0183267949192431,-0.0005));
#10112=CARTESIAN_POINT('',(0.0001,0.0181247223250268,-0.00085));
#10113=CARTESIAN_POINT('',(0.0001,0.0184711324865405,-0.00025));
#10114=CARTESIAN_POINT('',(0.0001,0.0181247223250268,-0.00085));
#10115=CARTESIAN_POINT('',(0.00035,0.0184711324865405,-0.00025));
#10116=CARTESIAN_POINT('',(0.0001,0.0145,-0.0005));
#10117=CARTESIAN_POINT('',(0.0001,0.0227886751345948,-0.0009));
#10118=CARTESIAN_POINT('',(0.0001,0.0182113248654052,-0.0009));
#10119=CARTESIAN_POINT('',(0.0001,0.0145,-0.00025));
#10120=CARTESIAN_POINT('',(0.0001,0.0106732050807569,-0.0005));
#10121=CARTESIAN_POINT('',(0.0001,0.0108752776749733,-0.00085));
#10122=CARTESIAN_POINT('',(0.0001,0.0108752776749733,-0.00085));
#10123=CARTESIAN_POINT('',(0.0001,0.0106732050807569,-0.0005));
#10124=CARTESIAN_POINT('',(0.0001,0.0105288675134595,-0.00025));
#10125=CARTESIAN_POINT('',(0.00035,0.0105288675134595,-0.00025));
#10126=CARTESIAN_POINT('',(0.0001,0.0063267949192431,-0.0005));
#10127=CARTESIAN_POINT('',(0.0001,0.0063267949192431,-0.0005));
#10128=CARTESIAN_POINT('',(0.0001,0.00612472232502674,-0.00085));
#10129=CARTESIAN_POINT('',(0.0001,0.00647113248654051,-0.00025));
#10130=CARTESIAN_POINT('',(0.0001,0.00612472232502674,-0.00085));
#10131=CARTESIAN_POINT('',(0.00035,0.00647113248654047,-0.00025));
#10132=CARTESIAN_POINT('',(0.0001,0.0145,-0.0005));
#10133=CARTESIAN_POINT('',(0.0001,0.0107886751345949,-0.0009));
#10134=CARTESIAN_POINT('',(0.0001,0.00621132486540518,-0.0009));
#10135=CARTESIAN_POINT('',(0.0001,0.0145,-0.00025));
#10136=CARTESIAN_POINT('',(0.00035,0.274217621135332,-0.00025));
#10137=CARTESIAN_POINT('',(0.00035,0.274217621135332,-0.00025));
#10138=CARTESIAN_POINT('',(0.02925,0.0145,-0.0159));
#10139=CARTESIAN_POINT('',(0.02925,0.0145,-0.0159));
#10140=CARTESIAN_POINT('',(0.0140436291501015,0.0227886751345948,-0.0009));
#10141=CARTESIAN_POINT('',(0.0001,0.0182113248654052,-0.0009));
#10142=CARTESIAN_POINT('',(0.0140436291501015,0.0107886751345949,-0.0009));
#10143=CARTESIAN_POINT('',(0.0001,0.00621132486540518,-0.0009));
#10144=CARTESIAN_POINT('',(0.02785,0.00377831216351299,-0.00845637084989846));
#10145=CARTESIAN_POINT('',(0.02785,0.00377831216351299,-0.016));
#10146=CARTESIAN_POINT('',(0.02785,0.0101062177826491,-0.01615));
#10147=CARTESIAN_POINT('',(0.02785,0.0101062177826491,-0.016));
#10148=CARTESIAN_POINT('',(0.02785,0.025221687836487,-0.01615));
#10149=CARTESIAN_POINT('',(0.02785,0.025221687836487,-0.016));
#10150=CARTESIAN_POINT('',(0.02785,0.018893782217351,-0.00845637084989846));
#10151=CARTESIAN_POINT('',(0.02785,0.018893782217351,-0.016));
#10152=CARTESIAN_POINT('',(0.02775,0.274217621135332,-0.0159));
#10153=CARTESIAN_POINT('',(0.02775,0.274217621135332,-0.0159));
#10154=CARTESIAN_POINT('',(0.00235,0.02665,-0.0005));
#10155=CARTESIAN_POINT('',(0.00235,0.00235,-0.012125));
#10156=CARTESIAN_POINT('',(0.028625,0.02665,-0.0139));
#10157=CARTESIAN_POINT('',(-0.229067621135331,0.00235,-0.0139));
#10158=CARTESIAN_POINT('',(-0.0956026814175639,0.02765,0.121339939717767));
#10159=CARTESIAN_POINT('',(0.0291792893218814,0.00284999999999996,-0.00132071067811865));
#10160=CARTESIAN_POINT('',(0.0219085786437627,-2.00000000000048E-06,-0.00045));
#10161=CARTESIAN_POINT('',(0.0255,0.00835,-0.016152));
#10162=CARTESIAN_POINT('',(0.0255,0.00885,-0.016152));
#10163=CARTESIAN_POINT('',(0.025,0.00835,-0.016152));
#10164=CARTESIAN_POINT('',(0.025,0.00635,-0.016152));
#10165=CARTESIAN_POINT('',(0.025,0.00435,-0.016152));
#10166=CARTESIAN_POINT('',(0.0255,0.00435,-0.016152));
#10167=CARTESIAN_POINT('',(0.0255,0.00385,-0.016152));
#10168=CARTESIAN_POINT('',(0.02575,0.00385,-0.016152));
#10169=CARTESIAN_POINT('',(0.026,0.00385,-0.016152));
#10170=CARTESIAN_POINT('',(0.026,0.00435,-0.016152));
#10171=CARTESIAN_POINT('',(0.0265,0.00435,-0.016152));
#10172=CARTESIAN_POINT('',(0.0265,0.00635,-0.016152));
#10173=CARTESIAN_POINT('',(0.0265,0.00835,-0.016152));
#10174=CARTESIAN_POINT('',(0.02575,0.00885,-0.016152));
#10175=CARTESIAN_POINT('',(0.026,0.00885,-0.016152));
#10176=CARTESIAN_POINT('',(0.026,0.00835,-0.016152));
#10177=CARTESIAN_POINT('',(0.004,0.0249,-0.016152));
#10178=CARTESIAN_POINT('',(0.00275,0.0249,-0.016152));
#10179=CARTESIAN_POINT('',(0.00275,0.02465,-0.016152));
#10180=CARTESIAN_POINT('',(0.00275,0.0244,-0.016152));
#10181=CARTESIAN_POINT('',(0.004,0.0244,-0.016152));
#10182=CARTESIAN_POINT('',(0.004,0.02315,-0.016152));
#10183=CARTESIAN_POINT('',(0.007625,0.02315,-0.016152));
#10184=CARTESIAN_POINT('',(0.01125,0.02315,-0.016152));
#10185=CARTESIAN_POINT('',(0.01125,0.0244,-0.016152));
#10186=CARTESIAN_POINT('',(0.0125,0.0244,-0.016152));
#10187=CARTESIAN_POINT('',(0.0125,0.02465,-0.016152));
#10188=CARTESIAN_POINT('',(0.0125,0.0264,-0.016152));
#10189=CARTESIAN_POINT('',(0.0201792893218814,0.029002,-0.000429289321881358));
#10190=CARTESIAN_POINT('',(0.00534142135623727,0.029002,-0.00045));
#10191=CARTESIAN_POINT('',(0.0115,0.0264,-0.016152));
#10192=CARTESIAN_POINT('',(0.0115,0.0274,-0.016152));
#10193=CARTESIAN_POINT('',(0.0085,0.0264,-0.016152));
#10194=CARTESIAN_POINT('',(0.00757297518911304,0.026775,-0.016152));
#10195=CARTESIAN_POINT('',(0.0085,0.0274,-0.016152));
#10196=CARTESIAN_POINT('',(0.01,0.0274,-0.016152));
#10197=CARTESIAN_POINT('',(0.00664595037822609,0.02715,-0.016152));
#10198=CARTESIAN_POINT('',(0.00439852813742385,0.001352,-0.00045));
#10199=CARTESIAN_POINT('',(0.00376923881554251,0.00135,-0.00107928932188134));
#10200=CARTESIAN_POINT('',(0.00358994949366117,0.00135,-0.00125857864376268));
#10201=CARTESIAN_POINT('',(0.00358994949366117,-2.00000000000048E-06,-0.00125857864376268));
#10202=CARTESIAN_POINT('',(0.0145436291501015,0.00135,-0.0008));
#10203=CARTESIAN_POINT('',(0.00657150534320073,0.00135,-0.0059));
#10204=CARTESIAN_POINT('',(0.00486140462657239,0.00135,-0.00120153689607045));
#10205=CARTESIAN_POINT('',(0.00474482265911101,0.00135,-0.00124396926207858));
#10206=CARTESIAN_POINT('',(0.00379977487856361,0.00135,-0.00158793852415718));
#10207=CARTESIAN_POINT('',(0.00373137084989848,0.00135,-0.0014));
#10208=CARTESIAN_POINT('',(0.00373137084989848,-2.00000000000048E-06,-0.0014));
#10209=CARTESIAN_POINT('',(0.00379977487856361,-2.00000000000048E-06,-0.00158793852415718));
#10210=CARTESIAN_POINT('',(0.00474482265911101,-2.00000000000048E-06,-0.00124396926207858));
#10211=CARTESIAN_POINT('',(0.00486140462657239,-1.03949943735878E-19,-0.00120153689607045));
#10212=CARTESIAN_POINT('',(0.00657150534320073,-2.00000000000303E-06,-0.0059));
#10213=CARTESIAN_POINT('',(0.0045,0.026375,-0.007875));
#10214=CARTESIAN_POINT('',(0.027748,0.026375,-0.007875));
#10215=CARTESIAN_POINT('',(0.027748,0.02819,-0.00977141767551348));
#10216=CARTESIAN_POINT('',(0.027748,0.02819,-0.00597858232448649));
#10217=CARTESIAN_POINT('',(0.027748,0.0294,-0.0110356961258558));
#10218=CARTESIAN_POINT('',(0.027748,0.0294,-0.00471430387414416));
#10219=MECHANICAL_DESIGN_GEOMETRIC_PRESENTATION_REPRESENTATION('',(#6024),#10221);
#10220=MECHANICAL_DESIGN_GEOMETRIC_PRESENTATION_REPRESENTATION('',(#6025),#10222);
#10221=(
GEOMETRIC_REPRESENTATION_CONTEXT(3)
GLOBAL_UNCERTAINTY_ASSIGNED_CONTEXT((#10223))
GLOBAL_UNIT_ASSIGNED_CONTEXT((#10229,#10227,#10225))
REPRESENTATION_CONTEXT('Body','TOP_LEVEL_ASSEMBLY_PART')
);
#10222=(
GEOMETRIC_REPRESENTATION_CONTEXT(3)
GLOBAL_UNCERTAINTY_ASSIGNED_CONTEXT((#10224))
GLOBAL_UNIT_ASSIGNED_CONTEXT((#10230,#10228,#10226))
REPRESENTATION_CONTEXT('Lid','TOP_LEVEL_ASSEMBLY_PART')
);
#10223=UNCERTAINTY_MEASURE_WITH_UNIT(LENGTH_MEASURE(2.E-05),#10229,'DISTANCE_ACCURACY_VALUE','Maximum Tolerance applied to model');
#10224=UNCERTAINTY_MEASURE_WITH_UNIT(LENGTH_MEASURE(1.E-08),#10230,'DISTANCE_ACCURACY_VALUE','Maximum Tolerance applied to model');
#10225=(
NAMED_UNIT(*)
SI_UNIT($,.STERADIAN.)
SOLID_ANGLE_UNIT()
);
#10226=(
NAMED_UNIT(*)
SI_UNIT($,.STERADIAN.)
SOLID_ANGLE_UNIT()
);
#10227=(
NAMED_UNIT(*)
PLANE_ANGLE_UNIT()
SI_UNIT($,.RADIAN.)
);
#10228=(
NAMED_UNIT(*)
PLANE_ANGLE_UNIT()
SI_UNIT($,.RADIAN.)
);
#10229=(
LENGTH_UNIT()
NAMED_UNIT(*)
SI_UNIT($,.METRE.)
);
#10230=(
LENGTH_UNIT()
NAMED_UNIT(*)
SI_UNIT($,.METRE.)
);
#10231=PRODUCT_DEFINITION_SHAPE('','',#10233);
#10232=PRODUCT_DEFINITION_SHAPE('','',#10234);
#10233=PRODUCT_DEFINITION('','',#10237,#10235);
#10234=PRODUCT_DEFINITION('','',#10238,#10236);
#10235=PRODUCT_DEFINITION_CONTEXT('',#10249,'design');
#10236=PRODUCT_DEFINITION_CONTEXT('',#10250,'design');
#10237=PRODUCT_DEFINITION_FORMATION_WITH_SPECIFIED_SOURCE('','',#10241,.NOT_KNOWN.);
#10238=PRODUCT_DEFINITION_FORMATION_WITH_SPECIFIED_SOURCE('','',#10242,.NOT_KNOWN.);
#10239=PRODUCT_RELATED_PRODUCT_CATEGORY('','',(#10241));
#10240=PRODUCT_RELATED_PRODUCT_CATEGORY('','',(#10242));
#10241=PRODUCT('Body','Body','Body',(#10245));
#10242=PRODUCT('Lid','Lid','Lid',(#10246));
#10243=PRODUCT_CATEGORY('','');
#10244=PRODUCT_CATEGORY('','');
#10245=PRODUCT_CONTEXT('',#10249,'mechanical');
#10246=PRODUCT_CONTEXT('',#10250,'mechanical');
#10247=APPLICATION_PROTOCOL_DEFINITION('international standard','ap242_managed_model_based_3d_engineering',2020,#10249);
#10248=APPLICATION_PROTOCOL_DEFINITION('international standard','ap242_managed_model_based_3d_engineering',2020,#10250);
#10249=APPLICATION_CONTEXT('managed model based 3d engineering');
#10250=APPLICATION_CONTEXT('managed model based 3d engineering');
ENDSEC;
END-ISO-10303-21;
