ISO-10303-21;
HEADER;
/*Generated by software containing ST-Developer
 * from STEP Tools, Inc. (www.steptools.com) 
 */
/*OPTION: using custom renumber hook */
/*description */
/*implementation_level */
FILE_DESCRIPTION(('STEP AP242 Edition 2','STEP AP242 Edition 2''CAx-IF Rec.Pracs.---Representation and Presentation of Product Manufa
cturing Information (PMI)---4.0---2014-10-13','STEP AP242 Edition 2''CAx-IF Rec.Pracs.---Representation and Presentation of Product Manufa
cturing Information (PMI)---4.0---2014-10-13''CAx-IF Rec.Pracs.---3D Tessellated Geometry---0.4---2014-09-14','STEP AP242 Edition 2''CAx-IF Rec.Pracs.---Representation and Presentation of Product Manufa
cturing Information (PMI)---4.0---2014-10-13''CAx-IF Rec.Pracs.---3D Tessellated Geometry---0.4---2014-09-14''2;1','STEP AP242 Edition 2''CAx-IF Rec.Pracs.---Representation and Presentation of Product Manufa
cturing Information (PMI)---4.0---2014-10-13''CAx-IF Rec.Pracs.---3D Tessellated Geometry---0.4---2014-09-14''2;1''CAx-IF Rec.Pracs.---User Defined Attributes---1.5---2016-08-15'),'2;1');
/*name */
/*time_stamp */
/*author */
/*organization */
/*preprocessor_version */
/*originating_system */
/*authorisation */
FILE_NAME('/vol/tmp/translate-15876616960630468884/TinZrWearableEnclosure - Body.step','2026-03-25T16:56:46',(''),(''),'ST-DEVELOPER v20','ONSHAPE BY PTC INC, 1.212','  ');
FILE_SCHEMA(('AP242_MANAGED_MODEL_BASED_3D_ENGINEERING_MIM_LF { 1 0 10303 442 3 1 4 }'));
ENDSEC;
DATA;
#10=SHAPE_REPRESENTATION_RELATIONSHIP('','',#4372,#11);
#11=ADVANCED_BREP_SHAPE_REPRESENTATION('',(#4370),#7429);
#12=TOROIDAL_SURFACE('',#4724,0.0018,0.0002);
#13=TOROIDAL_SURFACE('',#4726,0.0018,0.0002);
#14=TOROIDAL_SURFACE('',#4732,0.0018,0.0002);
#15=TOROIDAL_SURFACE('',#4734,0.0018,0.0002);
#16=B_SPLINE_SURFACE_WITH_KNOTS('',3,1,((#6993,#6994),(#6995,#6996),(#6997,
#6998),(#6999,#7000)),.SURF_OF_LINEAR_EXTRUSION.,.F.,.F.,.F.,(4,4),(2,2),(0.,1.),(0.,1.),.PIECEWISE_BEZIER_KNOTS.);
#17=B_SPLINE_SURFACE_WITH_KNOTS('',3,1,((#7009,#7010),(#7011,#7012),(#7013,
#7014),(#7015,#7016)),.SURF_OF_LINEAR_EXTRUSION.,.F.,.F.,.F.,(4,4),(2,2),(0.,1.),(0.,1.),.PIECEWISE_BEZIER_KNOTS.);
#18=B_SPLINE_SURFACE_WITH_KNOTS('',3,1,((#7023,#7024),(#7025,#7026),(#7027,
#7028),(#7029,#7030)),.SURF_OF_LINEAR_EXTRUSION.,.F.,.F.,.F.,(4,4),(2,2),(0.,1.),(0.,1.),.PIECEWISE_BEZIER_KNOTS.);
#19=B_SPLINE_SURFACE_WITH_KNOTS('',3,1,((#7049,#7050),(#7051,#7052),(#7053,
#7054),(#7055,#7056)),.SURF_OF_LINEAR_EXTRUSION.,.F.,.F.,.F.,(4,4),(2,2),(0.,1.),(0.,1.),.PIECEWISE_BEZIER_KNOTS.);
#20=B_SPLINE_SURFACE_WITH_KNOTS('',3,1,((#7070,#7071),(#7072,#7073),(#7074,
#7075),(#7076,#7077)),.SURF_OF_LINEAR_EXTRUSION.,.F.,.F.,.F.,(4,4),(2,2),(0.,1.),(0.,1.),.PIECEWISE_BEZIER_KNOTS.);
#21=B_SPLINE_SURFACE_WITH_KNOTS('',3,1,((#7088,#7089),(#7090,#7091),(#7092,
#7093),(#7094,#7095)),.SURF_OF_LINEAR_EXTRUSION.,.F.,.F.,.F.,(4,4),(2,2),(0.,1.),(0.,1.),.PIECEWISE_BEZIER_KNOTS.);
#22=B_SPLINE_SURFACE_WITH_KNOTS('',3,1,((#7124,#7125),(#7126,#7127),(#7128,
#7129),(#7130,#7131)),.SURF_OF_LINEAR_EXTRUSION.,.F.,.F.,.F.,(4,4),(2,2),(0.,1.),(0.,1.),.PIECEWISE_BEZIER_KNOTS.);
#23=B_SPLINE_SURFACE_WITH_KNOTS('',3,1,((#7139,#7140),(#7141,#7142),(#7143,
#7144),(#7145,#7146)),.SURF_OF_LINEAR_EXTRUSION.,.F.,.F.,.F.,(4,4),(2,2),(0.,1.),(0.,1.),.PIECEWISE_BEZIER_KNOTS.);
#24=(
B_SPLINE_SURFACE(3,2,((#6974,#6975,#6976),(#6977,#6978,#6979),(#6980,#6981,
#6982),(#6983,#6984,#6985),(#6986,#6987,#6988)),.UNSPECIFIED.,.F.,.F.,.F.)
B_SPLINE_SURFACE_WITH_KNOTS((4,1,4),(3,3),(4.71238898038469,5.66054519565121,6.60870141091772),(0.,1.),.UNSPECIFIED.)
BOUNDED_SURFACE()
GEOMETRIC_REPRESENTATION_ITEM()
RATIONAL_B_SPLINE_SURFACE(((1.,0.707106781186548,1.),(1.,0.807051264361757,
1.),(1.,0.9624310612056,1.),(1.,0.984623105418684,1.),(1.,0.961107971552751,
1.)))
REPRESENTATION_ITEM('')
SURFACE()
);
#25=(
B_SPLINE_SURFACE(3,2,((#7287,#7288,#7289),(#7290,#7291,#7292),(#7293,#7294,
#7295),(#7296,#7297,#7298)),.UNSPECIFIED.,.F.,.F.,.F.)
B_SPLINE_SURFACE_WITH_KNOTS((4,4),(3,3),(8.13151629364128E-18,0.00149771664446463),(0.,1.),.PIECEWISE_BEZIER_KNOTS.)
BOUNDED_SURFACE()
GEOMETRIC_REPRESENTATION_ITEM()
RATIONAL_B_SPLINE_SURFACE(((1.,0.707106781186548,1.),(1.,0.707106781186548,
1.),(1.,0.707106781186548,1.),(1.,0.707106781186548,1.)))
REPRESENTATION_ITEM('')
SURFACE()
);
#26=(
B_SPLINE_SURFACE(3,2,((#7301,#7302,#7303),(#7304,#7305,#7306),(#7307,#7308,
#7309),(#7310,#7311,#7312)),.UNSPECIFIED.,.F.,.F.,.F.)
B_SPLINE_SURFACE_WITH_KNOTS((4,4),(3,3),(4.44522890719057E-18,0.00155370776188972),(0.,1.),.PIECEWISE_BEZIER_KNOTS.)
BOUNDED_SURFACE()
GEOMETRIC_REPRESENTATION_ITEM()
RATIONAL_B_SPLINE_SURFACE(((1.,0.707106781186548,1.),(1.,0.707106781186548,
1.),(1.,0.707106781186548,1.),(1.,0.707106781186548,1.)))
REPRESENTATION_ITEM('')
SURFACE()
);
#27=(
B_SPLINE_SURFACE(3,2,((#7314,#7315,#7316),(#7317,#7318,#7319),(#7320,#7321,
#7322),(#7323,#7324,#7325)),.UNSPECIFIED.,.F.,.F.,.F.)
B_SPLINE_SURFACE_WITH_KNOTS((4,4),(3,3),(8.34835672813838E-18,0.00149923321495533),(0.,1.),.PIECEWISE_BEZIER_KNOTS.)
BOUNDED_SURFACE()
GEOMETRIC_REPRESENTATION_ITEM()
RATIONAL_B_SPLINE_SURFACE(((1.,0.707106781186548,1.),(1.,0.707106781186548,
1.),(1.,0.707106781186548,1.),(1.,0.707106781186548,1.)))
REPRESENTATION_ITEM('')
SURFACE()
);
#28=(
B_SPLINE_SURFACE(3,2,((#7327,#7328,#7329),(#7330,#7331,#7332),(#7333,#7334,
#7335),(#7336,#7337,#7338)),.UNSPECIFIED.,.F.,.F.,.F.)
B_SPLINE_SURFACE_WITH_KNOTS((4,4),(3,3),(-9.75781955236954E-18,0.00157388216540122),(0.,1.),.PIECEWISE_BEZIER_KNOTS.)
BOUNDED_SURFACE()
GEOMETRIC_REPRESENTATION_ITEM()
RATIONAL_B_SPLINE_SURFACE(((1.,0.707106781186548,1.),(1.,0.707106781186548,
1.),(1.,0.707106781186548,1.),(1.,0.707106781186548,1.)))
REPRESENTATION_ITEM('')
SURFACE()
);
#29=(
B_SPLINE_SURFACE(3,2,((#7345,#7346,#7347),(#7348,#7349,#7350),(#7351,#7352,
#7353),(#7354,#7355,#7356),(#7357,#7358,#7359)),.UNSPECIFIED.,.F.,.F.,.F.)
B_SPLINE_SURFACE_WITH_KNOTS((4,1,4),(3,3),(5.20417042793042E-18,0.000795574378165076,0.00159114875633015),(0.,1.),.UNSPECIFIED.)
BOUNDED_SURFACE()
GEOMETRIC_REPRESENTATION_ITEM()
RATIONAL_B_SPLINE_SURFACE(((1.,0.707106781186548,1.),(1.,0.707106781186548,
1.),(1.,0.707106781186548,1.),(1.,0.707106781186548,1.),(1.,0.707106781186548,
1.)))
REPRESENTATION_ITEM('')
SURFACE()
);
#30=(
B_SPLINE_SURFACE(3,2,((#7362,#7363,#7364),(#7365,#7366,#7367),(#7368,#7369,
#7370),(#7371,#7372,#7373)),.UNSPECIFIED.,.F.,.F.,.F.)
B_SPLINE_SURFACE_WITH_KNOTS((4,4),(3,3),(-1.18720137887163E-17,0.00150730745700584),(0.,1.),.PIECEWISE_BEZIER_KNOTS.)
BOUNDED_SURFACE()
GEOMETRIC_REPRESENTATION_ITEM()
RATIONAL_B_SPLINE_SURFACE(((1.,0.707106781186548,1.),(1.,0.707106781186548,
1.),(1.,0.707106781186548,1.),(1.,0.707106781186548,1.)))
REPRESENTATION_ITEM('')
SURFACE()
);
#31=(
B_SPLINE_SURFACE(3,2,((#7375,#7376,#7377),(#7378,#7379,#7380),(#7381,#7382,
#7383),(#7384,#7385,#7386),(#7387,#7388,#7389)),.UNSPECIFIED.,.F.,.F.,.F.)
B_SPLINE_SURFACE_WITH_KNOTS((4,1,4),(3,3),(7.69783542464708E-18,0.00080647101132738,0.00161294202265475),(0.,1.),.UNSPECIFIED.)
BOUNDED_SURFACE()
GEOMETRIC_REPRESENTATION_ITEM()
RATIONAL_B_SPLINE_SURFACE(((1.,0.707106781186548,1.),(1.,0.707106781186548,
1.),(1.,0.707106781186546,1.),(1.,0.707106781186548,1.),(1.,0.707106781186548,
1.)))
REPRESENTATION_ITEM('')
SURFACE()
);
#32=(
B_SPLINE_SURFACE(3,2,((#7391,#7392,#7393),(#7394,#7395,#7396),(#7397,#7398,
#7399),(#7400,#7401,#7402),(#7403,#7404,#7405)),.UNSPECIFIED.,.F.,.F.,.F.)
B_SPLINE_SURFACE_WITH_KNOTS((4,1,4),(3,3),(1.19262238973405E-18,0.000759522307681673,0.00151904461536335),(0.,1.),.UNSPECIFIED.)
BOUNDED_SURFACE()
GEOMETRIC_REPRESENTATION_ITEM()
RATIONAL_B_SPLINE_SURFACE(((1.,0.707106781186548,1.),(1.,0.707106781186548,
1.),(1.,0.707106781186549,1.),(1.,0.707106781186548,1.),(1.,0.707106781186548,
1.)))
REPRESENTATION_ITEM('')
SURFACE()
);
#33=CONICAL_SURFACE('',#4555,0.00100000000000002,0.785398163397448);
#34=CONICAL_SURFACE('',#4557,0.001,0.785398163397448);
#35=CONICAL_SURFACE('',#4559,0.00100000000000001,0.785398163397448);
#36=CONICAL_SURFACE('',#4561,0.001,0.785398163397448);
#37=CONICAL_SURFACE('',#4563,0.0015,0.785398163397445);
#38=CONICAL_SURFACE('',#4566,0.0015,0.785398163397445);
#39=CONICAL_SURFACE('',#4567,0.0015,0.785398163397445);
#40=CONICAL_SURFACE('',#4570,0.0015,0.785398163397445);
#41=CONICAL_SURFACE('',#4571,0.00075,0.785398163397448);
#42=CONICAL_SURFACE('',#4574,0.00075,0.785398163397448);
#43=CONICAL_SURFACE('',#4575,0.00075,0.785398163397448);
#44=CONICAL_SURFACE('',#4578,0.00075,0.785398163397448);
#45=CONICAL_SURFACE('',#4581,0.00075,0.785398163397448);
#46=CONICAL_SURFACE('',#4584,0.00075,0.785398163397448);
#47=CONICAL_SURFACE('',#4587,0.00075,0.785398163397448);
#48=CONICAL_SURFACE('',#4588,0.00575,0.785398163397449);
#49=CONICAL_SURFACE('',#4590,0.005,0.785398163397448);
#50=CONICAL_SURFACE('',#4591,0.00075,0.785398163397448);
#51=CONICAL_SURFACE('',#4592,0.00075,0.785398163397448);
#52=CONICAL_SURFACE('',#4593,0.00925,0.785398163397449);
#53=CONICAL_SURFACE('',#4595,0.0085,0.785398163397448);
#54=CONICAL_SURFACE('',#4596,0.00075,0.785398163397448);
#55=ELLIPSE('',#4448,0.00200000000000004,0.00100000000000002);
#56=ELLIPSE('',#4455,0.002,0.001);
#57=ELLIPSE('',#4495,0.000707106781186542,0.000500000000000007);
#58=ELLIPSE('',#4496,0.000707106781186553,0.000500000000000007);
#59=ELLIPSE('',#4504,0.000707106781186543,0.000500000000000007);
#60=ELLIPSE('',#4508,0.000559016994374962,0.000250000000000007);
#61=ELLIPSE('',#4534,0.000866025403784439,0.00075);
#62=ELLIPSE('',#4537,0.000866025403784444,0.00075);
#63=ELLIPSE('',#4539,0.000866025403784439,0.00075);
#64=ELLIPSE('',#4542,0.000866025403784444,0.00075);
#65=ELLIPSE('',#4647,0.000790569415042093,0.00025);
#66=ELLIPSE('',#4694,0.000282842712474619,0.0002);
#67=ELLIPSE('',#4695,0.000282842712474619,0.0002);
#68=ELLIPSE('',#4697,0.000282842712474619,0.0002);
#69=ELLIPSE('',#4699,0.000282842712474619,0.0002);
#70=ELLIPSE('',#4707,0.000282842712474619,0.0002);
#71=ELLIPSE('',#4709,0.000282842712474619,0.0002);
#72=ELLIPSE('',#4717,0.000282842712474619,0.0002);
#73=ELLIPSE('',#4719,0.000282842712474619,0.0002);
#74=CYLINDRICAL_SURFACE('',#4446,0.00100000000000002);
#75=CYLINDRICAL_SURFACE('',#4451,0.001);
#76=CYLINDRICAL_SURFACE('',#4460,0.000500000000000007);
#77=CYLINDRICAL_SURFACE('',#4483,0.004);
#78=CYLINDRICAL_SURFACE('',#4485,0.001);
#79=CYLINDRICAL_SURFACE('',#4489,0.00100000000000001);
#80=CYLINDRICAL_SURFACE('',#4493,0.004);
#81=CYLINDRICAL_SURFACE('',#4494,0.000500000000000007);
#82=CYLINDRICAL_SURFACE('',#4501,0.000500000000000014);
#83=CYLINDRICAL_SURFACE('',#4502,0.000500000000000007);
#84=CYLINDRICAL_SURFACE('',#4503,0.000500000000000007);
#85=CYLINDRICAL_SURFACE('',#4505,0.001);
#86=CYLINDRICAL_SURFACE('',#4548,0.00075);
#87=CYLINDRICAL_SURFACE('',#4549,0.00075);
#88=CYLINDRICAL_SURFACE('',#4550,0.00075);
#89=CYLINDRICAL_SURFACE('',#4551,0.00075);
#90=CYLINDRICAL_SURFACE('',#4552,0.00075);
#91=CYLINDRICAL_SURFACE('',#4602,0.001);
#92=CYLINDRICAL_SURFACE('',#4603,0.001);
#93=CYLINDRICAL_SURFACE('',#4606,0.0005);
#94=CYLINDRICAL_SURFACE('',#4607,0.0005);
#95=CYLINDRICAL_SURFACE('',#4608,0.0005);
#96=CYLINDRICAL_SURFACE('',#4610,0.0005);
#97=CYLINDRICAL_SURFACE('',#4613,0.0014);
#98=CYLINDRICAL_SURFACE('',#4616,0.0014);
#99=CYLINDRICAL_SURFACE('',#4620,0.0011);
#100=CYLINDRICAL_SURFACE('',#4622,0.0011);
#101=CYLINDRICAL_SURFACE('',#4628,0.000125);
#102=CYLINDRICAL_SURFACE('',#4631,0.0008);
#103=CYLINDRICAL_SURFACE('',#4634,0.00275);
#104=CYLINDRICAL_SURFACE('',#4635,0.00275);
#105=CYLINDRICAL_SURFACE('',#4636,0.002);
#106=CYLINDRICAL_SURFACE('',#4637,0.002);
#107=CYLINDRICAL_SURFACE('',#4639,0.00025);
#108=CYLINDRICAL_SURFACE('',#4640,0.00025);
#109=CYLINDRICAL_SURFACE('',#4657,0.00025);
#110=CYLINDRICAL_SURFACE('',#4661,0.00025);
#111=CYLINDRICAL_SURFACE('',#4662,0.00025);
#112=CYLINDRICAL_SURFACE('',#4685,0.002);
#113=CYLINDRICAL_SURFACE('',#4687,0.002);
#114=CYLINDRICAL_SURFACE('',#4689,0.002);
#115=CYLINDRICAL_SURFACE('',#4691,0.002);
#116=CYLINDRICAL_SURFACE('',#4693,0.0002);
#117=CYLINDRICAL_SURFACE('',#4696,0.0002);
#118=CYLINDRICAL_SURFACE('',#4698,0.0002);
#119=CYLINDRICAL_SURFACE('',#4700,0.0002);
#120=CYLINDRICAL_SURFACE('',#4706,0.0002);
#121=CYLINDRICAL_SURFACE('',#4708,0.0002);
#122=CYLINDRICAL_SURFACE('',#4710,0.0002);
#123=CYLINDRICAL_SURFACE('',#4716,0.0002);
#124=CYLINDRICAL_SURFACE('',#4718,0.0002);
#125=CYLINDRICAL_SURFACE('',#4720,0.0002);
#126=CYLINDRICAL_SURFACE('',#4721,0.0002);
#127=CYLINDRICAL_SURFACE('',#4728,0.0002);
#128=CYLINDRICAL_SURFACE('',#4730,0.0002);
#129=CYLINDRICAL_SURFACE('',#4736,0.0002);
#130=CIRCLE('',#4375,0.00075);
#131=CIRCLE('',#4376,0.00075);
#132=CIRCLE('',#4377,0.002);
#133=CIRCLE('',#4378,0.002);
#134=CIRCLE('',#4379,0.002);
#135=CIRCLE('',#4380,0.002);
#136=CIRCLE('',#4385,0.001);
#137=CIRCLE('',#4388,0.001);
#138=CIRCLE('',#4389,0.000125);
#139=CIRCLE('',#4392,0.00025);
#140=CIRCLE('',#4393,0.00275);
#141=CIRCLE('',#4394,0.002);
#142=CIRCLE('',#4395,0.000500000000000014);
#143=CIRCLE('',#4396,0.0015);
#144=CIRCLE('',#4397,0.0015);
#145=CIRCLE('',#4398,0.0015);
#146=CIRCLE('',#4399,0.0015);
#147=CIRCLE('',#4400,0.000500000000000007);
#148=CIRCLE('',#4401,0.004);
#149=CIRCLE('',#4402,0.004);
#150=CIRCLE('',#4404,0.001);
#151=CIRCLE('',#4408,0.0011);
#152=CIRCLE('',#4409,0.0011);
#153=CIRCLE('',#4412,0.0005);
#154=CIRCLE('',#4413,0.0005);
#155=CIRCLE('',#4414,0.0005);
#156=CIRCLE('',#4415,0.0014);
#157=CIRCLE('',#4416,0.0014);
#158=CIRCLE('',#4419,0.000125);
#159=CIRCLE('',#4420,0.00075);
#160=CIRCLE('',#4421,0.00075);
#161=CIRCLE('',#4422,0.001);
#162=CIRCLE('',#4423,0.001);
#163=CIRCLE('',#4427,0.0011);
#164=CIRCLE('',#4428,0.0014);
#165=CIRCLE('',#4429,0.0014);
#166=CIRCLE('',#4430,0.0011);
#167=CIRCLE('',#4431,0.0015);
#168=CIRCLE('',#4432,0.0015);
#169=CIRCLE('',#4433,0.0015);
#170=CIRCLE('',#4434,0.0015);
#171=CIRCLE('',#4435,0.0005);
#172=CIRCLE('',#4436,0.0005);
#173=CIRCLE('',#4437,0.0005);
#174=CIRCLE('',#4438,0.0005);
#175=CIRCLE('',#4439,0.004);
#176=CIRCLE('',#4440,0.004);
#177=CIRCLE('',#4447,0.00100000000000002);
#178=CIRCLE('',#4449,0.00100000000000002);
#179=CIRCLE('',#4450,0.00100000000000002);
#180=CIRCLE('',#4452,0.001);
#181=CIRCLE('',#4453,0.001);
#182=CIRCLE('',#4454,0.001);
#183=CIRCLE('',#4459,0.001);
#184=CIRCLE('',#4461,0.000500000000000007);
#185=CIRCLE('',#4462,0.000500000000000007);
#186=CIRCLE('',#4465,0.00275);
#187=CIRCLE('',#4466,0.00025);
#188=CIRCLE('',#4467,0.002);
#189=CIRCLE('',#4469,0.00075);
#190=CIRCLE('',#4470,0.005);
#191=CIRCLE('',#4471,0.00075);
#192=CIRCLE('',#4472,0.0065);
#193=CIRCLE('',#4473,0.00075);
#194=CIRCLE('',#4474,0.00075);
#195=CIRCLE('',#4475,0.00075);
#196=CIRCLE('',#4476,0.00075);
#197=CIRCLE('',#4477,0.00075);
#198=CIRCLE('',#4478,0.00075);
#199=CIRCLE('',#4479,0.00075);
#200=CIRCLE('',#4480,0.0085);
#201=CIRCLE('',#4481,0.00075);
#202=CIRCLE('',#4482,0.01);
#203=CIRCLE('',#4486,0.001);
#204=CIRCLE('',#4487,0.001);
#205=CIRCLE('',#4490,0.00100000000000001);
#206=CIRCLE('',#4491,0.00100000000000001);
#207=CIRCLE('',#4498,0.000500000000000007);
#208=CIRCLE('',#4499,0.000500000000000007);
#209=CIRCLE('',#4500,0.000500000000000014);
#210=CIRCLE('',#4510,0.002);
#211=CIRCLE('',#4511,0.00275);
#212=CIRCLE('',#4512,0.00025);
#213=CIRCLE('',#4513,0.00025);
#214=CIRCLE('',#4514,0.00275);
#215=CIRCLE('',#4515,0.002);
#216=CIRCLE('',#4516,0.0008);
#217=CIRCLE('',#4544,0.00075);
#218=CIRCLE('',#4546,0.00075);
#219=CIRCLE('',#4589,0.00575);
#220=CIRCLE('',#4594,0.00925);
#221=CIRCLE('',#4609,0.0005);
#222=CIRCLE('',#4632,0.0008);
#223=CIRCLE('',#4650,0.00025);
#224=CIRCLE('',#4652,0.00025);
#225=CIRCLE('',#4654,0.00025);
#226=CIRCLE('',#4658,0.00025);
#227=CIRCLE('',#4681,0.0018);
#228=CIRCLE('',#4682,0.0018);
#229=CIRCLE('',#4683,0.0018);
#230=CIRCLE('',#4684,0.0018);
#231=CIRCLE('',#4686,0.002);
#232=CIRCLE('',#4688,0.002);
#233=CIRCLE('',#4690,0.002);
#234=CIRCLE('',#4692,0.002);
#235=CIRCLE('',#4701,0.0002);
#236=CIRCLE('',#4702,0.0002);
#237=CIRCLE('',#4703,0.0002);
#238=CIRCLE('',#4704,0.0002);
#239=CIRCLE('',#4705,0.0002);
#240=CIRCLE('',#4711,0.0002);
#241=CIRCLE('',#4712,0.0002);
#242=CIRCLE('',#4713,0.0002);
#243=CIRCLE('',#4714,0.0002);
#244=CIRCLE('',#4715,0.0002);
#245=CIRCLE('',#4722,0.0002);
#246=CIRCLE('',#4723,0.0002);
#247=CIRCLE('',#4725,0.0002);
#248=CIRCLE('',#4727,0.0002);
#249=CIRCLE('',#4729,0.0002);
#250=CIRCLE('',#4731,0.0002);
#251=CIRCLE('',#4733,0.0002);
#252=CIRCLE('',#4735,0.0002);
#253=B_SPLINE_CURVE_WITH_KNOTS('',2,(#5935,#5936,#5937),.UNSPECIFIED.,.F.,.F.,(3,3),(0.,1.),.PIECEWISE_BEZIER_KNOTS.);
#254=B_SPLINE_CURVE_WITH_KNOTS('',2,(#5940,#5941,#5942),.UNSPECIFIED.,.F.,.F.,(3,3),(0.,1.),.PIECEWISE_BEZIER_KNOTS.);
#255=B_SPLINE_CURVE_WITH_KNOTS('',2,(#5950,#5951,#5952),.UNSPECIFIED.,.F.,.F.,(3,3),(0.,1.),.PIECEWISE_BEZIER_KNOTS.);
#256=B_SPLINE_CURVE_WITH_KNOTS('',2,(#5954,#5955,#5956),.UNSPECIFIED.,.F.,.F.,(3,3),(0.,1.),.PIECEWISE_BEZIER_KNOTS.);
#257=B_SPLINE_CURVE_WITH_KNOTS('',3,(#6855,#6856,#6857,#6858),.UNSPECIFIED.,.F.,.F.,(4,4),(0.,0.000585350847604839),.UNSPECIFIED.);
#258=B_SPLINE_CURVE_WITH_KNOTS('',3,(#6895,#6896,#6897,#6898),.UNSPECIFIED.,.F.,.F.,(4,4),(0.,0.000191970356248888),.UNSPECIFIED.);
#259=B_SPLINE_CURVE_WITH_KNOTS('',3,(#7003,#7004,#7005,#7006),.UNSPECIFIED.,.F.,.F.,(4,4),(-6.0000000003549E-08,0.00167093578990963),.UNSPECIFIED.);
#260=B_SPLINE_CURVE_WITH_KNOTS('',3,(#7019,#7020,#7021,#7022),.UNSPECIFIED.,.F.,.F.,(4,4),(-5.99999999744643E-08,0.00174979541627403),.UNSPECIFIED.);
#261=B_SPLINE_CURVE_WITH_KNOTS('',3,(#7033,#7034,#7035,#7036),.UNSPECIFIED.,.F.,.F.,(4,4),(-6.00000000021039E-08,0.00177784433517248),.UNSPECIFIED.);
#262=B_SPLINE_CURVE_WITH_KNOTS('',3,(#7060,#7061,#7062,#7063),.UNSPECIFIED.,.F.,.F.,(4,4),(-6.00000000039456E-08,0.00138973061062128),.UNSPECIFIED.);
#263=B_SPLINE_CURVE_WITH_KNOTS('',2,(#7067,#7068,#7069),.UNSPECIFIED.,.F.,.F.,(3,3),(0.,1.),.PIECEWISE_BEZIER_KNOTS.);
#264=B_SPLINE_CURVE_WITH_KNOTS('',3,(#7081,#7082,#7083,#7084),.UNSPECIFIED.,.F.,.F.,(4,4),(-5.999999995124E-08,0.00134850673059285),.UNSPECIFIED.);
#265=B_SPLINE_CURVE_WITH_KNOTS('',2,(#7085,#7086,#7087),.UNSPECIFIED.,.F.,.F.,(3,3),(0.,1.),.PIECEWISE_BEZIER_KNOTS.);
#266=B_SPLINE_CURVE_WITH_KNOTS('',3,(#7099,#7100,#7101,#7102),.UNSPECIFIED.,.F.,.F.,(4,4),(-5.99999999918644E-08,0.00133748646791227),.UNSPECIFIED.);
#267=B_SPLINE_CURVE_WITH_KNOTS('',2,(#7103,#7104,#7105),.UNSPECIFIED.,.F.,.F.,(3,3),(0.,1.),.PIECEWISE_BEZIER_KNOTS.);
#268=B_SPLINE_CURVE_WITH_KNOTS('',3,(#7132,#7133,#7134,#7135),.UNSPECIFIED.,.F.,.F.,(4,4),(-5.99999999498958E-08,0.00142767899824525),.UNSPECIFIED.);
#269=B_SPLINE_CURVE_WITH_KNOTS('',2,(#7136,#7137,#7138),.UNSPECIFIED.,.F.,.F.,(3,3),(0.,1.),.PIECEWISE_BEZIER_KNOTS.);
#270=B_SPLINE_CURVE_WITH_KNOTS('',3,(#7147,#7148,#7149,#7150),.UNSPECIFIED.,.F.,.F.,(4,4),(-5.99999999662513E-08,0.00167563087070628),.UNSPECIFIED.);
#271=B_SPLINE_CURVE_WITH_KNOTS('',3,(#7159,#7160,#7161,#7162),.UNSPECIFIED.,.F.,.F.,(4,4),(0.,0.00157388216540124),.UNSPECIFIED.);
#272=B_SPLINE_CURVE_WITH_KNOTS('',3,(#7164,#7165,#7166,#7167),.UNSPECIFIED.,.F.,.F.,(4,4),(0.,0.00155370776188972),.UNSPECIFIED.);
#273=B_SPLINE_CURVE_WITH_KNOTS('',3,(#7169,#7170,#7171,#7172),.UNSPECIFIED.,.F.,.F.,(4,4),(0.,0.00149771664446466),.UNSPECIFIED.);
#274=B_SPLINE_CURVE_WITH_KNOTS('',3,(#7174,#7175,#7176,#7177),.UNSPECIFIED.,.F.,.F.,(4,4),(0.,0.00149923321495532),.UNSPECIFIED.);
#275=B_SPLINE_CURVE_WITH_KNOTS('',3,(#7185,#7186,#7187,#7188),.UNSPECIFIED.,.F.,.F.,(4,4),(0.,0.00151904461536337),.UNSPECIFIED.);
#276=B_SPLINE_CURVE_WITH_KNOTS('',3,(#7190,#7191,#7192,#7193),.UNSPECIFIED.,.F.,.F.,(4,4),(0.,0.00150730745700585),.UNSPECIFIED.);
#277=B_SPLINE_CURVE_WITH_KNOTS('',3,(#7195,#7196,#7197,#7198),.UNSPECIFIED.,.F.,.F.,(4,4),(0.,0.00159114875633034),.UNSPECIFIED.);
#278=B_SPLINE_CURVE_WITH_KNOTS('',3,(#7200,#7201,#7202,#7203),.UNSPECIFIED.,.F.,.F.,(4,4),(0.,0.00161294202265473),.UNSPECIFIED.);
#279=ORIENTED_EDGE('',*,*,#1535,.F.);
#280=ORIENTED_EDGE('',*,*,#1536,.F.);
#281=ORIENTED_EDGE('',*,*,#1537,.F.);
#282=ORIENTED_EDGE('',*,*,#1538,.F.);
#283=ORIENTED_EDGE('',*,*,#1539,.F.);
#284=ORIENTED_EDGE('',*,*,#1540,.F.);
#285=ORIENTED_EDGE('',*,*,#1541,.F.);
#286=ORIENTED_EDGE('',*,*,#1542,.F.);
#287=ORIENTED_EDGE('',*,*,#1543,.F.);
#288=ORIENTED_EDGE('',*,*,#1544,.F.);
#289=ORIENTED_EDGE('',*,*,#1545,.F.);
#290=ORIENTED_EDGE('',*,*,#1546,.T.);
#291=ORIENTED_EDGE('',*,*,#1547,.T.);
#292=ORIENTED_EDGE('',*,*,#1548,.T.);
#293=ORIENTED_EDGE('',*,*,#1549,.T.);
#294=ORIENTED_EDGE('',*,*,#1550,.T.);
#295=ORIENTED_EDGE('',*,*,#1551,.T.);
#296=ORIENTED_EDGE('',*,*,#1552,.F.);
#297=ORIENTED_EDGE('',*,*,#1553,.T.);
#298=ORIENTED_EDGE('',*,*,#1554,.F.);
#299=ORIENTED_EDGE('',*,*,#1555,.T.);
#300=ORIENTED_EDGE('',*,*,#1556,.F.);
#301=ORIENTED_EDGE('',*,*,#1557,.T.);
#302=ORIENTED_EDGE('',*,*,#1558,.F.);
#303=ORIENTED_EDGE('',*,*,#1559,.T.);
#304=ORIENTED_EDGE('',*,*,#1560,.F.);
#305=ORIENTED_EDGE('',*,*,#1561,.T.);
#306=ORIENTED_EDGE('',*,*,#1562,.T.);
#307=ORIENTED_EDGE('',*,*,#1563,.T.);
#308=ORIENTED_EDGE('',*,*,#1564,.T.);
#309=ORIENTED_EDGE('',*,*,#1565,.T.);
#310=ORIENTED_EDGE('',*,*,#1566,.F.);
#311=ORIENTED_EDGE('',*,*,#1567,.T.);
#312=ORIENTED_EDGE('',*,*,#1568,.F.);
#313=ORIENTED_EDGE('',*,*,#1569,.T.);
#314=ORIENTED_EDGE('',*,*,#1570,.T.);
#315=ORIENTED_EDGE('',*,*,#1571,.F.);
#316=ORIENTED_EDGE('',*,*,#1572,.T.);
#317=ORIENTED_EDGE('',*,*,#1573,.T.);
#318=ORIENTED_EDGE('',*,*,#1574,.T.);
#319=ORIENTED_EDGE('',*,*,#1575,.F.);
#320=ORIENTED_EDGE('',*,*,#1576,.T.);
#321=ORIENTED_EDGE('',*,*,#1577,.T.);
#322=ORIENTED_EDGE('',*,*,#1578,.T.);
#323=ORIENTED_EDGE('',*,*,#1579,.T.);
#324=ORIENTED_EDGE('',*,*,#1580,.T.);
#325=ORIENTED_EDGE('',*,*,#1581,.F.);
#326=ORIENTED_EDGE('',*,*,#1582,.F.);
#327=ORIENTED_EDGE('',*,*,#1583,.T.);
#328=ORIENTED_EDGE('',*,*,#1584,.T.);
#329=ORIENTED_EDGE('',*,*,#1585,.T.);
#330=ORIENTED_EDGE('',*,*,#1586,.F.);
#331=ORIENTED_EDGE('',*,*,#1587,.F.);
#332=ORIENTED_EDGE('',*,*,#1588,.F.);
#333=ORIENTED_EDGE('',*,*,#1589,.T.);
#334=ORIENTED_EDGE('',*,*,#1590,.F.);
#335=ORIENTED_EDGE('',*,*,#1591,.T.);
#336=ORIENTED_EDGE('',*,*,#1592,.T.);
#337=ORIENTED_EDGE('',*,*,#1593,.T.);
#338=ORIENTED_EDGE('',*,*,#1594,.T.);
#339=ORIENTED_EDGE('',*,*,#1595,.T.);
#340=ORIENTED_EDGE('',*,*,#1596,.F.);
#341=ORIENTED_EDGE('',*,*,#1597,.T.);
#342=ORIENTED_EDGE('',*,*,#1598,.T.);
#343=ORIENTED_EDGE('',*,*,#1599,.T.);
#344=ORIENTED_EDGE('',*,*,#1600,.T.);
#345=ORIENTED_EDGE('',*,*,#1601,.T.);
#346=ORIENTED_EDGE('',*,*,#1602,.T.);
#347=ORIENTED_EDGE('',*,*,#1603,.T.);
#348=ORIENTED_EDGE('',*,*,#1604,.T.);
#349=ORIENTED_EDGE('',*,*,#1605,.T.);
#350=ORIENTED_EDGE('',*,*,#1606,.F.);
#351=ORIENTED_EDGE('',*,*,#1607,.T.);
#352=ORIENTED_EDGE('',*,*,#1608,.F.);
#353=ORIENTED_EDGE('',*,*,#1609,.T.);
#354=ORIENTED_EDGE('',*,*,#1610,.F.);
#355=ORIENTED_EDGE('',*,*,#1611,.T.);
#356=ORIENTED_EDGE('',*,*,#1612,.F.);
#357=ORIENTED_EDGE('',*,*,#1613,.T.);
#358=ORIENTED_EDGE('',*,*,#1614,.T.);
#359=ORIENTED_EDGE('',*,*,#1582,.T.);
#360=ORIENTED_EDGE('',*,*,#1615,.T.);
#361=ORIENTED_EDGE('',*,*,#1616,.T.);
#362=ORIENTED_EDGE('',*,*,#1617,.T.);
#363=ORIENTED_EDGE('',*,*,#1618,.T.);
#364=ORIENTED_EDGE('',*,*,#1619,.F.);
#365=ORIENTED_EDGE('',*,*,#1620,.T.);
#366=ORIENTED_EDGE('',*,*,#1621,.T.);
#367=ORIENTED_EDGE('',*,*,#1622,.F.);
#368=ORIENTED_EDGE('',*,*,#1623,.F.);
#369=ORIENTED_EDGE('',*,*,#1624,.T.);
#370=ORIENTED_EDGE('',*,*,#1550,.F.);
#371=ORIENTED_EDGE('',*,*,#1625,.T.);
#372=ORIENTED_EDGE('',*,*,#1626,.F.);
#373=ORIENTED_EDGE('',*,*,#1627,.T.);
#374=ORIENTED_EDGE('',*,*,#1619,.T.);
#375=ORIENTED_EDGE('',*,*,#1628,.F.);
#376=ORIENTED_EDGE('',*,*,#1629,.F.);
#377=ORIENTED_EDGE('',*,*,#1630,.F.);
#378=ORIENTED_EDGE('',*,*,#1631,.T.);
#379=ORIENTED_EDGE('',*,*,#1632,.T.);
#380=ORIENTED_EDGE('',*,*,#1633,.T.);
#381=ORIENTED_EDGE('',*,*,#1634,.T.);
#382=ORIENTED_EDGE('',*,*,#1635,.T.);
#383=ORIENTED_EDGE('',*,*,#1636,.T.);
#384=ORIENTED_EDGE('',*,*,#1637,.T.);
#385=ORIENTED_EDGE('',*,*,#1638,.T.);
#386=ORIENTED_EDGE('',*,*,#1639,.T.);
#387=ORIENTED_EDGE('',*,*,#1640,.T.);
#388=ORIENTED_EDGE('',*,*,#1641,.F.);
#389=ORIENTED_EDGE('',*,*,#1642,.F.);
#390=ORIENTED_EDGE('',*,*,#1595,.F.);
#391=ORIENTED_EDGE('',*,*,#1643,.T.);
#392=ORIENTED_EDGE('',*,*,#1644,.F.);
#393=ORIENTED_EDGE('',*,*,#1645,.T.);
#394=ORIENTED_EDGE('',*,*,#1646,.T.);
#395=ORIENTED_EDGE('',*,*,#1647,.T.);
#396=ORIENTED_EDGE('',*,*,#1648,.F.);
#397=ORIENTED_EDGE('',*,*,#1649,.T.);
#398=ORIENTED_EDGE('',*,*,#1650,.T.);
#399=ORIENTED_EDGE('',*,*,#1651,.F.);
#400=ORIENTED_EDGE('',*,*,#1652,.T.);
#401=ORIENTED_EDGE('',*,*,#1653,.F.);
#402=ORIENTED_EDGE('',*,*,#1654,.T.);
#403=ORIENTED_EDGE('',*,*,#1655,.T.);
#404=ORIENTED_EDGE('',*,*,#1656,.F.);
#405=ORIENTED_EDGE('',*,*,#1657,.F.);
#406=ORIENTED_EDGE('',*,*,#1658,.F.);
#407=ORIENTED_EDGE('',*,*,#1659,.T.);
#408=ORIENTED_EDGE('',*,*,#1660,.T.);
#409=ORIENTED_EDGE('',*,*,#1661,.F.);
#410=ORIENTED_EDGE('',*,*,#1662,.T.);
#411=ORIENTED_EDGE('',*,*,#1663,.T.);
#412=ORIENTED_EDGE('',*,*,#1664,.T.);
#413=ORIENTED_EDGE('',*,*,#1665,.T.);
#414=ORIENTED_EDGE('',*,*,#1666,.T.);
#415=ORIENTED_EDGE('',*,*,#1667,.F.);
#416=ORIENTED_EDGE('',*,*,#1568,.T.);
#417=ORIENTED_EDGE('',*,*,#1668,.T.);
#418=ORIENTED_EDGE('',*,*,#1669,.F.);
#419=ORIENTED_EDGE('',*,*,#1670,.F.);
#420=ORIENTED_EDGE('',*,*,#1671,.T.);
#421=ORIENTED_EDGE('',*,*,#1658,.T.);
#422=ORIENTED_EDGE('',*,*,#1672,.F.);
#423=ORIENTED_EDGE('',*,*,#1660,.F.);
#424=ORIENTED_EDGE('',*,*,#1673,.F.);
#425=ORIENTED_EDGE('',*,*,#1674,.T.);
#426=ORIENTED_EDGE('',*,*,#1675,.T.);
#427=ORIENTED_EDGE('',*,*,#1676,.T.);
#428=ORIENTED_EDGE('',*,*,#1677,.T.);
#429=ORIENTED_EDGE('',*,*,#1678,.T.);
#430=ORIENTED_EDGE('',*,*,#1679,.T.);
#431=ORIENTED_EDGE('',*,*,#1680,.T.);
#432=ORIENTED_EDGE('',*,*,#1677,.F.);
#433=ORIENTED_EDGE('',*,*,#1681,.T.);
#434=ORIENTED_EDGE('',*,*,#1682,.T.);
#435=ORIENTED_EDGE('',*,*,#1683,.T.);
#436=ORIENTED_EDGE('',*,*,#1684,.T.);
#437=ORIENTED_EDGE('',*,*,#1685,.T.);
#438=ORIENTED_EDGE('',*,*,#1686,.F.);
#439=ORIENTED_EDGE('',*,*,#1687,.F.);
#440=ORIENTED_EDGE('',*,*,#1581,.T.);
#441=ORIENTED_EDGE('',*,*,#1688,.T.);
#442=ORIENTED_EDGE('',*,*,#1689,.F.);
#443=ORIENTED_EDGE('',*,*,#1690,.T.);
#444=ORIENTED_EDGE('',*,*,#1691,.F.);
#445=ORIENTED_EDGE('',*,*,#1692,.T.);
#446=ORIENTED_EDGE('',*,*,#1662,.F.);
#447=ORIENTED_EDGE('',*,*,#1693,.F.);
#448=ORIENTED_EDGE('',*,*,#1694,.F.);
#449=ORIENTED_EDGE('',*,*,#1695,.T.);
#450=ORIENTED_EDGE('',*,*,#1696,.T.);
#451=ORIENTED_EDGE('',*,*,#1697,.T.);
#452=ORIENTED_EDGE('',*,*,#1698,.T.);
#453=ORIENTED_EDGE('',*,*,#1699,.T.);
#454=ORIENTED_EDGE('',*,*,#1700,.T.);
#455=ORIENTED_EDGE('',*,*,#1701,.T.);
#456=ORIENTED_EDGE('',*,*,#1702,.F.);
#457=ORIENTED_EDGE('',*,*,#1703,.F.);
#458=ORIENTED_EDGE('',*,*,#1704,.F.);
#459=ORIENTED_EDGE('',*,*,#1705,.F.);
#460=ORIENTED_EDGE('',*,*,#1706,.F.);
#461=ORIENTED_EDGE('',*,*,#1707,.T.);
#462=ORIENTED_EDGE('',*,*,#1708,.T.);
#463=ORIENTED_EDGE('',*,*,#1709,.T.);
#464=ORIENTED_EDGE('',*,*,#1710,.F.);
#465=ORIENTED_EDGE('',*,*,#1586,.T.);
#466=ORIENTED_EDGE('',*,*,#1711,.F.);
#467=ORIENTED_EDGE('',*,*,#1712,.T.);
#468=ORIENTED_EDGE('',*,*,#1615,.F.);
#469=ORIENTED_EDGE('',*,*,#1587,.T.);
#470=ORIENTED_EDGE('',*,*,#1710,.T.);
#471=ORIENTED_EDGE('',*,*,#1713,.F.);
#472=ORIENTED_EDGE('',*,*,#1714,.T.);
#473=ORIENTED_EDGE('',*,*,#1715,.T.);
#474=ORIENTED_EDGE('',*,*,#1716,.T.);
#475=ORIENTED_EDGE('',*,*,#1711,.T.);
#476=ORIENTED_EDGE('',*,*,#1717,.T.);
#477=ORIENTED_EDGE('',*,*,#1718,.T.);
#478=ORIENTED_EDGE('',*,*,#1719,.F.);
#479=ORIENTED_EDGE('',*,*,#1646,.F.);
#480=ORIENTED_EDGE('',*,*,#1720,.T.);
#481=ORIENTED_EDGE('',*,*,#1721,.T.);
#482=ORIENTED_EDGE('',*,*,#1722,.F.);
#483=ORIENTED_EDGE('',*,*,#1723,.T.);
#484=ORIENTED_EDGE('',*,*,#1724,.F.);
#485=ORIENTED_EDGE('',*,*,#1725,.T.);
#486=ORIENTED_EDGE('',*,*,#1726,.F.);
#487=ORIENTED_EDGE('',*,*,#1593,.F.);
#488=ORIENTED_EDGE('',*,*,#1727,.T.);
#489=ORIENTED_EDGE('',*,*,#1721,.F.);
#490=ORIENTED_EDGE('',*,*,#1728,.T.);
#491=ORIENTED_EDGE('',*,*,#1729,.F.);
#492=ORIENTED_EDGE('',*,*,#1730,.T.);
#493=ORIENTED_EDGE('',*,*,#1558,.T.);
#494=ORIENTED_EDGE('',*,*,#1731,.T.);
#495=ORIENTED_EDGE('',*,*,#1608,.T.);
#496=ORIENTED_EDGE('',*,*,#1732,.T.);
#497=ORIENTED_EDGE('',*,*,#1733,.T.);
#498=ORIENTED_EDGE('',*,*,#1734,.T.);
#499=ORIENTED_EDGE('',*,*,#1735,.F.);
#500=ORIENTED_EDGE('',*,*,#1685,.F.);
#501=ORIENTED_EDGE('',*,*,#1736,.F.);
#502=ORIENTED_EDGE('',*,*,#1737,.F.);
#503=ORIENTED_EDGE('',*,*,#1738,.F.);
#504=ORIENTED_EDGE('',*,*,#1739,.F.);
#505=ORIENTED_EDGE('',*,*,#1740,.F.);
#506=ORIENTED_EDGE('',*,*,#1741,.F.);
#507=ORIENTED_EDGE('',*,*,#1742,.F.);
#508=ORIENTED_EDGE('',*,*,#1743,.F.);
#509=ORIENTED_EDGE('',*,*,#1744,.F.);
#510=ORIENTED_EDGE('',*,*,#1745,.F.);
#511=ORIENTED_EDGE('',*,*,#1746,.T.);
#512=ORIENTED_EDGE('',*,*,#1747,.T.);
#513=ORIENTED_EDGE('',*,*,#1748,.T.);
#514=ORIENTED_EDGE('',*,*,#1749,.T.);
#515=ORIENTED_EDGE('',*,*,#1750,.T.);
#516=ORIENTED_EDGE('',*,*,#1751,.T.);
#517=ORIENTED_EDGE('',*,*,#1752,.T.);
#518=ORIENTED_EDGE('',*,*,#1753,.T.);
#519=ORIENTED_EDGE('',*,*,#1664,.F.);
#520=ORIENTED_EDGE('',*,*,#1754,.T.);
#521=ORIENTED_EDGE('',*,*,#1755,.T.);
#522=ORIENTED_EDGE('',*,*,#1756,.T.);
#523=ORIENTED_EDGE('',*,*,#1757,.T.);
#524=ORIENTED_EDGE('',*,*,#1758,.T.);
#525=ORIENTED_EDGE('',*,*,#1579,.F.);
#526=ORIENTED_EDGE('',*,*,#1759,.T.);
#527=ORIENTED_EDGE('',*,*,#1718,.F.);
#528=ORIENTED_EDGE('',*,*,#1760,.T.);
#529=ORIENTED_EDGE('',*,*,#1761,.T.);
#530=ORIENTED_EDGE('',*,*,#1762,.T.);
#531=ORIENTED_EDGE('',*,*,#1763,.T.);
#532=ORIENTED_EDGE('',*,*,#1764,.T.);
#533=ORIENTED_EDGE('',*,*,#1765,.F.);
#534=ORIENTED_EDGE('',*,*,#1766,.F.);
#535=ORIENTED_EDGE('',*,*,#1767,.F.);
#536=ORIENTED_EDGE('',*,*,#1768,.T.);
#537=ORIENTED_EDGE('',*,*,#1552,.T.);
#538=ORIENTED_EDGE('',*,*,#1769,.F.);
#539=ORIENTED_EDGE('',*,*,#1770,.T.);
#540=ORIENTED_EDGE('',*,*,#1771,.F.);
#541=ORIENTED_EDGE('',*,*,#1772,.F.);
#542=ORIENTED_EDGE('',*,*,#1773,.T.);
#543=ORIENTED_EDGE('',*,*,#1774,.T.);
#544=ORIENTED_EDGE('',*,*,#1706,.T.);
#545=ORIENTED_EDGE('',*,*,#1775,.F.);
#546=ORIENTED_EDGE('',*,*,#1776,.T.);
#547=ORIENTED_EDGE('',*,*,#1777,.T.);
#548=ORIENTED_EDGE('',*,*,#1778,.T.);
#549=ORIENTED_EDGE('',*,*,#1779,.T.);
#550=ORIENTED_EDGE('',*,*,#1780,.T.);
#551=ORIENTED_EDGE('',*,*,#1781,.T.);
#552=ORIENTED_EDGE('',*,*,#1782,.T.);
#553=ORIENTED_EDGE('',*,*,#1783,.T.);
#554=ORIENTED_EDGE('',*,*,#1784,.F.);
#555=ORIENTED_EDGE('',*,*,#1785,.T.);
#556=ORIENTED_EDGE('',*,*,#1786,.T.);
#557=ORIENTED_EDGE('',*,*,#1787,.T.);
#558=ORIENTED_EDGE('',*,*,#1788,.T.);
#559=ORIENTED_EDGE('',*,*,#1789,.F.);
#560=ORIENTED_EDGE('',*,*,#1790,.T.);
#561=ORIENTED_EDGE('',*,*,#1791,.T.);
#562=ORIENTED_EDGE('',*,*,#1792,.F.);
#563=ORIENTED_EDGE('',*,*,#1793,.F.);
#564=ORIENTED_EDGE('',*,*,#1794,.T.);
#565=ORIENTED_EDGE('',*,*,#1775,.T.);
#566=ORIENTED_EDGE('',*,*,#1795,.T.);
#567=ORIENTED_EDGE('',*,*,#1796,.T.);
#568=ORIENTED_EDGE('',*,*,#1784,.T.);
#569=ORIENTED_EDGE('',*,*,#1797,.T.);
#570=ORIENTED_EDGE('',*,*,#1788,.F.);
#571=ORIENTED_EDGE('',*,*,#1798,.T.);
#572=ORIENTED_EDGE('',*,*,#1799,.T.);
#573=ORIENTED_EDGE('',*,*,#1800,.T.);
#574=ORIENTED_EDGE('',*,*,#1782,.F.);
#575=ORIENTED_EDGE('',*,*,#1801,.T.);
#576=ORIENTED_EDGE('',*,*,#1802,.T.);
#577=ORIENTED_EDGE('',*,*,#1803,.F.);
#578=ORIENTED_EDGE('',*,*,#1629,.T.);
#579=ORIENTED_EDGE('',*,*,#1804,.F.);
#580=ORIENTED_EDGE('',*,*,#1805,.T.);
#581=ORIENTED_EDGE('',*,*,#1806,.T.);
#582=ORIENTED_EDGE('',*,*,#1641,.T.);
#583=ORIENTED_EDGE('',*,*,#1807,.F.);
#584=ORIENTED_EDGE('',*,*,#1808,.F.);
#585=ORIENTED_EDGE('',*,*,#1809,.F.);
#586=ORIENTED_EDGE('',*,*,#1792,.T.);
#587=ORIENTED_EDGE('',*,*,#1810,.F.);
#588=ORIENTED_EDGE('',*,*,#1811,.F.);
#589=ORIENTED_EDGE('',*,*,#1812,.F.);
#590=ORIENTED_EDGE('',*,*,#1813,.F.);
#591=ORIENTED_EDGE('',*,*,#1814,.F.);
#592=ORIENTED_EDGE('',*,*,#1815,.F.);
#593=ORIENTED_EDGE('',*,*,#1816,.F.);
#594=ORIENTED_EDGE('',*,*,#1817,.T.);
#595=ORIENTED_EDGE('',*,*,#1818,.T.);
#596=ORIENTED_EDGE('',*,*,#1819,.F.);
#597=ORIENTED_EDGE('',*,*,#1820,.T.);
#598=ORIENTED_EDGE('',*,*,#1571,.T.);
#599=ORIENTED_EDGE('',*,*,#1821,.F.);
#600=ORIENTED_EDGE('',*,*,#1822,.F.);
#601=ORIENTED_EDGE('',*,*,#1823,.T.);
#602=ORIENTED_EDGE('',*,*,#1824,.F.);
#603=ORIENTED_EDGE('',*,*,#1825,.F.);
#604=ORIENTED_EDGE('',*,*,#1826,.T.);
#605=ORIENTED_EDGE('',*,*,#1823,.F.);
#606=ORIENTED_EDGE('',*,*,#1827,.T.);
#607=ORIENTED_EDGE('',*,*,#1622,.T.);
#608=ORIENTED_EDGE('',*,*,#1702,.T.);
#609=ORIENTED_EDGE('',*,*,#1828,.T.);
#610=ORIENTED_EDGE('',*,*,#1612,.T.);
#611=ORIENTED_EDGE('',*,*,#1829,.T.);
#612=ORIENTED_EDGE('',*,*,#1554,.T.);
#613=ORIENTED_EDGE('',*,*,#1830,.T.);
#614=ORIENTED_EDGE('',*,*,#1831,.T.);
#615=ORIENTED_EDGE('',*,*,#1832,.F.);
#616=ORIENTED_EDGE('',*,*,#1833,.T.);
#617=ORIENTED_EDGE('',*,*,#1546,.F.);
#618=ORIENTED_EDGE('',*,*,#1834,.T.);
#619=ORIENTED_EDGE('',*,*,#1835,.T.);
#620=ORIENTED_EDGE('',*,*,#1836,.T.);
#621=ORIENTED_EDGE('',*,*,#1606,.T.);
#622=ORIENTED_EDGE('',*,*,#1837,.T.);
#623=ORIENTED_EDGE('',*,*,#1838,.F.);
#624=ORIENTED_EDGE('',*,*,#1839,.T.);
#625=ORIENTED_EDGE('',*,*,#1840,.F.);
#626=ORIENTED_EDGE('',*,*,#1841,.F.);
#627=ORIENTED_EDGE('',*,*,#1842,.F.);
#628=ORIENTED_EDGE('',*,*,#1843,.T.);
#629=ORIENTED_EDGE('',*,*,#1844,.F.);
#630=ORIENTED_EDGE('',*,*,#1845,.F.);
#631=ORIENTED_EDGE('',*,*,#1846,.T.);
#632=ORIENTED_EDGE('',*,*,#1847,.F.);
#633=ORIENTED_EDGE('',*,*,#1848,.F.);
#634=ORIENTED_EDGE('',*,*,#1849,.F.);
#635=ORIENTED_EDGE('',*,*,#1850,.F.);
#636=ORIENTED_EDGE('',*,*,#1851,.F.);
#637=ORIENTED_EDGE('',*,*,#1852,.F.);
#638=ORIENTED_EDGE('',*,*,#1853,.F.);
#639=ORIENTED_EDGE('',*,*,#1854,.F.);
#640=ORIENTED_EDGE('',*,*,#1855,.F.);
#641=ORIENTED_EDGE('',*,*,#1856,.F.);
#642=ORIENTED_EDGE('',*,*,#1857,.T.);
#643=ORIENTED_EDGE('',*,*,#1770,.F.);
#644=ORIENTED_EDGE('',*,*,#1858,.F.);
#645=ORIENTED_EDGE('',*,*,#1648,.T.);
#646=ORIENTED_EDGE('',*,*,#1859,.T.);
#647=ORIENTED_EDGE('',*,*,#1860,.F.);
#648=ORIENTED_EDGE('',*,*,#1861,.T.);
#649=ORIENTED_EDGE('',*,*,#1862,.F.);
#650=ORIENTED_EDGE('',*,*,#1863,.F.);
#651=ORIENTED_EDGE('',*,*,#1771,.T.);
#652=ORIENTED_EDGE('',*,*,#1859,.F.);
#653=ORIENTED_EDGE('',*,*,#1647,.F.);
#654=ORIENTED_EDGE('',*,*,#1719,.T.);
#655=ORIENTED_EDGE('',*,*,#1864,.F.);
#656=ORIENTED_EDGE('',*,*,#1865,.T.);
#657=ORIENTED_EDGE('',*,*,#1793,.T.);
#658=ORIENTED_EDGE('',*,*,#1866,.T.);
#659=ORIENTED_EDGE('',*,*,#1867,.F.);
#660=ORIENTED_EDGE('',*,*,#1868,.T.);
#661=ORIENTED_EDGE('',*,*,#1864,.T.);
#662=ORIENTED_EDGE('',*,*,#1869,.T.);
#663=ORIENTED_EDGE('',*,*,#1870,.F.);
#664=ORIENTED_EDGE('',*,*,#1871,.T.);
#665=ORIENTED_EDGE('',*,*,#1867,.T.);
#666=ORIENTED_EDGE('',*,*,#1872,.T.);
#667=ORIENTED_EDGE('',*,*,#1873,.F.);
#668=ORIENTED_EDGE('',*,*,#1874,.T.);
#669=ORIENTED_EDGE('',*,*,#1870,.T.);
#670=ORIENTED_EDGE('',*,*,#1875,.T.);
#671=ORIENTED_EDGE('',*,*,#1799,.F.);
#672=ORIENTED_EDGE('',*,*,#1876,.T.);
#673=ORIENTED_EDGE('',*,*,#1873,.T.);
#674=ORIENTED_EDGE('',*,*,#1877,.T.);
#675=ORIENTED_EDGE('',*,*,#1769,.T.);
#676=ORIENTED_EDGE('',*,*,#1551,.F.);
#677=ORIENTED_EDGE('',*,*,#1649,.F.);
#678=ORIENTED_EDGE('',*,*,#1858,.T.);
#679=ORIENTED_EDGE('',*,*,#1878,.T.);
#680=ORIENTED_EDGE('',*,*,#1879,.T.);
#681=ORIENTED_EDGE('',*,*,#1588,.T.);
#682=ORIENTED_EDGE('',*,*,#1827,.F.);
#683=ORIENTED_EDGE('',*,*,#1822,.T.);
#684=ORIENTED_EDGE('',*,*,#1880,.F.);
#685=ORIENTED_EDGE('',*,*,#1597,.F.);
#686=ORIENTED_EDGE('',*,*,#1881,.F.);
#687=ORIENTED_EDGE('',*,*,#1805,.F.);
#688=ORIENTED_EDGE('',*,*,#1882,.F.);
#689=ORIENTED_EDGE('',*,*,#1623,.T.);
#690=ORIENTED_EDGE('',*,*,#1882,.T.);
#691=ORIENTED_EDGE('',*,*,#1804,.T.);
#692=ORIENTED_EDGE('',*,*,#1628,.T.);
#693=ORIENTED_EDGE('',*,*,#1624,.F.);
#694=ORIENTED_EDGE('',*,*,#1881,.T.);
#695=ORIENTED_EDGE('',*,*,#1596,.T.);
#696=ORIENTED_EDGE('',*,*,#1642,.T.);
#697=ORIENTED_EDGE('',*,*,#1806,.F.);
#698=ORIENTED_EDGE('',*,*,#1821,.T.);
#699=ORIENTED_EDGE('',*,*,#1883,.T.);
#700=ORIENTED_EDGE('',*,*,#1598,.F.);
#701=ORIENTED_EDGE('',*,*,#1880,.T.);
#702=ORIENTED_EDGE('',*,*,#1572,.F.);
#703=ORIENTED_EDGE('',*,*,#1820,.F.);
#704=ORIENTED_EDGE('',*,*,#1884,.T.);
#705=ORIENTED_EDGE('',*,*,#1652,.F.);
#706=ORIENTED_EDGE('',*,*,#1885,.T.);
#707=ORIENTED_EDGE('',*,*,#1814,.T.);
#708=ORIENTED_EDGE('',*,*,#1886,.T.);
#709=ORIENTED_EDGE('',*,*,#1653,.T.);
#710=ORIENTED_EDGE('',*,*,#1884,.F.);
#711=ORIENTED_EDGE('',*,*,#1825,.T.);
#712=ORIENTED_EDGE('',*,*,#1887,.F.);
#713=ORIENTED_EDGE('',*,*,#1888,.T.);
#714=ORIENTED_EDGE('',*,*,#1575,.T.);
#715=ORIENTED_EDGE('',*,*,#1889,.F.);
#716=ORIENTED_EDGE('',*,*,#1890,.T.);
#717=ORIENTED_EDGE('',*,*,#1891,.T.);
#718=ORIENTED_EDGE('',*,*,#1892,.T.);
#719=ORIENTED_EDGE('',*,*,#1569,.F.);
#720=ORIENTED_EDGE('',*,*,#1824,.T.);
#721=ORIENTED_EDGE('',*,*,#1826,.F.);
#722=ORIENTED_EDGE('',*,*,#1621,.F.);
#723=ORIENTED_EDGE('',*,*,#1893,.T.);
#724=ORIENTED_EDGE('',*,*,#1894,.T.);
#725=ORIENTED_EDGE('',*,*,#1895,.T.);
#726=ORIENTED_EDGE('',*,*,#1548,.F.);
#727=ORIENTED_EDGE('',*,*,#1896,.T.);
#728=ORIENTED_EDGE('',*,*,#1897,.T.);
#729=ORIENTED_EDGE('',*,*,#1898,.T.);
#730=ORIENTED_EDGE('',*,*,#1604,.F.);
#731=ORIENTED_EDGE('',*,*,#1899,.T.);
#732=ORIENTED_EDGE('',*,*,#1900,.T.);
#733=ORIENTED_EDGE('',*,*,#1656,.T.);
#734=ORIENTED_EDGE('',*,*,#1901,.F.);
#735=ORIENTED_EDGE('',*,*,#1815,.T.);
#736=ORIENTED_EDGE('',*,*,#1885,.F.);
#737=ORIENTED_EDGE('',*,*,#1902,.F.);
#738=ORIENTED_EDGE('',*,*,#1659,.F.);
#739=ORIENTED_EDGE('',*,*,#1671,.F.);
#740=ORIENTED_EDGE('',*,*,#1903,.T.);
#741=ORIENTED_EDGE('',*,*,#1673,.T.);
#742=ORIENTED_EDGE('',*,*,#1904,.F.);
#743=ORIENTED_EDGE('',*,*,#1905,.T.);
#744=ORIENTED_EDGE('',*,*,#1906,.F.);
#745=ORIENTED_EDGE('',*,*,#1694,.T.);
#746=ORIENTED_EDGE('',*,*,#1907,.T.);
#747=ORIENTED_EDGE('',*,*,#1674,.F.);
#748=ORIENTED_EDGE('',*,*,#1903,.F.);
#749=ORIENTED_EDGE('',*,*,#1670,.T.);
#750=ORIENTED_EDGE('',*,*,#1908,.T.);
#751=ORIENTED_EDGE('',*,*,#1899,.F.);
#752=ORIENTED_EDGE('',*,*,#1909,.T.);
#753=ORIENTED_EDGE('',*,*,#1655,.F.);
#754=ORIENTED_EDGE('',*,*,#1910,.T.);
#755=ORIENTED_EDGE('',*,*,#1812,.T.);
#756=ORIENTED_EDGE('',*,*,#1901,.T.);
#757=ORIENTED_EDGE('',*,*,#1691,.T.);
#758=ORIENTED_EDGE('',*,*,#1911,.T.);
#759=ORIENTED_EDGE('',*,*,#1755,.F.);
#760=ORIENTED_EDGE('',*,*,#1912,.T.);
#761=ORIENTED_EDGE('',*,*,#1757,.F.);
#762=ORIENTED_EDGE('',*,*,#1913,.T.);
#763=ORIENTED_EDGE('',*,*,#1689,.T.);
#764=ORIENTED_EDGE('',*,*,#1914,.T.);
#765=ORIENTED_EDGE('',*,*,#1817,.F.);
#766=ORIENTED_EDGE('',*,*,#1915,.F.);
#767=ORIENTED_EDGE('',*,*,#1916,.T.);
#768=ORIENTED_EDGE('',*,*,#1917,.T.);
#769=ORIENTED_EDGE('',*,*,#1816,.T.);
#770=ORIENTED_EDGE('',*,*,#1918,.F.);
#771=ORIENTED_EDGE('',*,*,#1919,.F.);
#772=ORIENTED_EDGE('',*,*,#1915,.T.);
#773=ORIENTED_EDGE('',*,*,#1819,.T.);
#774=ORIENTED_EDGE('',*,*,#1920,.F.);
#775=ORIENTED_EDGE('',*,*,#1921,.F.);
#776=ORIENTED_EDGE('',*,*,#1918,.T.);
#777=ORIENTED_EDGE('',*,*,#1818,.F.);
#778=ORIENTED_EDGE('',*,*,#1917,.F.);
#779=ORIENTED_EDGE('',*,*,#1922,.T.);
#780=ORIENTED_EDGE('',*,*,#1920,.T.);
#781=ORIENTED_EDGE('',*,*,#1916,.F.);
#782=ORIENTED_EDGE('',*,*,#1919,.T.);
#783=ORIENTED_EDGE('',*,*,#1921,.T.);
#784=ORIENTED_EDGE('',*,*,#1922,.F.);
#785=ORIENTED_EDGE('',*,*,#1640,.F.);
#786=ORIENTED_EDGE('',*,*,#1923,.T.);
#787=ORIENTED_EDGE('',*,*,#1786,.F.);
#788=ORIENTED_EDGE('',*,*,#1802,.F.);
#789=ORIENTED_EDGE('',*,*,#1924,.T.);
#790=ORIENTED_EDGE('',*,*,#1807,.T.);
#791=ORIENTED_EDGE('',*,*,#1780,.F.);
#792=ORIENTED_EDGE('',*,*,#1925,.T.);
#793=ORIENTED_EDGE('',*,*,#1789,.T.);
#794=ORIENTED_EDGE('',*,*,#1809,.T.);
#795=ORIENTED_EDGE('',*,*,#1926,.F.);
#796=ORIENTED_EDGE('',*,*,#1926,.T.);
#797=ORIENTED_EDGE('',*,*,#1808,.T.);
#798=ORIENTED_EDGE('',*,*,#1924,.F.);
#799=ORIENTED_EDGE('',*,*,#1801,.F.);
#800=ORIENTED_EDGE('',*,*,#1781,.F.);
#801=ORIENTED_EDGE('',*,*,#1791,.F.);
#802=ORIENTED_EDGE('',*,*,#1927,.T.);
#803=ORIENTED_EDGE('',*,*,#1778,.F.);
#804=ORIENTED_EDGE('',*,*,#1928,.T.);
#805=ORIENTED_EDGE('',*,*,#1810,.T.);
#806=ORIENTED_EDGE('',*,*,#1796,.F.);
#807=ORIENTED_EDGE('',*,*,#1929,.T.);
#808=ORIENTED_EDGE('',*,*,#1811,.T.);
#809=ORIENTED_EDGE('',*,*,#1928,.F.);
#810=ORIENTED_EDGE('',*,*,#1785,.F.);
#811=ORIENTED_EDGE('',*,*,#1777,.F.);
#812=ORIENTED_EDGE('',*,*,#1930,.T.);
#813=ORIENTED_EDGE('',*,*,#1630,.T.);
#814=ORIENTED_EDGE('',*,*,#1803,.T.);
#815=ORIENTED_EDGE('',*,*,#1929,.F.);
#816=ORIENTED_EDGE('',*,*,#1795,.F.);
#817=ORIENTED_EDGE('',*,*,#1761,.F.);
#818=ORIENTED_EDGE('',*,*,#1931,.T.);
#819=ORIENTED_EDGE('',*,*,#1713,.T.);
#820=ORIENTED_EDGE('',*,*,#1709,.F.);
#821=ORIENTED_EDGE('',*,*,#1932,.F.);
#822=ORIENTED_EDGE('',*,*,#1932,.T.);
#823=ORIENTED_EDGE('',*,*,#1708,.F.);
#824=ORIENTED_EDGE('',*,*,#1933,.F.);
#825=ORIENTED_EDGE('',*,*,#1762,.F.);
#826=ORIENTED_EDGE('',*,*,#1774,.F.);
#827=ORIENTED_EDGE('',*,*,#1934,.T.);
#828=ORIENTED_EDGE('',*,*,#1763,.F.);
#829=ORIENTED_EDGE('',*,*,#1933,.T.);
#830=ORIENTED_EDGE('',*,*,#1707,.F.);
#831=ORIENTED_EDGE('',*,*,#1765,.T.);
#832=ORIENTED_EDGE('',*,*,#1935,.T.);
#833=ORIENTED_EDGE('',*,*,#1772,.T.);
#834=ORIENTED_EDGE('',*,*,#1705,.T.);
#835=ORIENTED_EDGE('',*,*,#1936,.F.);
#836=ORIENTED_EDGE('',*,*,#1766,.T.);
#837=ORIENTED_EDGE('',*,*,#1936,.T.);
#838=ORIENTED_EDGE('',*,*,#1704,.T.);
#839=ORIENTED_EDGE('',*,*,#1937,.F.);
#840=ORIENTED_EDGE('',*,*,#1831,.F.);
#841=ORIENTED_EDGE('',*,*,#1938,.T.);
#842=ORIENTED_EDGE('',*,*,#1767,.T.);
#843=ORIENTED_EDGE('',*,*,#1937,.T.);
#844=ORIENTED_EDGE('',*,*,#1703,.T.);
#845=ORIENTED_EDGE('',*,*,#1729,.T.);
#846=ORIENTED_EDGE('',*,*,#1939,.T.);
#847=ORIENTED_EDGE('',*,*,#1644,.T.);
#848=ORIENTED_EDGE('',*,*,#1940,.T.);
#849=ORIENTED_EDGE('',*,*,#1835,.F.);
#850=ORIENTED_EDGE('',*,*,#1941,.T.);
#851=ORIENTED_EDGE('',*,*,#1733,.F.);
#852=ORIENTED_EDGE('',*,*,#1942,.T.);
#853=ORIENTED_EDGE('',*,*,#1610,.T.);
#854=ORIENTED_EDGE('',*,*,#1943,.T.);
#855=ORIENTED_EDGE('',*,*,#1556,.T.);
#856=ORIENTED_EDGE('',*,*,#1944,.F.);
#857=ORIENTED_EDGE('',*,*,#1931,.F.);
#858=ORIENTED_EDGE('',*,*,#1760,.F.);
#859=ORIENTED_EDGE('',*,*,#1717,.F.);
#860=ORIENTED_EDGE('',*,*,#1714,.F.);
#861=ORIENTED_EDGE('',*,*,#1935,.F.);
#862=ORIENTED_EDGE('',*,*,#1764,.F.);
#863=ORIENTED_EDGE('',*,*,#1934,.F.);
#864=ORIENTED_EDGE('',*,*,#1773,.F.);
#865=ORIENTED_EDGE('',*,*,#1553,.F.);
#866=ORIENTED_EDGE('',*,*,#1768,.F.);
#867=ORIENTED_EDGE('',*,*,#1938,.F.);
#868=ORIENTED_EDGE('',*,*,#1830,.F.);
#869=ORIENTED_EDGE('',*,*,#1559,.F.);
#870=ORIENTED_EDGE('',*,*,#1734,.F.);
#871=ORIENTED_EDGE('',*,*,#1941,.F.);
#872=ORIENTED_EDGE('',*,*,#1834,.F.);
#873=ORIENTED_EDGE('',*,*,#1939,.F.);
#874=ORIENTED_EDGE('',*,*,#1728,.F.);
#875=ORIENTED_EDGE('',*,*,#1720,.F.);
#876=ORIENTED_EDGE('',*,*,#1645,.F.);
#877=ORIENTED_EDGE('',*,*,#1927,.F.);
#878=ORIENTED_EDGE('',*,*,#1790,.F.);
#879=ORIENTED_EDGE('',*,*,#1925,.F.);
#880=ORIENTED_EDGE('',*,*,#1779,.F.);
#881=ORIENTED_EDGE('',*,*,#1930,.F.);
#882=ORIENTED_EDGE('',*,*,#1776,.F.);
#883=ORIENTED_EDGE('',*,*,#1945,.F.);
#884=ORIENTED_EDGE('',*,*,#1631,.F.);
#885=ORIENTED_EDGE('',*,*,#1945,.T.);
#886=ORIENTED_EDGE('',*,*,#1794,.F.);
#887=ORIENTED_EDGE('',*,*,#1946,.F.);
#888=ORIENTED_EDGE('',*,*,#1632,.F.);
#889=ORIENTED_EDGE('',*,*,#1946,.T.);
#890=ORIENTED_EDGE('',*,*,#1865,.F.);
#891=ORIENTED_EDGE('',*,*,#1947,.F.);
#892=ORIENTED_EDGE('',*,*,#1633,.F.);
#893=ORIENTED_EDGE('',*,*,#1947,.T.);
#894=ORIENTED_EDGE('',*,*,#1868,.F.);
#895=ORIENTED_EDGE('',*,*,#1948,.F.);
#896=ORIENTED_EDGE('',*,*,#1634,.F.);
#897=ORIENTED_EDGE('',*,*,#1948,.T.);
#898=ORIENTED_EDGE('',*,*,#1871,.F.);
#899=ORIENTED_EDGE('',*,*,#1949,.F.);
#900=ORIENTED_EDGE('',*,*,#1635,.F.);
#901=ORIENTED_EDGE('',*,*,#1949,.T.);
#902=ORIENTED_EDGE('',*,*,#1874,.F.);
#903=ORIENTED_EDGE('',*,*,#1950,.F.);
#904=ORIENTED_EDGE('',*,*,#1636,.F.);
#905=ORIENTED_EDGE('',*,*,#1950,.T.);
#906=ORIENTED_EDGE('',*,*,#1876,.F.);
#907=ORIENTED_EDGE('',*,*,#1951,.F.);
#908=ORIENTED_EDGE('',*,*,#1637,.F.);
#909=ORIENTED_EDGE('',*,*,#1951,.T.);
#910=ORIENTED_EDGE('',*,*,#1798,.F.);
#911=ORIENTED_EDGE('',*,*,#1952,.F.);
#912=ORIENTED_EDGE('',*,*,#1638,.F.);
#913=ORIENTED_EDGE('',*,*,#1923,.F.);
#914=ORIENTED_EDGE('',*,*,#1639,.F.);
#915=ORIENTED_EDGE('',*,*,#1952,.T.);
#916=ORIENTED_EDGE('',*,*,#1787,.F.);
#917=ORIENTED_EDGE('',*,*,#1953,.F.);
#918=ORIENTED_EDGE('',*,*,#1797,.F.);
#919=ORIENTED_EDGE('',*,*,#1954,.F.);
#920=ORIENTED_EDGE('',*,*,#1751,.F.);
#921=ORIENTED_EDGE('',*,*,#1954,.T.);
#922=ORIENTED_EDGE('',*,*,#1783,.F.);
#923=ORIENTED_EDGE('',*,*,#1955,.F.);
#924=ORIENTED_EDGE('',*,*,#1752,.F.);
#925=ORIENTED_EDGE('',*,*,#1953,.T.);
#926=ORIENTED_EDGE('',*,*,#1750,.F.);
#927=ORIENTED_EDGE('',*,*,#1956,.F.);
#928=ORIENTED_EDGE('',*,*,#1866,.F.);
#929=ORIENTED_EDGE('',*,*,#1955,.T.);
#930=ORIENTED_EDGE('',*,*,#1800,.F.);
#931=ORIENTED_EDGE('',*,*,#1957,.F.);
#932=ORIENTED_EDGE('',*,*,#1753,.F.);
#933=ORIENTED_EDGE('',*,*,#1956,.T.);
#934=ORIENTED_EDGE('',*,*,#1749,.F.);
#935=ORIENTED_EDGE('',*,*,#1958,.F.);
#936=ORIENTED_EDGE('',*,*,#1869,.F.);
#937=ORIENTED_EDGE('',*,*,#1957,.T.);
#938=ORIENTED_EDGE('',*,*,#1877,.F.);
#939=ORIENTED_EDGE('',*,*,#1959,.F.);
#940=ORIENTED_EDGE('',*,*,#1746,.F.);
#941=ORIENTED_EDGE('',*,*,#1958,.T.);
#942=ORIENTED_EDGE('',*,*,#1748,.F.);
#943=ORIENTED_EDGE('',*,*,#1960,.F.);
#944=ORIENTED_EDGE('',*,*,#1872,.F.);
#945=ORIENTED_EDGE('',*,*,#1959,.T.);
#946=ORIENTED_EDGE('',*,*,#1875,.F.);
#947=ORIENTED_EDGE('',*,*,#1960,.T.);
#948=ORIENTED_EDGE('',*,*,#1747,.F.);
#949=ORIENTED_EDGE('',*,*,#1961,.F.);
#950=ORIENTED_EDGE('',*,*,#1848,.T.);
#951=ORIENTED_EDGE('',*,*,#1962,.F.);
#952=ORIENTED_EDGE('',*,*,#1849,.T.);
#953=ORIENTED_EDGE('',*,*,#1961,.T.);
#954=ORIENTED_EDGE('',*,*,#1963,.F.);
#955=ORIENTED_EDGE('',*,*,#1964,.F.);
#956=ORIENTED_EDGE('',*,*,#1962,.T.);
#957=ORIENTED_EDGE('',*,*,#1847,.T.);
#958=ORIENTED_EDGE('',*,*,#1965,.F.);
#959=ORIENTED_EDGE('',*,*,#1963,.T.);
#960=ORIENTED_EDGE('',*,*,#1850,.T.);
#961=ORIENTED_EDGE('',*,*,#1964,.T.);
#962=ORIENTED_EDGE('',*,*,#1966,.F.);
#963=ORIENTED_EDGE('',*,*,#1967,.F.);
#964=ORIENTED_EDGE('',*,*,#1856,.T.);
#965=ORIENTED_EDGE('',*,*,#1968,.F.);
#966=ORIENTED_EDGE('',*,*,#1969,.F.);
#967=ORIENTED_EDGE('',*,*,#1965,.T.);
#968=ORIENTED_EDGE('',*,*,#1846,.F.);
#969=ORIENTED_EDGE('',*,*,#1970,.F.);
#970=ORIENTED_EDGE('',*,*,#1966,.T.);
#971=ORIENTED_EDGE('',*,*,#1969,.T.);
#972=ORIENTED_EDGE('',*,*,#1971,.F.);
#973=ORIENTED_EDGE('',*,*,#1851,.T.);
#974=ORIENTED_EDGE('',*,*,#1972,.F.);
#975=ORIENTED_EDGE('',*,*,#1853,.T.);
#976=ORIENTED_EDGE('',*,*,#1973,.F.);
#977=ORIENTED_EDGE('',*,*,#1974,.F.);
#978=ORIENTED_EDGE('',*,*,#1968,.T.);
#979=ORIENTED_EDGE('',*,*,#1855,.T.);
#980=ORIENTED_EDGE('',*,*,#1975,.F.);
#981=ORIENTED_EDGE('',*,*,#1967,.T.);
#982=ORIENTED_EDGE('',*,*,#1974,.T.);
#983=ORIENTED_EDGE('',*,*,#1976,.F.);
#984=ORIENTED_EDGE('',*,*,#1857,.F.);
#985=ORIENTED_EDGE('',*,*,#1970,.T.);
#986=ORIENTED_EDGE('',*,*,#1845,.T.);
#987=ORIENTED_EDGE('',*,*,#1977,.F.);
#988=ORIENTED_EDGE('',*,*,#1852,.T.);
#989=ORIENTED_EDGE('',*,*,#1971,.T.);
#990=ORIENTED_EDGE('',*,*,#1978,.F.);
#991=ORIENTED_EDGE('',*,*,#1973,.T.);
#992=ORIENTED_EDGE('',*,*,#1854,.T.);
#993=ORIENTED_EDGE('',*,*,#1972,.T.);
#994=ORIENTED_EDGE('',*,*,#1979,.F.);
#995=ORIENTED_EDGE('',*,*,#1975,.T.);
#996=ORIENTED_EDGE('',*,*,#1842,.T.);
#997=ORIENTED_EDGE('',*,*,#1976,.T.);
#998=ORIENTED_EDGE('',*,*,#1980,.F.);
#999=ORIENTED_EDGE('',*,*,#1977,.T.);
#1000=ORIENTED_EDGE('',*,*,#1844,.T.);
#1001=ORIENTED_EDGE('',*,*,#1981,.F.);
#1002=ORIENTED_EDGE('',*,*,#1978,.T.);
#1003=ORIENTED_EDGE('',*,*,#1980,.T.);
#1004=ORIENTED_EDGE('',*,*,#1979,.T.);
#1005=ORIENTED_EDGE('',*,*,#1981,.T.);
#1006=ORIENTED_EDGE('',*,*,#1843,.F.);
#1007=ORIENTED_EDGE('',*,*,#1982,.F.);
#1008=ORIENTED_EDGE('',*,*,#1838,.T.);
#1009=ORIENTED_EDGE('',*,*,#1983,.F.);
#1010=ORIENTED_EDGE('',*,*,#1984,.F.);
#1011=ORIENTED_EDGE('',*,*,#1983,.T.);
#1012=ORIENTED_EDGE('',*,*,#1841,.T.);
#1013=ORIENTED_EDGE('',*,*,#1985,.F.);
#1014=ORIENTED_EDGE('',*,*,#1982,.T.);
#1015=ORIENTED_EDGE('',*,*,#1984,.T.);
#1016=ORIENTED_EDGE('',*,*,#1986,.F.);
#1017=ORIENTED_EDGE('',*,*,#1839,.F.);
#1018=ORIENTED_EDGE('',*,*,#1985,.T.);
#1019=ORIENTED_EDGE('',*,*,#1840,.T.);
#1020=ORIENTED_EDGE('',*,*,#1986,.T.);
#1021=ORIENTED_EDGE('',*,*,#1987,.F.);
#1022=ORIENTED_EDGE('',*,*,#1860,.T.);
#1023=ORIENTED_EDGE('',*,*,#1988,.F.);
#1024=ORIENTED_EDGE('',*,*,#1989,.F.);
#1025=ORIENTED_EDGE('',*,*,#1988,.T.);
#1026=ORIENTED_EDGE('',*,*,#1863,.T.);
#1027=ORIENTED_EDGE('',*,*,#1990,.F.);
#1028=ORIENTED_EDGE('',*,*,#1987,.T.);
#1029=ORIENTED_EDGE('',*,*,#1989,.T.);
#1030=ORIENTED_EDGE('',*,*,#1991,.F.);
#1031=ORIENTED_EDGE('',*,*,#1861,.F.);
#1032=ORIENTED_EDGE('',*,*,#1990,.T.);
#1033=ORIENTED_EDGE('',*,*,#1862,.T.);
#1034=ORIENTED_EDGE('',*,*,#1991,.T.);
#1035=ORIENTED_EDGE('',*,*,#1732,.F.);
#1036=ORIENTED_EDGE('',*,*,#1607,.F.);
#1037=ORIENTED_EDGE('',*,*,#1836,.F.);
#1038=ORIENTED_EDGE('',*,*,#1942,.F.);
#1039=ORIENTED_EDGE('',*,*,#1643,.F.);
#1040=ORIENTED_EDGE('',*,*,#1594,.F.);
#1041=ORIENTED_EDGE('',*,*,#1730,.F.);
#1042=ORIENTED_EDGE('',*,*,#1940,.F.);
#1043=ORIENTED_EDGE('',*,*,#1592,.F.);
#1044=ORIENTED_EDGE('',*,*,#1992,.T.);
#1045=ORIENTED_EDGE('',*,*,#1722,.T.);
#1046=ORIENTED_EDGE('',*,*,#1727,.F.);
#1047=ORIENTED_EDGE('',*,*,#1618,.F.);
#1048=ORIENTED_EDGE('',*,*,#1993,.T.);
#1049=ORIENTED_EDGE('',*,*,#1726,.T.);
#1050=ORIENTED_EDGE('',*,*,#1994,.T.);
#1051=ORIENTED_EDGE('',*,*,#1995,.T.);
#1052=ORIENTED_EDGE('',*,*,#1590,.T.);
#1053=ORIENTED_EDGE('',*,*,#1996,.T.);
#1054=ORIENTED_EDGE('',*,*,#1997,.T.);
#1055=ORIENTED_EDGE('',*,*,#1724,.T.);
#1056=ORIENTED_EDGE('',*,*,#1613,.F.);
#1057=ORIENTED_EDGE('',*,*,#1994,.F.);
#1058=ORIENTED_EDGE('',*,*,#1725,.F.);
#1059=ORIENTED_EDGE('',*,*,#1997,.F.);
#1060=ORIENTED_EDGE('',*,*,#1591,.F.);
#1061=ORIENTED_EDGE('',*,*,#1995,.F.);
#1062=ORIENTED_EDGE('',*,*,#1723,.F.);
#1063=ORIENTED_EDGE('',*,*,#1992,.F.);
#1064=ORIENTED_EDGE('',*,*,#1611,.F.);
#1065=ORIENTED_EDGE('',*,*,#1944,.T.);
#1066=ORIENTED_EDGE('',*,*,#1555,.F.);
#1067=ORIENTED_EDGE('',*,*,#1829,.F.);
#1068=ORIENTED_EDGE('',*,*,#1609,.F.);
#1069=ORIENTED_EDGE('',*,*,#1731,.F.);
#1070=ORIENTED_EDGE('',*,*,#1557,.F.);
#1071=ORIENTED_EDGE('',*,*,#1943,.F.);
#1072=ORIENTED_EDGE('',*,*,#1756,.F.);
#1073=ORIENTED_EDGE('',*,*,#1911,.F.);
#1074=ORIENTED_EDGE('',*,*,#1690,.F.);
#1075=ORIENTED_EDGE('',*,*,#1913,.F.);
#1076=ORIENTED_EDGE('',*,*,#1754,.F.);
#1077=ORIENTED_EDGE('',*,*,#1663,.F.);
#1078=ORIENTED_EDGE('',*,*,#1692,.F.);
#1079=ORIENTED_EDGE('',*,*,#1912,.F.);
#1080=ORIENTED_EDGE('',*,*,#1998,.T.);
#1081=ORIENTED_EDGE('',*,*,#1999,.T.);
#1082=ORIENTED_EDGE('',*,*,#1665,.F.);
#1083=ORIENTED_EDGE('',*,*,#1759,.F.);
#1084=ORIENTED_EDGE('',*,*,#1578,.F.);
#1085=ORIENTED_EDGE('',*,*,#1758,.F.);
#1086=ORIENTED_EDGE('',*,*,#1914,.F.);
#1087=ORIENTED_EDGE('',*,*,#1688,.F.);
#1088=ORIENTED_EDGE('',*,*,#1580,.F.);
#1089=ORIENTED_EDGE('',*,*,#1886,.F.);
#1090=ORIENTED_EDGE('',*,*,#1813,.T.);
#1091=ORIENTED_EDGE('',*,*,#1910,.F.);
#1092=ORIENTED_EDGE('',*,*,#1654,.F.);
#1093=ORIENTED_EDGE('',*,*,#2000,.T.);
#1094=ORIENTED_EDGE('',*,*,#1737,.T.);
#1095=ORIENTED_EDGE('',*,*,#2001,.F.);
#1096=ORIENTED_EDGE('',*,*,#2002,.T.);
#1097=ORIENTED_EDGE('',*,*,#1700,.F.);
#1098=ORIENTED_EDGE('',*,*,#2003,.T.);
#1099=ORIENTED_EDGE('',*,*,#1738,.T.);
#1100=ORIENTED_EDGE('',*,*,#2000,.F.);
#1101=ORIENTED_EDGE('',*,*,#1699,.F.);
#1102=ORIENTED_EDGE('',*,*,#2001,.T.);
#1103=ORIENTED_EDGE('',*,*,#1736,.T.);
#1104=ORIENTED_EDGE('',*,*,#1684,.F.);
#1105=ORIENTED_EDGE('',*,*,#2004,.T.);
#1106=ORIENTED_EDGE('',*,*,#2005,.T.);
#1107=ORIENTED_EDGE('',*,*,#1739,.T.);
#1108=ORIENTED_EDGE('',*,*,#2003,.F.);
#1109=ORIENTED_EDGE('',*,*,#1698,.F.);
#1110=ORIENTED_EDGE('',*,*,#2006,.T.);
#1111=ORIENTED_EDGE('',*,*,#1740,.T.);
#1112=ORIENTED_EDGE('',*,*,#2005,.F.);
#1113=ORIENTED_EDGE('',*,*,#1697,.F.);
#1114=ORIENTED_EDGE('',*,*,#2007,.T.);
#1115=ORIENTED_EDGE('',*,*,#1741,.T.);
#1116=ORIENTED_EDGE('',*,*,#2006,.F.);
#1117=ORIENTED_EDGE('',*,*,#1696,.F.);
#1118=ORIENTED_EDGE('',*,*,#2008,.T.);
#1119=ORIENTED_EDGE('',*,*,#2009,.T.);
#1120=ORIENTED_EDGE('',*,*,#1742,.T.);
#1121=ORIENTED_EDGE('',*,*,#2007,.F.);
#1122=ORIENTED_EDGE('',*,*,#2010,.T.);
#1123=ORIENTED_EDGE('',*,*,#2011,.F.);
#1124=ORIENTED_EDGE('',*,*,#2012,.T.);
#1125=ORIENTED_EDGE('',*,*,#1675,.F.);
#1126=ORIENTED_EDGE('',*,*,#2013,.T.);
#1127=ORIENTED_EDGE('',*,*,#1743,.T.);
#1128=ORIENTED_EDGE('',*,*,#2009,.F.);
#1129=ORIENTED_EDGE('',*,*,#2014,.T.);
#1130=ORIENTED_EDGE('',*,*,#2015,.T.);
#1131=ORIENTED_EDGE('',*,*,#1744,.T.);
#1132=ORIENTED_EDGE('',*,*,#2013,.F.);
#1133=ORIENTED_EDGE('',*,*,#1680,.F.);
#1134=ORIENTED_EDGE('',*,*,#2016,.T.);
#1135=ORIENTED_EDGE('',*,*,#1745,.T.);
#1136=ORIENTED_EDGE('',*,*,#2015,.F.);
#1137=ORIENTED_EDGE('',*,*,#1679,.F.);
#1138=ORIENTED_EDGE('',*,*,#1686,.T.);
#1139=ORIENTED_EDGE('',*,*,#1735,.T.);
#1140=ORIENTED_EDGE('',*,*,#2016,.F.);
#1141=ORIENTED_EDGE('',*,*,#1678,.F.);
#1142=ORIENTED_EDGE('',*,*,#1883,.F.);
#1143=ORIENTED_EDGE('',*,*,#1570,.F.);
#1144=ORIENTED_EDGE('',*,*,#1892,.F.);
#1145=ORIENTED_EDGE('',*,*,#2017,.T.);
#1146=ORIENTED_EDGE('',*,*,#1878,.F.);
#1147=ORIENTED_EDGE('',*,*,#1599,.F.);
#1148=ORIENTED_EDGE('',*,*,#1695,.F.);
#1149=ORIENTED_EDGE('',*,*,#1906,.T.);
#1150=ORIENTED_EDGE('',*,*,#1600,.F.);
#1151=ORIENTED_EDGE('',*,*,#1828,.F.);
#1152=ORIENTED_EDGE('',*,*,#1701,.F.);
#1153=ORIENTED_EDGE('',*,*,#2002,.F.);
#1154=ORIENTED_EDGE('',*,*,#2004,.F.);
#1155=ORIENTED_EDGE('',*,*,#1683,.F.);
#1156=ORIENTED_EDGE('',*,*,#2018,.F.);
#1157=ORIENTED_EDGE('',*,*,#2014,.F.);
#1158=ORIENTED_EDGE('',*,*,#2010,.F.);
#1159=ORIENTED_EDGE('',*,*,#2008,.F.);
#1160=ORIENTED_EDGE('',*,*,#2019,.T.);
#1161=ORIENTED_EDGE('',*,*,#2011,.T.);
#1162=ORIENTED_EDGE('',*,*,#2018,.T.);
#1163=ORIENTED_EDGE('',*,*,#1682,.F.);
#1164=ORIENTED_EDGE('',*,*,#2012,.F.);
#1165=ORIENTED_EDGE('',*,*,#2019,.F.);
#1166=ORIENTED_EDGE('',*,*,#1681,.F.);
#1167=ORIENTED_EDGE('',*,*,#1676,.F.);
#1168=ORIENTED_EDGE('',*,*,#1617,.F.);
#1169=ORIENTED_EDGE('',*,*,#2020,.T.);
#1170=ORIENTED_EDGE('',*,*,#1715,.F.);
#1171=ORIENTED_EDGE('',*,*,#1993,.F.);
#1172=ORIENTED_EDGE('',*,*,#1616,.F.);
#1173=ORIENTED_EDGE('',*,*,#1712,.F.);
#1174=ORIENTED_EDGE('',*,*,#1716,.F.);
#1175=ORIENTED_EDGE('',*,*,#2020,.F.);
#1176=ORIENTED_EDGE('',*,*,#1908,.F.);
#1177=ORIENTED_EDGE('',*,*,#1669,.T.);
#1178=ORIENTED_EDGE('',*,*,#1657,.T.);
#1179=ORIENTED_EDGE('',*,*,#1900,.F.);
#1180=ORIENTED_EDGE('',*,*,#1661,.T.);
#1181=ORIENTED_EDGE('',*,*,#1672,.T.);
#1182=ORIENTED_EDGE('',*,*,#1907,.F.);
#1183=ORIENTED_EDGE('',*,*,#1693,.T.);
#1184=ORIENTED_EDGE('',*,*,#2021,.F.);
#1185=ORIENTED_EDGE('',*,*,#1902,.T.);
#1186=ORIENTED_EDGE('',*,*,#2021,.T.);
#1187=ORIENTED_EDGE('',*,*,#1626,.T.);
#1188=ORIENTED_EDGE('',*,*,#2022,.T.);
#1189=ORIENTED_EDGE('',*,*,#1894,.F.);
#1190=ORIENTED_EDGE('',*,*,#2023,.T.);
#1191=ORIENTED_EDGE('',*,*,#1897,.F.);
#1192=ORIENTED_EDGE('',*,*,#2024,.T.);
#1193=ORIENTED_EDGE('',*,*,#1832,.T.);
#1194=ORIENTED_EDGE('',*,*,#2025,.T.);
#1195=ORIENTED_EDGE('',*,*,#1837,.F.);
#1196=ORIENTED_EDGE('',*,*,#1605,.F.);
#1197=ORIENTED_EDGE('',*,*,#1898,.F.);
#1198=ORIENTED_EDGE('',*,*,#2025,.F.);
#1199=ORIENTED_EDGE('',*,*,#1893,.F.);
#1200=ORIENTED_EDGE('',*,*,#1620,.F.);
#1201=ORIENTED_EDGE('',*,*,#1627,.F.);
#1202=ORIENTED_EDGE('',*,*,#2023,.F.);
#1203=ORIENTED_EDGE('',*,*,#2026,.F.);
#1204=ORIENTED_EDGE('',*,*,#1889,.T.);
#1205=ORIENTED_EDGE('',*,*,#1574,.F.);
#1206=ORIENTED_EDGE('',*,*,#1687,.T.);
#1207=ORIENTED_EDGE('',*,*,#1585,.F.);
#1208=ORIENTED_EDGE('',*,*,#1896,.F.);
#1209=ORIENTED_EDGE('',*,*,#1547,.F.);
#1210=ORIENTED_EDGE('',*,*,#1833,.F.);
#1211=ORIENTED_EDGE('',*,*,#2024,.F.);
#1212=ORIENTED_EDGE('',*,*,#1625,.F.);
#1213=ORIENTED_EDGE('',*,*,#1549,.F.);
#1214=ORIENTED_EDGE('',*,*,#1895,.F.);
#1215=ORIENTED_EDGE('',*,*,#2022,.F.);
#1216=ORIENTED_EDGE('',*,*,#1904,.T.);
#1217=ORIENTED_EDGE('',*,*,#2027,.T.);
#1218=ORIENTED_EDGE('',*,*,#2028,.T.);
#1219=ORIENTED_EDGE('',*,*,#2029,.T.);
#1220=ORIENTED_EDGE('',*,*,#1905,.F.);
#1221=ORIENTED_EDGE('',*,*,#2029,.F.);
#1222=ORIENTED_EDGE('',*,*,#2030,.F.);
#1223=ORIENTED_EDGE('',*,*,#1601,.F.);
#1224=ORIENTED_EDGE('',*,*,#2030,.T.);
#1225=ORIENTED_EDGE('',*,*,#2028,.F.);
#1226=ORIENTED_EDGE('',*,*,#2031,.F.);
#1227=ORIENTED_EDGE('',*,*,#1602,.F.);
#1228=ORIENTED_EDGE('',*,*,#2031,.T.);
#1229=ORIENTED_EDGE('',*,*,#2027,.F.);
#1230=ORIENTED_EDGE('',*,*,#1909,.F.);
#1231=ORIENTED_EDGE('',*,*,#1603,.F.);
#1232=ORIENTED_EDGE('',*,*,#1584,.F.);
#1233=ORIENTED_EDGE('',*,*,#2032,.T.);
#1234=ORIENTED_EDGE('',*,*,#2033,.T.);
#1235=ORIENTED_EDGE('',*,*,#2026,.T.);
#1236=ORIENTED_EDGE('',*,*,#1996,.F.);
#1237=ORIENTED_EDGE('',*,*,#2034,.T.);
#1238=ORIENTED_EDGE('',*,*,#2032,.F.);
#1239=ORIENTED_EDGE('',*,*,#1583,.F.);
#1240=ORIENTED_EDGE('',*,*,#1614,.F.);
#1241=ORIENTED_EDGE('',*,*,#2035,.T.);
#1242=ORIENTED_EDGE('',*,*,#2036,.T.);
#1243=ORIENTED_EDGE('',*,*,#1998,.F.);
#1244=ORIENTED_EDGE('',*,*,#1577,.F.);
#1245=ORIENTED_EDGE('',*,*,#2037,.T.);
#1246=ORIENTED_EDGE('',*,*,#2035,.F.);
#1247=ORIENTED_EDGE('',*,*,#2038,.T.);
#1248=ORIENTED_EDGE('',*,*,#1887,.T.);
#1249=ORIENTED_EDGE('',*,*,#1667,.T.);
#1250=ORIENTED_EDGE('',*,*,#2039,.T.);
#1251=ORIENTED_EDGE('',*,*,#2040,.T.);
#1252=ORIENTED_EDGE('',*,*,#2041,.T.);
#1253=ORIENTED_EDGE('',*,*,#2042,.T.);
#1254=ORIENTED_EDGE('',*,*,#2043,.T.);
#1255=ORIENTED_EDGE('',*,*,#1668,.F.);
#1256=ORIENTED_EDGE('',*,*,#2044,.F.);
#1257=ORIENTED_EDGE('',*,*,#2045,.T.);
#1258=ORIENTED_EDGE('',*,*,#2046,.T.);
#1259=ORIENTED_EDGE('',*,*,#1651,.T.);
#1260=ORIENTED_EDGE('',*,*,#2047,.T.);
#1261=ORIENTED_EDGE('',*,*,#2044,.T.);
#1262=ORIENTED_EDGE('',*,*,#2048,.T.);
#1263=ORIENTED_EDGE('',*,*,#2042,.F.);
#1264=ORIENTED_EDGE('',*,*,#2049,.T.);
#1265=ORIENTED_EDGE('',*,*,#2046,.F.);
#1266=ORIENTED_EDGE('',*,*,#2050,.T.);
#1267=ORIENTED_EDGE('',*,*,#2040,.F.);
#1268=ORIENTED_EDGE('',*,*,#1573,.F.);
#1269=ORIENTED_EDGE('',*,*,#2034,.F.);
#1270=ORIENTED_EDGE('',*,*,#1589,.F.);
#1271=ORIENTED_EDGE('',*,*,#2051,.F.);
#1272=ORIENTED_EDGE('',*,*,#1890,.F.);
#1273=ORIENTED_EDGE('',*,*,#2033,.F.);
#1274=ORIENTED_EDGE('',*,*,#2017,.F.);
#1275=ORIENTED_EDGE('',*,*,#1891,.F.);
#1276=ORIENTED_EDGE('',*,*,#2051,.T.);
#1277=ORIENTED_EDGE('',*,*,#1879,.F.);
#1278=ORIENTED_EDGE('',*,*,#1576,.F.);
#1279=ORIENTED_EDGE('',*,*,#1888,.F.);
#1280=ORIENTED_EDGE('',*,*,#2038,.F.);
#1281=ORIENTED_EDGE('',*,*,#2037,.F.);
#1282=ORIENTED_EDGE('',*,*,#2041,.F.);
#1283=ORIENTED_EDGE('',*,*,#2050,.F.);
#1284=ORIENTED_EDGE('',*,*,#2045,.F.);
#1285=ORIENTED_EDGE('',*,*,#2049,.F.);
#1286=ORIENTED_EDGE('',*,*,#2043,.F.);
#1287=ORIENTED_EDGE('',*,*,#2048,.F.);
#1288=ORIENTED_EDGE('',*,*,#2047,.F.);
#1289=ORIENTED_EDGE('',*,*,#1650,.F.);
#1290=ORIENTED_EDGE('',*,*,#1999,.F.);
#1291=ORIENTED_EDGE('',*,*,#2036,.F.);
#1292=ORIENTED_EDGE('',*,*,#2039,.F.);
#1293=ORIENTED_EDGE('',*,*,#1666,.F.);
#1294=ORIENTED_EDGE('',*,*,#2052,.F.);
#1295=ORIENTED_EDGE('',*,*,#2053,.T.);
#1296=ORIENTED_EDGE('',*,*,#2054,.T.);
#1297=ORIENTED_EDGE('',*,*,#1539,.T.);
#1298=ORIENTED_EDGE('',*,*,#2055,.F.);
#1299=ORIENTED_EDGE('',*,*,#2056,.T.);
#1300=ORIENTED_EDGE('',*,*,#2052,.T.);
#1301=ORIENTED_EDGE('',*,*,#1545,.T.);
#1302=ORIENTED_EDGE('',*,*,#2057,.F.);
#1303=ORIENTED_EDGE('',*,*,#2058,.T.);
#1304=ORIENTED_EDGE('',*,*,#2055,.T.);
#1305=ORIENTED_EDGE('',*,*,#1544,.T.);
#1306=ORIENTED_EDGE('',*,*,#2059,.F.);
#1307=ORIENTED_EDGE('',*,*,#2060,.T.);
#1308=ORIENTED_EDGE('',*,*,#2057,.T.);
#1309=ORIENTED_EDGE('',*,*,#1543,.T.);
#1310=ORIENTED_EDGE('',*,*,#2061,.F.);
#1311=ORIENTED_EDGE('',*,*,#2062,.T.);
#1312=ORIENTED_EDGE('',*,*,#2059,.T.);
#1313=ORIENTED_EDGE('',*,*,#1542,.T.);
#1314=ORIENTED_EDGE('',*,*,#2063,.F.);
#1315=ORIENTED_EDGE('',*,*,#2064,.T.);
#1316=ORIENTED_EDGE('',*,*,#2061,.T.);
#1317=ORIENTED_EDGE('',*,*,#1541,.T.);
#1318=ORIENTED_EDGE('',*,*,#2065,.F.);
#1319=ORIENTED_EDGE('',*,*,#2066,.T.);
#1320=ORIENTED_EDGE('',*,*,#2067,.T.);
#1321=ORIENTED_EDGE('',*,*,#2068,.T.);
#1322=ORIENTED_EDGE('',*,*,#2069,.F.);
#1323=ORIENTED_EDGE('',*,*,#2070,.T.);
#1324=ORIENTED_EDGE('',*,*,#2065,.T.);
#1325=ORIENTED_EDGE('',*,*,#2071,.T.);
#1326=ORIENTED_EDGE('',*,*,#2072,.F.);
#1327=ORIENTED_EDGE('',*,*,#2073,.T.);
#1328=ORIENTED_EDGE('',*,*,#2069,.T.);
#1329=ORIENTED_EDGE('',*,*,#2074,.T.);
#1330=ORIENTED_EDGE('',*,*,#2075,.F.);
#1331=ORIENTED_EDGE('',*,*,#2076,.T.);
#1332=ORIENTED_EDGE('',*,*,#2072,.T.);
#1333=ORIENTED_EDGE('',*,*,#2077,.T.);
#1334=ORIENTED_EDGE('',*,*,#2078,.F.);
#1335=ORIENTED_EDGE('',*,*,#2079,.T.);
#1336=ORIENTED_EDGE('',*,*,#2075,.T.);
#1337=ORIENTED_EDGE('',*,*,#2080,.T.);
#1338=ORIENTED_EDGE('',*,*,#2081,.F.);
#1339=ORIENTED_EDGE('',*,*,#2082,.T.);
#1340=ORIENTED_EDGE('',*,*,#2078,.T.);
#1341=ORIENTED_EDGE('',*,*,#2083,.T.);
#1342=ORIENTED_EDGE('',*,*,#2067,.F.);
#1343=ORIENTED_EDGE('',*,*,#2084,.T.);
#1344=ORIENTED_EDGE('',*,*,#2081,.T.);
#1345=ORIENTED_EDGE('',*,*,#2085,.T.);
#1346=ORIENTED_EDGE('',*,*,#2054,.F.);
#1347=ORIENTED_EDGE('',*,*,#2086,.T.);
#1348=ORIENTED_EDGE('',*,*,#2063,.T.);
#1349=ORIENTED_EDGE('',*,*,#1540,.T.);
#1350=ORIENTED_EDGE('',*,*,#2087,.T.);
#1351=ORIENTED_EDGE('',*,*,#2088,.T.);
#1352=ORIENTED_EDGE('',*,*,#2089,.T.);
#1353=ORIENTED_EDGE('',*,*,#2090,.T.);
#1354=ORIENTED_EDGE('',*,*,#2091,.T.);
#1355=ORIENTED_EDGE('',*,*,#2092,.T.);
#1356=ORIENTED_EDGE('',*,*,#2093,.T.);
#1357=ORIENTED_EDGE('',*,*,#2094,.T.);
#1358=ORIENTED_EDGE('',*,*,#2095,.T.);
#1359=ORIENTED_EDGE('',*,*,#2096,.T.);
#1360=ORIENTED_EDGE('',*,*,#2097,.T.);
#1361=ORIENTED_EDGE('',*,*,#2098,.T.);
#1362=ORIENTED_EDGE('',*,*,#2099,.T.);
#1363=ORIENTED_EDGE('',*,*,#2100,.T.);
#1364=ORIENTED_EDGE('',*,*,#2068,.F.);
#1365=ORIENTED_EDGE('',*,*,#2085,.F.);
#1366=ORIENTED_EDGE('',*,*,#2083,.F.);
#1367=ORIENTED_EDGE('',*,*,#2080,.F.);
#1368=ORIENTED_EDGE('',*,*,#2077,.F.);
#1369=ORIENTED_EDGE('',*,*,#2074,.F.);
#1370=ORIENTED_EDGE('',*,*,#2071,.F.);
#1371=ORIENTED_EDGE('',*,*,#2101,.F.);
#1372=ORIENTED_EDGE('',*,*,#2102,.T.);
#1373=ORIENTED_EDGE('',*,*,#2103,.T.);
#1374=ORIENTED_EDGE('',*,*,#1535,.T.);
#1375=ORIENTED_EDGE('',*,*,#2104,.F.);
#1376=ORIENTED_EDGE('',*,*,#2105,.T.);
#1377=ORIENTED_EDGE('',*,*,#2101,.T.);
#1378=ORIENTED_EDGE('',*,*,#1538,.T.);
#1379=ORIENTED_EDGE('',*,*,#2106,.F.);
#1380=ORIENTED_EDGE('',*,*,#2107,.T.);
#1381=ORIENTED_EDGE('',*,*,#2104,.T.);
#1382=ORIENTED_EDGE('',*,*,#1537,.T.);
#1383=ORIENTED_EDGE('',*,*,#2103,.F.);
#1384=ORIENTED_EDGE('',*,*,#2108,.T.);
#1385=ORIENTED_EDGE('',*,*,#2106,.T.);
#1386=ORIENTED_EDGE('',*,*,#1536,.T.);
#1387=ORIENTED_EDGE('',*,*,#2109,.T.);
#1388=ORIENTED_EDGE('',*,*,#2110,.T.);
#1389=ORIENTED_EDGE('',*,*,#2111,.T.);
#1390=ORIENTED_EDGE('',*,*,#2112,.T.);
#1391=ORIENTED_EDGE('',*,*,#2113,.T.);
#1392=ORIENTED_EDGE('',*,*,#2114,.T.);
#1393=ORIENTED_EDGE('',*,*,#2115,.T.);
#1394=ORIENTED_EDGE('',*,*,#1562,.F.);
#1395=ORIENTED_EDGE('',*,*,#2116,.T.);
#1396=ORIENTED_EDGE('',*,*,#2117,.T.);
#1397=ORIENTED_EDGE('',*,*,#2118,.T.);
#1398=ORIENTED_EDGE('',*,*,#1560,.T.);
#1399=ORIENTED_EDGE('',*,*,#2119,.T.);
#1400=ORIENTED_EDGE('',*,*,#2120,.T.);
#1401=ORIENTED_EDGE('',*,*,#2121,.T.);
#1402=ORIENTED_EDGE('',*,*,#1566,.T.);
#1403=ORIENTED_EDGE('',*,*,#2122,.T.);
#1404=ORIENTED_EDGE('',*,*,#2123,.T.);
#1405=ORIENTED_EDGE('',*,*,#2124,.T.);
#1406=ORIENTED_EDGE('',*,*,#1564,.F.);
#1407=ORIENTED_EDGE('',*,*,#2125,.T.);
#1408=ORIENTED_EDGE('',*,*,#2126,.T.);
#1409=ORIENTED_EDGE('',*,*,#2127,.T.);
#1410=ORIENTED_EDGE('',*,*,#2128,.T.);
#1411=ORIENTED_EDGE('',*,*,#2129,.T.);
#1412=ORIENTED_EDGE('',*,*,#2130,.T.);
#1413=ORIENTED_EDGE('',*,*,#2131,.T.);
#1414=ORIENTED_EDGE('',*,*,#2132,.T.);
#1415=ORIENTED_EDGE('',*,*,#2121,.F.);
#1416=ORIENTED_EDGE('',*,*,#2133,.T.);
#1417=ORIENTED_EDGE('',*,*,#2116,.F.);
#1418=ORIENTED_EDGE('',*,*,#1567,.F.);
#1419=ORIENTED_EDGE('',*,*,#2124,.F.);
#1420=ORIENTED_EDGE('',*,*,#2134,.T.);
#1421=ORIENTED_EDGE('',*,*,#2119,.F.);
#1422=ORIENTED_EDGE('',*,*,#1565,.F.);
#1423=ORIENTED_EDGE('',*,*,#2115,.F.);
#1424=ORIENTED_EDGE('',*,*,#2135,.T.);
#1425=ORIENTED_EDGE('',*,*,#2122,.F.);
#1426=ORIENTED_EDGE('',*,*,#1563,.F.);
#1427=ORIENTED_EDGE('',*,*,#2118,.F.);
#1428=ORIENTED_EDGE('',*,*,#2136,.T.);
#1429=ORIENTED_EDGE('',*,*,#2113,.F.);
#1430=ORIENTED_EDGE('',*,*,#1561,.F.);
#1431=ORIENTED_EDGE('',*,*,#2137,.F.);
#1432=ORIENTED_EDGE('',*,*,#2107,.F.);
#1433=ORIENTED_EDGE('',*,*,#2138,.F.);
#1434=ORIENTED_EDGE('',*,*,#2112,.F.);
#1435=ORIENTED_EDGE('',*,*,#2138,.T.);
#1436=ORIENTED_EDGE('',*,*,#2108,.F.);
#1437=ORIENTED_EDGE('',*,*,#2139,.F.);
#1438=ORIENTED_EDGE('',*,*,#2109,.F.);
#1439=ORIENTED_EDGE('',*,*,#2137,.T.);
#1440=ORIENTED_EDGE('',*,*,#2111,.F.);
#1441=ORIENTED_EDGE('',*,*,#2140,.F.);
#1442=ORIENTED_EDGE('',*,*,#2105,.F.);
#1443=ORIENTED_EDGE('',*,*,#2139,.T.);
#1444=ORIENTED_EDGE('',*,*,#2102,.F.);
#1445=ORIENTED_EDGE('',*,*,#2140,.T.);
#1446=ORIENTED_EDGE('',*,*,#2110,.F.);
#1447=ORIENTED_EDGE('',*,*,#2141,.F.);
#1448=ORIENTED_EDGE('',*,*,#2092,.F.);
#1449=ORIENTED_EDGE('',*,*,#2142,.F.);
#1450=ORIENTED_EDGE('',*,*,#2070,.F.);
#1451=ORIENTED_EDGE('',*,*,#2142,.T.);
#1452=ORIENTED_EDGE('',*,*,#2091,.F.);
#1453=ORIENTED_EDGE('',*,*,#2143,.F.);
#1454=ORIENTED_EDGE('',*,*,#2066,.F.);
#1455=ORIENTED_EDGE('',*,*,#2141,.T.);
#1456=ORIENTED_EDGE('',*,*,#2073,.F.);
#1457=ORIENTED_EDGE('',*,*,#2144,.F.);
#1458=ORIENTED_EDGE('',*,*,#2093,.F.);
#1459=ORIENTED_EDGE('',*,*,#2143,.T.);
#1460=ORIENTED_EDGE('',*,*,#2090,.F.);
#1461=ORIENTED_EDGE('',*,*,#2145,.F.);
#1462=ORIENTED_EDGE('',*,*,#2084,.F.);
#1463=ORIENTED_EDGE('',*,*,#2144,.T.);
#1464=ORIENTED_EDGE('',*,*,#2076,.F.);
#1465=ORIENTED_EDGE('',*,*,#2146,.F.);
#1466=ORIENTED_EDGE('',*,*,#2087,.F.);
#1467=ORIENTED_EDGE('',*,*,#2145,.T.);
#1468=ORIENTED_EDGE('',*,*,#2089,.F.);
#1469=ORIENTED_EDGE('',*,*,#2147,.F.);
#1470=ORIENTED_EDGE('',*,*,#2082,.F.);
#1471=ORIENTED_EDGE('',*,*,#2146,.T.);
#1472=ORIENTED_EDGE('',*,*,#2079,.F.);
#1473=ORIENTED_EDGE('',*,*,#2147,.T.);
#1474=ORIENTED_EDGE('',*,*,#2088,.F.);
#1475=ORIENTED_EDGE('',*,*,#2148,.F.);
#1476=ORIENTED_EDGE('',*,*,#2099,.F.);
#1477=ORIENTED_EDGE('',*,*,#2149,.F.);
#1478=ORIENTED_EDGE('',*,*,#2056,.F.);
#1479=ORIENTED_EDGE('',*,*,#2149,.T.);
#1480=ORIENTED_EDGE('',*,*,#2098,.F.);
#1481=ORIENTED_EDGE('',*,*,#2150,.F.);
#1482=ORIENTED_EDGE('',*,*,#2053,.F.);
#1483=ORIENTED_EDGE('',*,*,#2148,.T.);
#1484=ORIENTED_EDGE('',*,*,#2058,.F.);
#1485=ORIENTED_EDGE('',*,*,#2151,.F.);
#1486=ORIENTED_EDGE('',*,*,#2100,.F.);
#1487=ORIENTED_EDGE('',*,*,#2150,.T.);
#1488=ORIENTED_EDGE('',*,*,#2097,.F.);
#1489=ORIENTED_EDGE('',*,*,#2152,.F.);
#1490=ORIENTED_EDGE('',*,*,#2086,.F.);
#1491=ORIENTED_EDGE('',*,*,#2151,.T.);
#1492=ORIENTED_EDGE('',*,*,#2060,.F.);
#1493=ORIENTED_EDGE('',*,*,#2153,.F.);
#1494=ORIENTED_EDGE('',*,*,#2094,.F.);
#1495=ORIENTED_EDGE('',*,*,#2152,.T.);
#1496=ORIENTED_EDGE('',*,*,#2096,.F.);
#1497=ORIENTED_EDGE('',*,*,#2154,.F.);
#1498=ORIENTED_EDGE('',*,*,#2064,.F.);
#1499=ORIENTED_EDGE('',*,*,#2153,.T.);
#1500=ORIENTED_EDGE('',*,*,#2062,.F.);
#1501=ORIENTED_EDGE('',*,*,#2154,.T.);
#1502=ORIENTED_EDGE('',*,*,#2095,.F.);
#1503=ORIENTED_EDGE('',*,*,#2155,.F.);
#1504=ORIENTED_EDGE('',*,*,#2130,.F.);
#1505=ORIENTED_EDGE('',*,*,#2156,.F.);
#1506=ORIENTED_EDGE('',*,*,#2120,.F.);
#1507=ORIENTED_EDGE('',*,*,#2156,.T.);
#1508=ORIENTED_EDGE('',*,*,#2129,.F.);
#1509=ORIENTED_EDGE('',*,*,#2157,.F.);
#1510=ORIENTED_EDGE('',*,*,#2133,.F.);
#1511=ORIENTED_EDGE('',*,*,#2155,.T.);
#1512=ORIENTED_EDGE('',*,*,#2134,.F.);
#1513=ORIENTED_EDGE('',*,*,#2158,.F.);
#1514=ORIENTED_EDGE('',*,*,#2131,.F.);
#1515=ORIENTED_EDGE('',*,*,#2157,.T.);
#1516=ORIENTED_EDGE('',*,*,#2128,.F.);
#1517=ORIENTED_EDGE('',*,*,#2159,.F.);
#1518=ORIENTED_EDGE('',*,*,#2117,.F.);
#1519=ORIENTED_EDGE('',*,*,#2158,.T.);
#1520=ORIENTED_EDGE('',*,*,#2123,.F.);
#1521=ORIENTED_EDGE('',*,*,#2160,.F.);
#1522=ORIENTED_EDGE('',*,*,#2132,.F.);
#1523=ORIENTED_EDGE('',*,*,#2159,.T.);
#1524=ORIENTED_EDGE('',*,*,#2127,.F.);
#1525=ORIENTED_EDGE('',*,*,#2161,.F.);
#1526=ORIENTED_EDGE('',*,*,#2136,.F.);
#1527=ORIENTED_EDGE('',*,*,#2160,.T.);
#1528=ORIENTED_EDGE('',*,*,#2135,.F.);
#1529=ORIENTED_EDGE('',*,*,#2162,.F.);
#1530=ORIENTED_EDGE('',*,*,#2125,.F.);
#1531=ORIENTED_EDGE('',*,*,#2161,.T.);
#1532=ORIENTED_EDGE('',*,*,#2126,.F.);
#1533=ORIENTED_EDGE('',*,*,#2162,.T.);
#1534=ORIENTED_EDGE('',*,*,#2114,.F.);
#1535=EDGE_CURVE('',#2163,#2164,#2562,.T.);
#1536=EDGE_CURVE('',#2165,#2163,#2563,.T.);
#1537=EDGE_CURVE('',#2166,#2165,#2564,.T.);
#1538=EDGE_CURVE('',#2164,#2166,#2565,.T.);
#1539=EDGE_CURVE('',#2167,#2168,#253,.T.);
#1540=EDGE_CURVE('',#2169,#2167,#254,.T.);
#1541=EDGE_CURVE('',#2170,#2169,#2566,.T.);
#1542=EDGE_CURVE('',#2171,#2170,#2567,.T.);
#1543=EDGE_CURVE('',#2172,#2171,#2568,.T.);
#1544=EDGE_CURVE('',#2173,#2172,#255,.T.);
#1545=EDGE_CURVE('',#2168,#2173,#256,.T.);
#1546=EDGE_CURVE('',#2174,#2175,#2569,.T.);
#1547=EDGE_CURVE('',#2175,#2176,#2570,.T.);
#1548=EDGE_CURVE('',#2176,#2177,#2571,.T.);
#1549=EDGE_CURVE('',#2177,#2178,#2572,.F.);
#1550=EDGE_CURVE('',#2178,#2179,#2573,.T.);
#1551=EDGE_CURVE('',#2179,#2180,#2574,.T.);
#1552=EDGE_CURVE('',#2181,#2180,#2575,.T.);
#1553=EDGE_CURVE('',#2181,#2182,#130,.T.);
#1554=EDGE_CURVE('',#2183,#2182,#2576,.T.);
#1555=EDGE_CURVE('',#2183,#2184,#2577,.F.);
#1556=EDGE_CURVE('',#2185,#2184,#2578,.T.);
#1557=EDGE_CURVE('',#2185,#2186,#2579,.F.);
#1558=EDGE_CURVE('',#2187,#2186,#2580,.T.);
#1559=EDGE_CURVE('',#2187,#2174,#131,.T.);
#1560=EDGE_CURVE('',#2188,#2189,#2581,.T.);
#1561=EDGE_CURVE('',#2188,#2190,#132,.F.);
#1562=EDGE_CURVE('',#2190,#2191,#2582,.T.);
#1563=EDGE_CURVE('',#2191,#2192,#133,.F.);
#1564=EDGE_CURVE('',#2192,#2193,#2583,.T.);
#1565=EDGE_CURVE('',#2193,#2194,#134,.F.);
#1566=EDGE_CURVE('',#2195,#2194,#2584,.T.);
#1567=EDGE_CURVE('',#2195,#2189,#135,.F.);
#1568=EDGE_CURVE('',#2196,#2197,#2585,.T.);
#1569=EDGE_CURVE('',#2196,#2198,#2586,.T.);
#1570=EDGE_CURVE('',#2198,#2199,#2587,.T.);
#1571=EDGE_CURVE('',#2200,#2199,#2588,.T.);
#1572=EDGE_CURVE('',#2200,#2201,#2589,.T.);
#1573=EDGE_CURVE('',#2201,#2197,#2590,.T.);
#1574=EDGE_CURVE('',#2202,#2203,#2591,.T.);
#1575=EDGE_CURVE('',#2204,#2203,#2592,.F.);
#1576=EDGE_CURVE('',#2204,#2205,#2593,.F.);
#1577=EDGE_CURVE('',#2205,#2206,#2594,.T.);
#1578=EDGE_CURVE('',#2206,#2207,#2595,.F.);
#1579=EDGE_CURVE('',#2207,#2208,#2596,.T.);
#1580=EDGE_CURVE('',#2208,#2209,#2597,.T.);
#1581=EDGE_CURVE('',#2202,#2209,#2598,.T.);
#1582=EDGE_CURVE('',#2210,#2211,#2599,.T.);
#1583=EDGE_CURVE('',#2210,#2212,#2600,.F.);
#1584=EDGE_CURVE('',#2212,#2213,#2601,.T.);
#1585=EDGE_CURVE('',#2213,#2214,#2602,.T.);
#1586=EDGE_CURVE('',#2215,#2214,#2603,.T.);
#1587=EDGE_CURVE('',#2211,#2215,#2604,.T.);
#1588=EDGE_CURVE('',#2216,#2217,#2605,.T.);
#1589=EDGE_CURVE('',#2216,#2218,#2606,.T.);
#1590=EDGE_CURVE('',#2219,#2218,#2607,.T.);
#1591=EDGE_CURVE('',#2219,#2220,#136,.T.);
#1592=EDGE_CURVE('',#2220,#2221,#2608,.T.);
#1593=EDGE_CURVE('',#2221,#2222,#2609,.T.);
#1594=EDGE_CURVE('',#2222,#2223,#2610,.T.);
#1595=EDGE_CURVE('',#2223,#2224,#2611,.T.);
#1596=EDGE_CURVE('',#2225,#2224,#2612,.T.);
#1597=EDGE_CURVE('',#2225,#2226,#2613,.T.);
#1598=EDGE_CURVE('',#2226,#2227,#2614,.T.);
#1599=EDGE_CURVE('',#2227,#2217,#2615,.T.);
#1600=EDGE_CURVE('',#2228,#2229,#2616,.T.);
#1601=EDGE_CURVE('',#2229,#2230,#2617,.T.);
#1602=EDGE_CURVE('',#2230,#2231,#2618,.T.);
#1603=EDGE_CURVE('',#2231,#2232,#2619,.T.);
#1604=EDGE_CURVE('',#2232,#2233,#2620,.T.);
#1605=EDGE_CURVE('',#2233,#2234,#2621,.F.);
#1606=EDGE_CURVE('',#2235,#2234,#2622,.T.);
#1607=EDGE_CURVE('',#2235,#2236,#2623,.T.);
#1608=EDGE_CURVE('',#2237,#2236,#2624,.T.);
#1609=EDGE_CURVE('',#2237,#2238,#2625,.F.);
#1610=EDGE_CURVE('',#2239,#2238,#2626,.T.);
#1611=EDGE_CURVE('',#2239,#2240,#2627,.F.);
#1612=EDGE_CURVE('',#2228,#2240,#2628,.T.);
#1613=EDGE_CURVE('',#2241,#2242,#137,.T.);
#1614=EDGE_CURVE('',#2242,#2210,#2629,.T.);
#1615=EDGE_CURVE('',#2211,#2243,#2630,.T.);
#1616=EDGE_CURVE('',#2243,#2244,#138,.F.);
#1617=EDGE_CURVE('',#2244,#2245,#2631,.T.);
#1618=EDGE_CURVE('',#2245,#2241,#2632,.T.);
#1619=EDGE_CURVE('',#2246,#2247,#2633,.T.);
#1620=EDGE_CURVE('',#2246,#2248,#2634,.T.);
#1621=EDGE_CURVE('',#2248,#2249,#2635,.T.);
#1622=EDGE_CURVE('',#2250,#2249,#2636,.T.);
#1623=EDGE_CURVE('',#2251,#2250,#2637,.T.);
#1624=EDGE_CURVE('',#2251,#2247,#2638,.T.);
#1625=EDGE_CURVE('',#2178,#2252,#139,.T.);
#1626=EDGE_CURVE('',#2253,#2252,#140,.T.);
#1627=EDGE_CURVE('',#2253,#2246,#141,.T.);
#1628=EDGE_CURVE('',#2254,#2247,#142,.T.);
#1629=EDGE_CURVE('',#2255,#2254,#2639,.T.);
#1630=EDGE_CURVE('',#2256,#2255,#2640,.T.);
#1631=EDGE_CURVE('',#2256,#2257,#2641,.T.);
#1632=EDGE_CURVE('',#2257,#2258,#143,.F.);
#1633=EDGE_CURVE('',#2258,#2259,#2642,.T.);
#1634=EDGE_CURVE('',#2259,#2260,#144,.F.);
#1635=EDGE_CURVE('',#2260,#2261,#2643,.T.);
#1636=EDGE_CURVE('',#2261,#2262,#145,.F.);
#1637=EDGE_CURVE('',#2262,#2263,#2644,.T.);
#1638=EDGE_CURVE('',#2263,#2264,#146,.F.);
#1639=EDGE_CURVE('',#2264,#2265,#2645,.T.);
#1640=EDGE_CURVE('',#2265,#2266,#2646,.T.);
#1641=EDGE_CURVE('',#2267,#2266,#2647,.T.);
#1642=EDGE_CURVE('',#2224,#2267,#147,.T.);
#1643=EDGE_CURVE('',#2223,#2268,#2648,.F.);
#1644=EDGE_CURVE('',#2269,#2268,#2649,.T.);
#1645=EDGE_CURVE('',#2269,#2270,#2650,.T.);
#1646=EDGE_CURVE('',#2270,#2271,#2651,.T.);
#1647=EDGE_CURVE('',#2271,#2272,#148,.T.);
#1648=EDGE_CURVE('',#2273,#2272,#2652,.T.);
#1649=EDGE_CURVE('',#2273,#2179,#149,.T.);
#1650=EDGE_CURVE('',#2274,#2275,#2653,.T.);
#1651=EDGE_CURVE('',#2201,#2275,#2654,.T.);
#1652=EDGE_CURVE('',#2201,#2276,#150,.T.);
#1653=EDGE_CURVE('',#2277,#2276,#2655,.T.);
#1654=EDGE_CURVE('',#2277,#2278,#2656,.T.);
#1655=EDGE_CURVE('',#2278,#2279,#2657,.T.);
#1656=EDGE_CURVE('',#2280,#2279,#2658,.T.);
#1657=EDGE_CURVE('',#2281,#2280,#2659,.T.);
#1658=EDGE_CURVE('',#2282,#2281,#2660,.T.);
#1659=EDGE_CURVE('',#2282,#2283,#2661,.T.);
#1660=EDGE_CURVE('',#2283,#2284,#2662,.T.);
#1661=EDGE_CURVE('',#2285,#2284,#2663,.T.);
#1662=EDGE_CURVE('',#2285,#2286,#2664,.T.);
#1663=EDGE_CURVE('',#2286,#2287,#2665,.F.);
#1664=EDGE_CURVE('',#2287,#2288,#2666,.T.);
#1665=EDGE_CURVE('',#2288,#2289,#2667,.T.);
#1666=EDGE_CURVE('',#2289,#2290,#2668,.T.);
#1667=EDGE_CURVE('',#2196,#2290,#2669,.T.);
#1668=EDGE_CURVE('',#2197,#2274,#2670,.T.);
#1669=EDGE_CURVE('',#2291,#2281,#2671,.T.);
#1670=EDGE_CURVE('',#2292,#2291,#2672,.T.);
#1671=EDGE_CURVE('',#2292,#2282,#2673,.T.);
#1672=EDGE_CURVE('',#2284,#2293,#2674,.T.);
#1673=EDGE_CURVE('',#2294,#2283,#2675,.T.);
#1674=EDGE_CURVE('',#2294,#2293,#2676,.T.);
#1675=EDGE_CURVE('',#2295,#2296,#2677,.T.);
#1676=EDGE_CURVE('',#2296,#2297,#2678,.F.);
#1677=EDGE_CURVE('',#2297,#2298,#2679,.T.);
#1678=EDGE_CURVE('',#2298,#2299,#151,.T.);
#1679=EDGE_CURVE('',#2299,#2300,#2680,.T.);
#1680=EDGE_CURVE('',#2300,#2295,#152,.T.);
#1681=EDGE_CURVE('',#2297,#2301,#2681,.F.);
#1682=EDGE_CURVE('',#2301,#2302,#2682,.T.);
#1683=EDGE_CURVE('',#2302,#2303,#2683,.F.);
#1684=EDGE_CURVE('',#2303,#2304,#2684,.T.);
#1685=EDGE_CURVE('',#2304,#2305,#2685,.F.);
#1686=EDGE_CURVE('',#2298,#2305,#2686,.T.);
#1687=EDGE_CURVE('',#2202,#2214,#2687,.T.);
#1688=EDGE_CURVE('',#2209,#2306,#153,.F.);
#1689=EDGE_CURVE('',#2307,#2306,#2688,.T.);
#1690=EDGE_CURVE('',#2307,#2308,#154,.F.);
#1691=EDGE_CURVE('',#2309,#2308,#2689,.T.);
#1692=EDGE_CURVE('',#2309,#2286,#155,.F.);
#1693=EDGE_CURVE('',#2310,#2285,#2690,.T.);
#1694=EDGE_CURVE('',#2311,#2310,#2691,.T.);
#1695=EDGE_CURVE('',#2311,#2312,#2692,.T.);
#1696=EDGE_CURVE('',#2312,#2313,#2693,.T.);
#1697=EDGE_CURVE('',#2313,#2314,#156,.F.);
#1698=EDGE_CURVE('',#2314,#2315,#2694,.T.);
#1699=EDGE_CURVE('',#2315,#2316,#157,.F.);
#1700=EDGE_CURVE('',#2316,#2317,#2695,.T.);
#1701=EDGE_CURVE('',#2317,#2318,#2696,.T.);
#1702=EDGE_CURVE('',#2319,#2318,#2697,.T.);
#1703=EDGE_CURVE('',#2320,#2319,#2698,.T.);
#1704=EDGE_CURVE('',#2321,#2320,#2699,.T.);
#1705=EDGE_CURVE('',#2322,#2321,#2700,.T.);
#1706=EDGE_CURVE('',#2323,#2322,#2701,.T.);
#1707=EDGE_CURVE('',#2323,#2324,#2702,.T.);
#1708=EDGE_CURVE('',#2324,#2325,#2703,.T.);
#1709=EDGE_CURVE('',#2325,#2326,#2704,.T.);
#1710=EDGE_CURVE('',#2215,#2326,#2705,.T.);
#1711=EDGE_CURVE('',#2327,#2328,#2706,.T.);
#1712=EDGE_CURVE('',#2327,#2243,#2707,.F.);
#1713=EDGE_CURVE('',#2329,#2326,#2708,.T.);
#1714=EDGE_CURVE('',#2329,#2328,#2709,.T.);
#1715=EDGE_CURVE('',#2330,#2331,#2710,.T.);
#1716=EDGE_CURVE('',#2331,#2327,#158,.F.);
#1717=EDGE_CURVE('',#2328,#2332,#159,.F.);
#1718=EDGE_CURVE('',#2332,#2333,#2711,.T.);
#1719=EDGE_CURVE('',#2271,#2333,#2712,.T.);
#1720=EDGE_CURVE('',#2270,#2334,#160,.F.);
#1721=EDGE_CURVE('',#2334,#2335,#2713,.T.);
#1722=EDGE_CURVE('',#2336,#2335,#2714,.T.);
#1723=EDGE_CURVE('',#2336,#2337,#161,.T.);
#1724=EDGE_CURVE('',#2338,#2337,#2715,.T.);
#1725=EDGE_CURVE('',#2338,#2339,#162,.T.);
#1726=EDGE_CURVE('',#2330,#2339,#2716,.T.);
#1727=EDGE_CURVE('',#2221,#2335,#2717,.T.);
#1728=EDGE_CURVE('',#2334,#2340,#2718,.F.);
#1729=EDGE_CURVE('',#2341,#2340,#2719,.T.);
#1730=EDGE_CURVE('',#2341,#2222,#2720,.F.);
#1731=EDGE_CURVE('',#2186,#2237,#2721,.T.);
#1732=EDGE_CURVE('',#2236,#2342,#2722,.T.);
#1733=EDGE_CURVE('',#2342,#2343,#2723,.T.);
#1734=EDGE_CURVE('',#2343,#2187,#2724,.F.);
#1735=EDGE_CURVE('',#2305,#2344,#163,.F.);
#1736=EDGE_CURVE('',#2345,#2304,#2725,.T.);
#1737=EDGE_CURVE('',#2346,#2345,#2726,.T.);
#1738=EDGE_CURVE('',#2347,#2346,#164,.T.);
#1739=EDGE_CURVE('',#2348,#2347,#2727,.T.);
#1740=EDGE_CURVE('',#2349,#2348,#165,.T.);
#1741=EDGE_CURVE('',#2350,#2349,#2728,.T.);
#1742=EDGE_CURVE('',#2351,#2350,#2729,.T.);
#1743=EDGE_CURVE('',#2352,#2351,#2730,.F.);
#1744=EDGE_CURVE('',#2353,#2352,#166,.F.);
#1745=EDGE_CURVE('',#2344,#2353,#2731,.F.);
#1746=EDGE_CURVE('',#2354,#2355,#2732,.T.);
#1747=EDGE_CURVE('',#2355,#2356,#167,.T.);
#1748=EDGE_CURVE('',#2356,#2357,#2733,.T.);
#1749=EDGE_CURVE('',#2357,#2358,#168,.T.);
#1750=EDGE_CURVE('',#2358,#2359,#2734,.T.);
#1751=EDGE_CURVE('',#2359,#2360,#169,.T.);
#1752=EDGE_CURVE('',#2360,#2361,#2735,.T.);
#1753=EDGE_CURVE('',#2361,#2354,#170,.T.);
#1754=EDGE_CURVE('',#2287,#2362,#171,.T.);
#1755=EDGE_CURVE('',#2362,#2363,#2736,.T.);
#1756=EDGE_CURVE('',#2363,#2364,#172,.T.);
#1757=EDGE_CURVE('',#2364,#2365,#2737,.T.);
#1758=EDGE_CURVE('',#2365,#2208,#173,.T.);
#1759=EDGE_CURVE('',#2207,#2288,#174,.T.);
#1760=EDGE_CURVE('',#2332,#2366,#2738,.F.);
#1761=EDGE_CURVE('',#2366,#2367,#2739,.T.);
#1762=EDGE_CURVE('',#2367,#2368,#2740,.T.);
#1763=EDGE_CURVE('',#2368,#2369,#2741,.T.);
#1764=EDGE_CURVE('',#2369,#2370,#2742,.F.);
#1765=EDGE_CURVE('',#2371,#2370,#2743,.T.);
#1766=EDGE_CURVE('',#2372,#2371,#2744,.T.);
#1767=EDGE_CURVE('',#2373,#2372,#2745,.T.);
#1768=EDGE_CURVE('',#2373,#2181,#2746,.F.);
#1769=EDGE_CURVE('',#2374,#2180,#175,.T.);
#1770=EDGE_CURVE('',#2374,#2375,#2747,.T.);
#1771=EDGE_CURVE('',#2333,#2375,#176,.T.);
#1772=EDGE_CURVE('',#2376,#2322,#2748,.T.);
#1773=EDGE_CURVE('',#2376,#2377,#2749,.T.);
#1774=EDGE_CURVE('',#2377,#2323,#2750,.T.);
#1775=EDGE_CURVE('',#2378,#2379,#2751,.T.);
#1776=EDGE_CURVE('',#2378,#2380,#2752,.T.);
#1777=EDGE_CURVE('',#2380,#2379,#2753,.T.);
#1778=EDGE_CURVE('',#2381,#2382,#2754,.T.);
#1779=EDGE_CURVE('',#2382,#2383,#2755,.T.);
#1780=EDGE_CURVE('',#2383,#2384,#2756,.T.);
#1781=EDGE_CURVE('',#2384,#2385,#2757,.T.);
#1782=EDGE_CURVE('',#2385,#2386,#2758,.T.);
#1783=EDGE_CURVE('',#2386,#2387,#2759,.T.);
#1784=EDGE_CURVE('',#2388,#2387,#2760,.T.);
#1785=EDGE_CURVE('',#2388,#2381,#2761,.T.);
#1786=EDGE_CURVE('',#2389,#2390,#2762,.T.);
#1787=EDGE_CURVE('',#2390,#2391,#2763,.T.);
#1788=EDGE_CURVE('',#2391,#2389,#2764,.T.);
#1789=EDGE_CURVE('',#2392,#2393,#2765,.T.);
#1790=EDGE_CURVE('',#2392,#2394,#2766,.T.);
#1791=EDGE_CURVE('',#2394,#2395,#2767,.T.);
#1792=EDGE_CURVE('',#2393,#2395,#2768,.T.);
#1793=EDGE_CURVE('',#2396,#2397,#2769,.T.);
#1794=EDGE_CURVE('',#2396,#2378,#177,.T.);
#1795=EDGE_CURVE('',#2379,#2398,#55,.F.);
#1796=EDGE_CURVE('',#2398,#2388,#178,.F.);
#1797=EDGE_CURVE('',#2387,#2397,#179,.F.);
#1798=EDGE_CURVE('',#2391,#2399,#180,.T.);
#1799=EDGE_CURVE('',#2399,#2400,#2770,.T.);
#1800=EDGE_CURVE('',#2400,#2386,#181,.F.);
#1801=EDGE_CURVE('',#2385,#2401,#182,.F.);
#1802=EDGE_CURVE('',#2401,#2389,#56,.F.);
#1803=EDGE_CURVE('',#2255,#2402,#2771,.T.);
#1804=EDGE_CURVE('',#2403,#2254,#2772,.T.);
#1805=EDGE_CURVE('',#2403,#2404,#2773,.T.);
#1806=EDGE_CURVE('',#2404,#2267,#2774,.T.);
#1807=EDGE_CURVE('',#2405,#2266,#2775,.T.);
#1808=EDGE_CURVE('',#2406,#2405,#2776,.T.);
#1809=EDGE_CURVE('',#2393,#2406,#2777,.T.);
#1810=EDGE_CURVE('',#2407,#2395,#2778,.T.);
#1811=EDGE_CURVE('',#2402,#2407,#2779,.T.);
#1812=EDGE_CURVE('',#2408,#2409,#2780,.T.);
#1813=EDGE_CURVE('',#2410,#2408,#2781,.T.);
#1814=EDGE_CURVE('',#2411,#2410,#2782,.T.);
#1815=EDGE_CURVE('',#2409,#2411,#2783,.T.);
#1816=EDGE_CURVE('',#2412,#2413,#2784,.T.);
#1817=EDGE_CURVE('',#2412,#2414,#2785,.T.);
#1818=EDGE_CURVE('',#2414,#2415,#2786,.T.);
#1819=EDGE_CURVE('',#2413,#2415,#2787,.T.);
#1820=EDGE_CURVE('',#2416,#2200,#183,.F.);
#1821=EDGE_CURVE('',#2417,#2199,#2788,.T.);
#1822=EDGE_CURVE('',#2418,#2417,#2789,.T.);
#1823=EDGE_CURVE('',#2418,#2419,#2790,.T.);
#1824=EDGE_CURVE('',#2420,#2419,#2791,.T.);
#1825=EDGE_CURVE('',#2416,#2420,#2792,.T.);
#1826=EDGE_CURVE('',#2249,#2419,#184,.T.);
#1827=EDGE_CURVE('',#2418,#2250,#185,.F.);
#1828=EDGE_CURVE('',#2318,#2228,#2793,.F.);
#1829=EDGE_CURVE('',#2240,#2183,#2794,.T.);
#1830=EDGE_CURVE('',#2182,#2421,#2795,.T.);
#1831=EDGE_CURVE('',#2421,#2319,#2796,.T.);
#1832=EDGE_CURVE('',#2422,#2423,#186,.T.);
#1833=EDGE_CURVE('',#2422,#2175,#187,.T.);
#1834=EDGE_CURVE('',#2174,#2424,#2797,.T.);
#1835=EDGE_CURVE('',#2424,#2425,#2798,.T.);
#1836=EDGE_CURVE('',#2425,#2235,#2799,.T.);
#1837=EDGE_CURVE('',#2234,#2423,#188,.T.);
#1838=EDGE_CURVE('',#2426,#2427,#189,.T.);
#1839=EDGE_CURVE('',#2426,#2428,#190,.T.);
#1840=EDGE_CURVE('',#2429,#2428,#191,.T.);
#1841=EDGE_CURVE('',#2427,#2429,#192,.T.);
#1842=EDGE_CURVE('',#2430,#2431,#193,.T.);
#1843=EDGE_CURVE('',#2430,#2432,#2800,.T.);
#1844=EDGE_CURVE('',#2433,#2432,#2801,.T.);
#1845=EDGE_CURVE('',#2434,#2433,#194,.T.);
#1846=EDGE_CURVE('',#2434,#2435,#2802,.T.);
#1847=EDGE_CURVE('',#2436,#2435,#2803,.T.);
#1848=EDGE_CURVE('',#2437,#2436,#195,.T.);
#1849=EDGE_CURVE('',#2438,#2437,#2804,.T.);
#1850=EDGE_CURVE('',#2439,#2438,#196,.T.);
#1851=EDGE_CURVE('',#2440,#2439,#2805,.T.);
#1852=EDGE_CURVE('',#2441,#2440,#2806,.T.);
#1853=EDGE_CURVE('',#2442,#2441,#197,.T.);
#1854=EDGE_CURVE('',#2443,#2442,#2807,.T.);
#1855=EDGE_CURVE('',#2444,#2443,#2808,.T.);
#1856=EDGE_CURVE('',#2445,#2444,#198,.T.);
#1857=EDGE_CURVE('',#2445,#2431,#2809,.T.);
#1858=EDGE_CURVE('',#2273,#2374,#2810,.T.);
#1859=EDGE_CURVE('',#2272,#2375,#2811,.T.);
#1860=EDGE_CURVE('',#2446,#2447,#199,.T.);
#1861=EDGE_CURVE('',#2446,#2448,#200,.T.);
#1862=EDGE_CURVE('',#2449,#2448,#201,.T.);
#1863=EDGE_CURVE('',#2447,#2449,#202,.T.);
#1864=EDGE_CURVE('',#2450,#2451,#2812,.T.);
#1865=EDGE_CURVE('',#2450,#2396,#2813,.T.);
#1866=EDGE_CURVE('',#2397,#2451,#2814,.T.);
#1867=EDGE_CURVE('',#2452,#2453,#2815,.T.);
#1868=EDGE_CURVE('',#2452,#2450,#203,.T.);
#1869=EDGE_CURVE('',#2451,#2453,#204,.F.);
#1870=EDGE_CURVE('',#2454,#2455,#2816,.T.);
#1871=EDGE_CURVE('',#2454,#2452,#2817,.T.);
#1872=EDGE_CURVE('',#2453,#2455,#2818,.T.);
#1873=EDGE_CURVE('',#2456,#2457,#2819,.T.);
#1874=EDGE_CURVE('',#2456,#2454,#205,.T.);
#1875=EDGE_CURVE('',#2455,#2457,#206,.F.);
#1876=EDGE_CURVE('',#2399,#2456,#2820,.T.);
#1877=EDGE_CURVE('',#2457,#2400,#2821,.T.);
#1878=EDGE_CURVE('',#2217,#2458,#57,.T.);
#1879=EDGE_CURVE('',#2458,#2216,#58,.T.);
#1880=EDGE_CURVE('',#2226,#2417,#207,.F.);
#1881=EDGE_CURVE('',#2404,#2225,#208,.F.);
#1882=EDGE_CURVE('',#2251,#2403,#209,.F.);
#1883=EDGE_CURVE('',#2199,#2227,#59,.T.);
#1884=EDGE_CURVE('',#2416,#2276,#2822,.T.);
#1885=EDGE_CURVE('',#2420,#2411,#2823,.T.);
#1886=EDGE_CURVE('',#2410,#2277,#2824,.T.);
#1887=EDGE_CURVE('',#2459,#2196,#2825,.T.);
#1888=EDGE_CURVE('',#2459,#2204,#2826,.F.);
#1889=EDGE_CURVE('',#2460,#2203,#2827,.T.);
#1890=EDGE_CURVE('',#2460,#2461,#2828,.T.);
#1891=EDGE_CURVE('',#2461,#2462,#60,.T.);
#1892=EDGE_CURVE('',#2462,#2198,#2829,.T.);
#1893=EDGE_CURVE('',#2248,#2463,#210,.F.);
#1894=EDGE_CURVE('',#2463,#2464,#211,.T.);
#1895=EDGE_CURVE('',#2464,#2177,#212,.F.);
#1896=EDGE_CURVE('',#2176,#2465,#213,.F.);
#1897=EDGE_CURVE('',#2465,#2466,#214,.T.);
#1898=EDGE_CURVE('',#2466,#2233,#215,.F.);
#1899=EDGE_CURVE('',#2232,#2467,#2830,.T.);
#1900=EDGE_CURVE('',#2467,#2280,#2831,.T.);
#1901=EDGE_CURVE('',#2409,#2279,#2832,.T.);
#1902=EDGE_CURVE('',#2468,#2468,#216,.T.);
#1903=EDGE_CURVE('',#2292,#2294,#2833,.T.);
#1904=EDGE_CURVE('',#2469,#2470,#2834,.T.);
#1905=EDGE_CURVE('',#2469,#2229,#2835,.F.);
#1906=EDGE_CURVE('',#2311,#2229,#2836,.F.);
#1907=EDGE_CURVE('',#2310,#2293,#2837,.T.);
#1908=EDGE_CURVE('',#2291,#2467,#2838,.T.);
#1909=EDGE_CURVE('',#2232,#2470,#2839,.F.);
#1910=EDGE_CURVE('',#2278,#2408,#2840,.T.);
#1911=EDGE_CURVE('',#2308,#2363,#2841,.F.);
#1912=EDGE_CURVE('',#2362,#2309,#2842,.T.);
#1913=EDGE_CURVE('',#2364,#2307,#2843,.T.);
#1914=EDGE_CURVE('',#2306,#2365,#2844,.F.);
#1915=EDGE_CURVE('',#2471,#2412,#2845,.T.);
#1916=EDGE_CURVE('',#2471,#2472,#2846,.T.);
#1917=EDGE_CURVE('',#2472,#2414,#2847,.T.);
#1918=EDGE_CURVE('',#2473,#2413,#2848,.T.);
#1919=EDGE_CURVE('',#2471,#2473,#2849,.T.);
#1920=EDGE_CURVE('',#2474,#2415,#2850,.T.);
#1921=EDGE_CURVE('',#2473,#2474,#2851,.T.);
#1922=EDGE_CURVE('',#2472,#2474,#2852,.T.);
#1923=EDGE_CURVE('',#2265,#2390,#2853,.F.);
#1924=EDGE_CURVE('',#2401,#2405,#2854,.T.);
#1925=EDGE_CURVE('',#2383,#2392,#2855,.F.);
#1926=EDGE_CURVE('',#2384,#2406,#2856,.T.);
#1927=EDGE_CURVE('',#2394,#2382,#2857,.F.);
#1928=EDGE_CURVE('',#2381,#2407,#2858,.T.);
#1929=EDGE_CURVE('',#2398,#2402,#2859,.T.);
#1930=EDGE_CURVE('',#2380,#2256,#2860,.F.);
#1931=EDGE_CURVE('',#2366,#2329,#61,.T.);
#1932=EDGE_CURVE('',#2367,#2325,#2861,.T.);
#1933=EDGE_CURVE('',#2368,#2324,#2862,.T.);
#1934=EDGE_CURVE('',#2377,#2369,#62,.T.);
#1935=EDGE_CURVE('',#2370,#2376,#63,.F.);
#1936=EDGE_CURVE('',#2371,#2321,#2863,.T.);
#1937=EDGE_CURVE('',#2372,#2320,#2864,.T.);
#1938=EDGE_CURVE('',#2421,#2373,#64,.F.);
#1939=EDGE_CURVE('',#2340,#2269,#217,.T.);
#1940=EDGE_CURVE('',#2268,#2341,#2865,.T.);
#1941=EDGE_CURVE('',#2424,#2343,#218,.T.);
#1942=EDGE_CURVE('',#2342,#2425,#2866,.T.);
#1943=EDGE_CURVE('',#2238,#2185,#2867,.T.);
#1944=EDGE_CURVE('',#2239,#2184,#2868,.T.);
#1945=EDGE_CURVE('',#2257,#2378,#2869,.T.);
#1946=EDGE_CURVE('',#2258,#2396,#2870,.T.);
#1947=EDGE_CURVE('',#2259,#2450,#2871,.T.);
#1948=EDGE_CURVE('',#2260,#2452,#2872,.T.);
#1949=EDGE_CURVE('',#2261,#2454,#2873,.T.);
#1950=EDGE_CURVE('',#2262,#2456,#2874,.T.);
#1951=EDGE_CURVE('',#2263,#2399,#2875,.T.);
#1952=EDGE_CURVE('',#2264,#2391,#2876,.T.);
#1953=EDGE_CURVE('',#2397,#2359,#2877,.T.);
#1954=EDGE_CURVE('',#2360,#2387,#2878,.T.);
#1955=EDGE_CURVE('',#2361,#2386,#2879,.T.);
#1956=EDGE_CURVE('',#2451,#2358,#2880,.T.);
#1957=EDGE_CURVE('',#2354,#2400,#2881,.T.);
#1958=EDGE_CURVE('',#2453,#2357,#2882,.T.);
#1959=EDGE_CURVE('',#2355,#2457,#2883,.T.);
#1960=EDGE_CURVE('',#2455,#2356,#2884,.T.);
#1961=EDGE_CURVE('',#2437,#2475,#2885,.T.);
#1962=EDGE_CURVE('',#2475,#2436,#2886,.T.);
#1963=EDGE_CURVE('',#2476,#2475,#2887,.T.);
#1964=EDGE_CURVE('',#2438,#2476,#2888,.T.);
#1965=EDGE_CURVE('',#2476,#2435,#2889,.T.);
#1966=EDGE_CURVE('',#2439,#2476,#2890,.T.);
#1967=EDGE_CURVE('',#2445,#2477,#2891,.T.);
#1968=EDGE_CURVE('',#2477,#2444,#2892,.T.);
#1969=EDGE_CURVE('',#2476,#2478,#2893,.T.);
#1970=EDGE_CURVE('',#2478,#2434,#2894,.T.);
#1971=EDGE_CURVE('',#2440,#2478,#2895,.T.);
#1972=EDGE_CURVE('',#2442,#2479,#2896,.T.);
#1973=EDGE_CURVE('',#2479,#2441,#2897,.T.);
#1974=EDGE_CURVE('',#2477,#2480,#2898,.T.);
#1975=EDGE_CURVE('',#2480,#2443,#2899,.F.);
#1976=EDGE_CURVE('',#2431,#2480,#2900,.T.);
#1977=EDGE_CURVE('',#2478,#2433,#2901,.T.);
#1978=EDGE_CURVE('',#2479,#2478,#2902,.T.);
#1979=EDGE_CURVE('',#2480,#2479,#2903,.T.);
#1980=EDGE_CURVE('',#2430,#2480,#2904,.T.);
#1981=EDGE_CURVE('',#2479,#2432,#2905,.T.);
#1982=EDGE_CURVE('',#2426,#2481,#2906,.T.);
#1983=EDGE_CURVE('',#2481,#2427,#2907,.T.);
#1984=EDGE_CURVE('',#2481,#2482,#219,.T.);
#1985=EDGE_CURVE('',#2482,#2429,#2908,.T.);
#1986=EDGE_CURVE('',#2428,#2482,#2909,.T.);
#1987=EDGE_CURVE('',#2446,#2483,#2910,.T.);
#1988=EDGE_CURVE('',#2483,#2447,#2911,.T.);
#1989=EDGE_CURVE('',#2483,#2484,#220,.T.);
#1990=EDGE_CURVE('',#2484,#2449,#2912,.T.);
#1991=EDGE_CURVE('',#2448,#2484,#2913,.T.);
#1992=EDGE_CURVE('',#2220,#2336,#2914,.T.);
#1993=EDGE_CURVE('',#2245,#2330,#2915,.T.);
#1994=EDGE_CURVE('',#2339,#2241,#2916,.F.);
#1995=EDGE_CURVE('',#2337,#2219,#2917,.F.);
#1996=EDGE_CURVE('',#2218,#2242,#2918,.T.);
#1997=EDGE_CURVE('',#2242,#2338,#2919,.T.);
#1998=EDGE_CURVE('',#2206,#2485,#221,.F.);
#1999=EDGE_CURVE('',#2485,#2289,#257,.T.);
#2000=EDGE_CURVE('',#2316,#2346,#2920,.T.);
#2001=EDGE_CURVE('',#2486,#2345,#2921,.T.);
#2002=EDGE_CURVE('',#2486,#2317,#2922,.F.);
#2003=EDGE_CURVE('',#2315,#2347,#2923,.T.);
#2004=EDGE_CURVE('',#2303,#2486,#2924,.F.);
#2005=EDGE_CURVE('',#2314,#2348,#2925,.T.);
#2006=EDGE_CURVE('',#2313,#2349,#2926,.T.);
#2007=EDGE_CURVE('',#2487,#2350,#2927,.T.);
#2008=EDGE_CURVE('',#2312,#2487,#2928,.F.);
#2009=EDGE_CURVE('',#2488,#2351,#2929,.T.);
#2010=EDGE_CURVE('',#2487,#2488,#2930,.F.);
#2011=EDGE_CURVE('',#2489,#2490,#2931,.T.);
#2012=EDGE_CURVE('',#2489,#2296,#2932,.F.);
#2013=EDGE_CURVE('',#2295,#2352,#2933,.T.);
#2014=EDGE_CURVE('',#2488,#2490,#2934,.F.);
#2015=EDGE_CURVE('',#2300,#2353,#2935,.T.);
#2016=EDGE_CURVE('',#2299,#2344,#2936,.T.);
#2017=EDGE_CURVE('',#2462,#2458,#258,.T.);
#2018=EDGE_CURVE('',#2490,#2302,#2937,.T.);
#2019=EDGE_CURVE('',#2301,#2489,#2938,.T.);
#2020=EDGE_CURVE('',#2244,#2331,#2939,.T.);
#2021=EDGE_CURVE('',#2491,#2491,#222,.T.);
#2022=EDGE_CURVE('',#2252,#2464,#2940,.F.);
#2023=EDGE_CURVE('',#2463,#2253,#2941,.T.);
#2024=EDGE_CURVE('',#2465,#2422,#2942,.T.);
#2025=EDGE_CURVE('',#2423,#2466,#2943,.F.);
#2026=EDGE_CURVE('',#2460,#2213,#2944,.T.);
#2027=EDGE_CURVE('',#2470,#2492,#2945,.T.);
#2028=EDGE_CURVE('',#2492,#2493,#2946,.T.);
#2029=EDGE_CURVE('',#2493,#2469,#2947,.T.);
#2030=EDGE_CURVE('',#2230,#2493,#2948,.F.);
#2031=EDGE_CURVE('',#2231,#2492,#2949,.F.);
#2032=EDGE_CURVE('',#2212,#2494,#2950,.T.);
#2033=EDGE_CURVE('',#2494,#2460,#2951,.F.);
#2034=EDGE_CURVE('',#2218,#2494,#65,.T.);
#2035=EDGE_CURVE('',#2495,#2496,#2952,.T.);
#2036=EDGE_CURVE('',#2496,#2485,#2953,.F.);
#2037=EDGE_CURVE('',#2205,#2495,#2954,.T.);
#2038=EDGE_CURVE('',#2495,#2459,#2955,.F.);
#2039=EDGE_CURVE('',#2290,#2496,#223,.T.);
#2040=EDGE_CURVE('',#2197,#2497,#2956,.T.);
#2041=EDGE_CURVE('',#2497,#2498,#2957,.F.);
#2042=EDGE_CURVE('',#2498,#2499,#2958,.T.);
#2043=EDGE_CURVE('',#2499,#2274,#224,.F.);
#2044=EDGE_CURVE('',#2500,#2501,#2959,.T.);
#2045=EDGE_CURVE('',#2500,#2502,#2960,.F.);
#2046=EDGE_CURVE('',#2502,#2201,#2961,.T.);
#2047=EDGE_CURVE('',#2275,#2501,#225,.T.);
#2048=EDGE_CURVE('',#2501,#2499,#2962,.F.);
#2049=EDGE_CURVE('',#2498,#2500,#2963,.T.);
#2050=EDGE_CURVE('',#2502,#2497,#2964,.T.);
#2051=EDGE_CURVE('',#2461,#2216,#226,.T.);
#2052=EDGE_CURVE('',#2503,#2168,#2965,.T.);
#2053=EDGE_CURVE('',#2503,#2504,#259,.T.);
#2054=EDGE_CURVE('',#2504,#2167,#2966,.T.);
#2055=EDGE_CURVE('',#2505,#2173,#2967,.T.);
#2056=EDGE_CURVE('',#2505,#2503,#260,.T.);
#2057=EDGE_CURVE('',#2506,#2172,#2968,.T.);
#2058=EDGE_CURVE('',#2506,#2505,#261,.T.);
#2059=EDGE_CURVE('',#2507,#2171,#2969,.T.);
#2060=EDGE_CURVE('',#2507,#2506,#2970,.F.);
#2061=EDGE_CURVE('',#2508,#2170,#2971,.T.);
#2062=EDGE_CURVE('',#2508,#2507,#2972,.F.);
#2063=EDGE_CURVE('',#2509,#2169,#2973,.T.);
#2064=EDGE_CURVE('',#2509,#2508,#2974,.F.);
#2065=EDGE_CURVE('',#2510,#2511,#2975,.T.);
#2066=EDGE_CURVE('',#2510,#2512,#262,.T.);
#2067=EDGE_CURVE('',#2512,#2513,#2976,.T.);
#2068=EDGE_CURVE('',#2513,#2511,#263,.T.);
#2069=EDGE_CURVE('',#2514,#2515,#2977,.T.);
#2070=EDGE_CURVE('',#2514,#2510,#264,.T.);
#2071=EDGE_CURVE('',#2511,#2515,#265,.T.);
#2072=EDGE_CURVE('',#2516,#2517,#2978,.T.);
#2073=EDGE_CURVE('',#2516,#2514,#266,.T.);
#2074=EDGE_CURVE('',#2515,#2517,#267,.T.);
#2075=EDGE_CURVE('',#2518,#2519,#2979,.T.);
#2076=EDGE_CURVE('',#2518,#2516,#2980,.F.);
#2077=EDGE_CURVE('',#2517,#2519,#2981,.T.);
#2078=EDGE_CURVE('',#2520,#2521,#2982,.T.);
#2079=EDGE_CURVE('',#2520,#2518,#2983,.F.);
#2080=EDGE_CURVE('',#2519,#2521,#2984,.T.);
#2081=EDGE_CURVE('',#2522,#2523,#2985,.T.);
#2082=EDGE_CURVE('',#2522,#2520,#2986,.F.);
#2083=EDGE_CURVE('',#2521,#2523,#2987,.T.);
#2084=EDGE_CURVE('',#2512,#2522,#268,.T.);
#2085=EDGE_CURVE('',#2523,#2513,#269,.T.);
#2086=EDGE_CURVE('',#2504,#2509,#270,.T.);
#2087=EDGE_CURVE('',#2524,#2525,#2988,.T.);
#2088=EDGE_CURVE('',#2525,#2526,#2989,.T.);
#2089=EDGE_CURVE('',#2526,#2527,#2990,.T.);
#2090=EDGE_CURVE('',#2527,#2528,#271,.T.);
#2091=EDGE_CURVE('',#2528,#2529,#272,.T.);
#2092=EDGE_CURVE('',#2529,#2530,#273,.T.);
#2093=EDGE_CURVE('',#2530,#2524,#274,.T.);
#2094=EDGE_CURVE('',#2531,#2532,#2991,.T.);
#2095=EDGE_CURVE('',#2532,#2533,#2992,.T.);
#2096=EDGE_CURVE('',#2533,#2534,#2993,.T.);
#2097=EDGE_CURVE('',#2534,#2535,#275,.T.);
#2098=EDGE_CURVE('',#2535,#2536,#276,.T.);
#2099=EDGE_CURVE('',#2536,#2537,#277,.T.);
#2100=EDGE_CURVE('',#2537,#2531,#278,.T.);
#2101=EDGE_CURVE('',#2538,#2164,#2994,.T.);
#2102=EDGE_CURVE('',#2538,#2539,#2995,.F.);
#2103=EDGE_CURVE('',#2539,#2163,#2996,.T.);
#2104=EDGE_CURVE('',#2540,#2166,#2997,.T.);
#2105=EDGE_CURVE('',#2540,#2538,#2998,.F.);
#2106=EDGE_CURVE('',#2541,#2165,#2999,.T.);
#2107=EDGE_CURVE('',#2541,#2540,#3000,.F.);
#2108=EDGE_CURVE('',#2539,#2541,#3001,.F.);
#2109=EDGE_CURVE('',#2542,#2543,#3002,.T.);
#2110=EDGE_CURVE('',#2543,#2544,#3003,.T.);
#2111=EDGE_CURVE('',#2544,#2545,#3004,.T.);
#2112=EDGE_CURVE('',#2545,#2542,#3005,.T.);
#2113=EDGE_CURVE('',#2190,#2546,#3006,.F.);
#2114=EDGE_CURVE('',#2546,#2547,#3007,.T.);
#2115=EDGE_CURVE('',#2547,#2191,#3008,.T.);
#2116=EDGE_CURVE('',#2189,#2548,#3009,.F.);
#2117=EDGE_CURVE('',#2548,#2549,#3010,.F.);
#2118=EDGE_CURVE('',#2549,#2188,#3011,.T.);
#2119=EDGE_CURVE('',#2194,#2550,#3012,.F.);
#2120=EDGE_CURVE('',#2550,#2551,#3013,.F.);
#2121=EDGE_CURVE('',#2551,#2195,#3014,.T.);
#2122=EDGE_CURVE('',#2192,#2552,#3015,.F.);
#2123=EDGE_CURVE('',#2552,#2553,#3016,.T.);
#2124=EDGE_CURVE('',#2553,#2193,#3017,.T.);
#2125=EDGE_CURVE('',#2554,#2555,#227,.T.);
#2126=EDGE_CURVE('',#2555,#2556,#3018,.F.);
#2127=EDGE_CURVE('',#2556,#2557,#228,.T.);
#2128=EDGE_CURVE('',#2557,#2558,#3019,.T.);
#2129=EDGE_CURVE('',#2558,#2559,#229,.T.);
#2130=EDGE_CURVE('',#2559,#2560,#3020,.T.);
#2131=EDGE_CURVE('',#2560,#2561,#230,.T.);
#2132=EDGE_CURVE('',#2561,#2554,#3021,.F.);
#2133=EDGE_CURVE('',#2551,#2548,#231,.F.);
#2134=EDGE_CURVE('',#2553,#2550,#232,.F.);
#2135=EDGE_CURVE('',#2547,#2552,#233,.F.);
#2136=EDGE_CURVE('',#2549,#2546,#234,.F.);
#2137=EDGE_CURVE('',#2540,#2545,#66,.T.);
#2138=EDGE_CURVE('',#2542,#2541,#67,.F.);
#2139=EDGE_CURVE('',#2543,#2539,#68,.F.);
#2140=EDGE_CURVE('',#2538,#2544,#69,.T.);
#2141=EDGE_CURVE('',#2530,#2514,#235,.T.);
#2142=EDGE_CURVE('',#2510,#2529,#236,.T.);
#2143=EDGE_CURVE('',#2512,#2528,#237,.T.);
#2144=EDGE_CURVE('',#2524,#2516,#238,.T.);
#2145=EDGE_CURVE('',#2522,#2527,#239,.T.);
#2146=EDGE_CURVE('',#2525,#2518,#70,.F.);
#2147=EDGE_CURVE('',#2520,#2526,#71,.T.);
#2148=EDGE_CURVE('',#2537,#2505,#240,.T.);
#2149=EDGE_CURVE('',#2503,#2536,#241,.T.);
#2150=EDGE_CURVE('',#2504,#2535,#242,.T.);
#2151=EDGE_CURVE('',#2531,#2506,#243,.T.);
#2152=EDGE_CURVE('',#2509,#2534,#244,.T.);
#2153=EDGE_CURVE('',#2532,#2507,#72,.F.);
#2154=EDGE_CURVE('',#2508,#2533,#73,.T.);
#2155=EDGE_CURVE('',#2560,#2550,#245,.T.);
#2156=EDGE_CURVE('',#2551,#2559,#246,.T.);
#2157=EDGE_CURVE('',#2548,#2558,#247,.T.);
#2158=EDGE_CURVE('',#2561,#2553,#248,.T.);
#2159=EDGE_CURVE('',#2549,#2557,#249,.T.);
#2160=EDGE_CURVE('',#2554,#2552,#250,.T.);
#2161=EDGE_CURVE('',#2546,#2556,#251,.T.);
#2162=EDGE_CURVE('',#2555,#2547,#252,.T.);
#2163=VERTEX_POINT('',#5928);
#2164=VERTEX_POINT('',#5929);
#2165=VERTEX_POINT('',#5931);
#2166=VERTEX_POINT('',#5933);
#2167=VERTEX_POINT('',#5938);
#2168=VERTEX_POINT('',#5939);
#2169=VERTEX_POINT('',#5943);
#2170=VERTEX_POINT('',#5945);
#2171=VERTEX_POINT('',#5947);
#2172=VERTEX_POINT('',#5949);
#2173=VERTEX_POINT('',#5953);
#2174=VERTEX_POINT('',#5958);
#2175=VERTEX_POINT('',#5959);
#2176=VERTEX_POINT('',#5961);
#2177=VERTEX_POINT('',#5963);
#2178=VERTEX_POINT('',#5965);
#2179=VERTEX_POINT('',#5967);
#2180=VERTEX_POINT('',#5969);
#2181=VERTEX_POINT('',#5971);
#2182=VERTEX_POINT('',#5973);
#2183=VERTEX_POINT('',#5975);
#2184=VERTEX_POINT('',#5977);
#2185=VERTEX_POINT('',#5979);
#2186=VERTEX_POINT('',#5981);
#2187=VERTEX_POINT('',#5983);
#2188=VERTEX_POINT('',#5986);
#2189=VERTEX_POINT('',#5987);
#2190=VERTEX_POINT('',#5989);
#2191=VERTEX_POINT('',#5991);
#2192=VERTEX_POINT('',#5993);
#2193=VERTEX_POINT('',#5995);
#2194=VERTEX_POINT('',#5997);
#2195=VERTEX_POINT('',#5999);
#2196=VERTEX_POINT('',#6003);
#2197=VERTEX_POINT('',#6004);
#2198=VERTEX_POINT('',#6006);
#2199=VERTEX_POINT('',#6008);
#2200=VERTEX_POINT('',#6010);
#2201=VERTEX_POINT('',#6012);
#2202=VERTEX_POINT('',#6016);
#2203=VERTEX_POINT('',#6017);
#2204=VERTEX_POINT('',#6019);
#2205=VERTEX_POINT('',#6021);
#2206=VERTEX_POINT('',#6023);
#2207=VERTEX_POINT('',#6025);
#2208=VERTEX_POINT('',#6027);
#2209=VERTEX_POINT('',#6029);
#2210=VERTEX_POINT('',#6033);
#2211=VERTEX_POINT('',#6034);
#2212=VERTEX_POINT('',#6036);
#2213=VERTEX_POINT('',#6038);
#2214=VERTEX_POINT('',#6040);
#2215=VERTEX_POINT('',#6042);
#2216=VERTEX_POINT('',#6046);
#2217=VERTEX_POINT('',#6047);
#2218=VERTEX_POINT('',#6049);
#2219=VERTEX_POINT('',#6051);
#2220=VERTEX_POINT('',#6053);
#2221=VERTEX_POINT('',#6055);
#2222=VERTEX_POINT('',#6057);
#2223=VERTEX_POINT('',#6059);
#2224=VERTEX_POINT('',#6061);
#2225=VERTEX_POINT('',#6063);
#2226=VERTEX_POINT('',#6065);
#2227=VERTEX_POINT('',#6067);
#2228=VERTEX_POINT('',#6071);
#2229=VERTEX_POINT('',#6072);
#2230=VERTEX_POINT('',#6074);
#2231=VERTEX_POINT('',#6076);
#2232=VERTEX_POINT('',#6078);
#2233=VERTEX_POINT('',#6080);
#2234=VERTEX_POINT('',#6082);
#2235=VERTEX_POINT('',#6084);
#2236=VERTEX_POINT('',#6086);
#2237=VERTEX_POINT('',#6088);
#2238=VERTEX_POINT('',#6090);
#2239=VERTEX_POINT('',#6092);
#2240=VERTEX_POINT('',#6094);
#2241=VERTEX_POINT('',#6098);
#2242=VERTEX_POINT('',#6099);
#2243=VERTEX_POINT('',#6102);
#2244=VERTEX_POINT('',#6104);
#2245=VERTEX_POINT('',#6106);
#2246=VERTEX_POINT('',#6110);
#2247=VERTEX_POINT('',#6111);
#2248=VERTEX_POINT('',#6113);
#2249=VERTEX_POINT('',#6115);
#2250=VERTEX_POINT('',#6117);
#2251=VERTEX_POINT('',#6119);
#2252=VERTEX_POINT('',#6123);
#2253=VERTEX_POINT('',#6125);
#2254=VERTEX_POINT('',#6128);
#2255=VERTEX_POINT('',#6130);
#2256=VERTEX_POINT('',#6132);
#2257=VERTEX_POINT('',#6134);
#2258=VERTEX_POINT('',#6136);
#2259=VERTEX_POINT('',#6138);
#2260=VERTEX_POINT('',#6140);
#2261=VERTEX_POINT('',#6142);
#2262=VERTEX_POINT('',#6144);
#2263=VERTEX_POINT('',#6146);
#2264=VERTEX_POINT('',#6148);
#2265=VERTEX_POINT('',#6150);
#2266=VERTEX_POINT('',#6152);
#2267=VERTEX_POINT('',#6154);
#2268=VERTEX_POINT('',#6157);
#2269=VERTEX_POINT('',#6159);
#2270=VERTEX_POINT('',#6161);
#2271=VERTEX_POINT('',#6163);
#2272=VERTEX_POINT('',#6165);
#2273=VERTEX_POINT('',#6167);
#2274=VERTEX_POINT('',#6171);
#2275=VERTEX_POINT('',#6172);
#2276=VERTEX_POINT('',#6175);
#2277=VERTEX_POINT('',#6177);
#2278=VERTEX_POINT('',#6179);
#2279=VERTEX_POINT('',#6181);
#2280=VERTEX_POINT('',#6183);
#2281=VERTEX_POINT('',#6185);
#2282=VERTEX_POINT('',#6187);
#2283=VERTEX_POINT('',#6189);
#2284=VERTEX_POINT('',#6191);
#2285=VERTEX_POINT('',#6193);
#2286=VERTEX_POINT('',#6195);
#2287=VERTEX_POINT('',#6197);
#2288=VERTEX_POINT('',#6199);
#2289=VERTEX_POINT('',#6201);
#2290=VERTEX_POINT('',#6203);
#2291=VERTEX_POINT('',#6208);
#2292=VERTEX_POINT('',#6210);
#2293=VERTEX_POINT('',#6214);
#2294=VERTEX_POINT('',#6216);
#2295=VERTEX_POINT('',#6220);
#2296=VERTEX_POINT('',#6221);
#2297=VERTEX_POINT('',#6223);
#2298=VERTEX_POINT('',#6225);
#2299=VERTEX_POINT('',#6227);
#2300=VERTEX_POINT('',#6229);
#2301=VERTEX_POINT('',#6233);
#2302=VERTEX_POINT('',#6235);
#2303=VERTEX_POINT('',#6237);
#2304=VERTEX_POINT('',#6239);
#2305=VERTEX_POINT('',#6241);
#2306=VERTEX_POINT('',#6246);
#2307=VERTEX_POINT('',#6248);
#2308=VERTEX_POINT('',#6250);
#2309=VERTEX_POINT('',#6252);
#2310=VERTEX_POINT('',#6255);
#2311=VERTEX_POINT('',#6257);
#2312=VERTEX_POINT('',#6259);
#2313=VERTEX_POINT('',#6261);
#2314=VERTEX_POINT('',#6263);
#2315=VERTEX_POINT('',#6265);
#2316=VERTEX_POINT('',#6267);
#2317=VERTEX_POINT('',#6269);
#2318=VERTEX_POINT('',#6271);
#2319=VERTEX_POINT('',#6273);
#2320=VERTEX_POINT('',#6275);
#2321=VERTEX_POINT('',#6277);
#2322=VERTEX_POINT('',#6279);
#2323=VERTEX_POINT('',#6281);
#2324=VERTEX_POINT('',#6283);
#2325=VERTEX_POINT('',#6285);
#2326=VERTEX_POINT('',#6287);
#2327=VERTEX_POINT('',#6291);
#2328=VERTEX_POINT('',#6292);
#2329=VERTEX_POINT('',#6295);
#2330=VERTEX_POINT('',#6299);
#2331=VERTEX_POINT('',#6300);
#2332=VERTEX_POINT('',#6303);
#2333=VERTEX_POINT('',#6305);
#2334=VERTEX_POINT('',#6308);
#2335=VERTEX_POINT('',#6310);
#2336=VERTEX_POINT('',#6312);
#2337=VERTEX_POINT('',#6314);
#2338=VERTEX_POINT('',#6316);
#2339=VERTEX_POINT('',#6318);
#2340=VERTEX_POINT('',#6323);
#2341=VERTEX_POINT('',#6325);
#2342=VERTEX_POINT('',#6330);
#2343=VERTEX_POINT('',#6332);
#2344=VERTEX_POINT('',#6336);
#2345=VERTEX_POINT('',#6338);
#2346=VERTEX_POINT('',#6340);
#2347=VERTEX_POINT('',#6342);
#2348=VERTEX_POINT('',#6344);
#2349=VERTEX_POINT('',#6346);
#2350=VERTEX_POINT('',#6348);
#2351=VERTEX_POINT('',#6350);
#2352=VERTEX_POINT('',#6352);
#2353=VERTEX_POINT('',#6354);
#2354=VERTEX_POINT('',#6357);
#2355=VERTEX_POINT('',#6358);
#2356=VERTEX_POINT('',#6360);
#2357=VERTEX_POINT('',#6362);
#2358=VERTEX_POINT('',#6364);
#2359=VERTEX_POINT('',#6366);
#2360=VERTEX_POINT('',#6368);
#2361=VERTEX_POINT('',#6370);
#2362=VERTEX_POINT('',#6373);
#2363=VERTEX_POINT('',#6375);
#2364=VERTEX_POINT('',#6377);
#2365=VERTEX_POINT('',#6379);
#2366=VERTEX_POINT('',#6383);
#2367=VERTEX_POINT('',#6385);
#2368=VERTEX_POINT('',#6387);
#2369=VERTEX_POINT('',#6389);
#2370=VERTEX_POINT('',#6391);
#2371=VERTEX_POINT('',#6393);
#2372=VERTEX_POINT('',#6395);
#2373=VERTEX_POINT('',#6397);
#2374=VERTEX_POINT('',#6400);
#2375=VERTEX_POINT('',#6402);
#2376=VERTEX_POINT('',#6406);
#2377=VERTEX_POINT('',#6408);
#2378=VERTEX_POINT('',#6412);
#2379=VERTEX_POINT('',#6413);
#2380=VERTEX_POINT('',#6415);
#2381=VERTEX_POINT('',#6419);
#2382=VERTEX_POINT('',#6420);
#2383=VERTEX_POINT('',#6422);
#2384=VERTEX_POINT('',#6424);
#2385=VERTEX_POINT('',#6426);
#2386=VERTEX_POINT('',#6428);
#2387=VERTEX_POINT('',#6430);
#2388=VERTEX_POINT('',#6432);
#2389=VERTEX_POINT('',#6436);
#2390=VERTEX_POINT('',#6437);
#2391=VERTEX_POINT('',#6439);
#2392=VERTEX_POINT('',#6443);
#2393=VERTEX_POINT('',#6444);
#2394=VERTEX_POINT('',#6446);
#2395=VERTEX_POINT('',#6448);
#2396=VERTEX_POINT('',#6452);
#2397=VERTEX_POINT('',#6453);
#2398=VERTEX_POINT('',#6456);
#2399=VERTEX_POINT('',#6461);
#2400=VERTEX_POINT('',#6463);
#2401=VERTEX_POINT('',#6466);
#2402=VERTEX_POINT('',#6470);
#2403=VERTEX_POINT('',#6472);
#2404=VERTEX_POINT('',#6474);
#2405=VERTEX_POINT('',#6477);
#2406=VERTEX_POINT('',#6479);
#2407=VERTEX_POINT('',#6482);
#2408=VERTEX_POINT('',#6486);
#2409=VERTEX_POINT('',#6487);
#2410=VERTEX_POINT('',#6489);
#2411=VERTEX_POINT('',#6491);
#2412=VERTEX_POINT('',#6494);
#2413=VERTEX_POINT('',#6495);
#2414=VERTEX_POINT('',#6497);
#2415=VERTEX_POINT('',#6499);
#2416=VERTEX_POINT('',#6503);
#2417=VERTEX_POINT('',#6505);
#2418=VERTEX_POINT('',#6507);
#2419=VERTEX_POINT('',#6509);
#2420=VERTEX_POINT('',#6511);
#2421=VERTEX_POINT('',#6520);
#2422=VERTEX_POINT('',#6524);
#2423=VERTEX_POINT('',#6525);
#2424=VERTEX_POINT('',#6528);
#2425=VERTEX_POINT('',#6530);
#2426=VERTEX_POINT('',#6535);
#2427=VERTEX_POINT('',#6536);
#2428=VERTEX_POINT('',#6538);
#2429=VERTEX_POINT('',#6540);
#2430=VERTEX_POINT('',#6543);
#2431=VERTEX_POINT('',#6544);
#2432=VERTEX_POINT('',#6546);
#2433=VERTEX_POINT('',#6548);
#2434=VERTEX_POINT('',#6550);
#2435=VERTEX_POINT('',#6552);
#2436=VERTEX_POINT('',#6554);
#2437=VERTEX_POINT('',#6556);
#2438=VERTEX_POINT('',#6558);
#2439=VERTEX_POINT('',#6560);
#2440=VERTEX_POINT('',#6562);
#2441=VERTEX_POINT('',#6564);
#2442=VERTEX_POINT('',#6566);
#2443=VERTEX_POINT('',#6568);
#2444=VERTEX_POINT('',#6570);
#2445=VERTEX_POINT('',#6572);
#2446=VERTEX_POINT('',#6577);
#2447=VERTEX_POINT('',#6578);
#2448=VERTEX_POINT('',#6580);
#2449=VERTEX_POINT('',#6582);
#2450=VERTEX_POINT('',#6587);
#2451=VERTEX_POINT('',#6588);
#2452=VERTEX_POINT('',#6593);
#2453=VERTEX_POINT('',#6594);
#2454=VERTEX_POINT('',#6599);
#2455=VERTEX_POINT('',#6600);
#2456=VERTEX_POINT('',#6605);
#2457=VERTEX_POINT('',#6606);
#2458=VERTEX_POINT('',#6615);
#2459=VERTEX_POINT('',#6632);
#2460=VERTEX_POINT('',#6635);
#2461=VERTEX_POINT('',#6637);
#2462=VERTEX_POINT('',#6639);
#2463=VERTEX_POINT('',#6643);
#2464=VERTEX_POINT('',#6645);
#2465=VERTEX_POINT('',#6648);
#2466=VERTEX_POINT('',#6650);
#2467=VERTEX_POINT('',#6653);
#2468=VERTEX_POINT('',#6657);
#2469=VERTEX_POINT('',#6662);
#2470=VERTEX_POINT('',#6663);
#2471=VERTEX_POINT('',#6679);
#2472=VERTEX_POINT('',#6681);
#2473=VERTEX_POINT('',#6685);
#2474=VERTEX_POINT('',#6689);
#2475=VERTEX_POINT('',#6772);
#2476=VERTEX_POINT('',#6776);
#2477=VERTEX_POINT('',#6784);
#2478=VERTEX_POINT('',#6788);
#2479=VERTEX_POINT('',#6794);
#2480=VERTEX_POINT('',#6798);
#2481=VERTEX_POINT('',#6815);
#2482=VERTEX_POINT('',#6819);
#2483=VERTEX_POINT('',#6826);
#2484=VERTEX_POINT('',#6830);
#2485=VERTEX_POINT('',#6854);
#2486=VERTEX_POINT('',#6864);
#2487=VERTEX_POINT('',#6876);
#2488=VERTEX_POINT('',#6880);
#2489=VERTEX_POINT('',#6884);
#2490=VERTEX_POINT('',#6885);
#2491=VERTEX_POINT('',#6911);
#2492=VERTEX_POINT('',#6927);
#2493=VERTEX_POINT('',#6929);
#2494=VERTEX_POINT('',#6938);
#2495=VERTEX_POINT('',#6944);
#2496=VERTEX_POINT('',#6945);
#2497=VERTEX_POINT('',#6953);
#2498=VERTEX_POINT('',#6955);
#2499=VERTEX_POINT('',#6957);
#2500=VERTEX_POINT('',#6961);
#2501=VERTEX_POINT('',#6962);
#2502=VERTEX_POINT('',#6964);
#2503=VERTEX_POINT('',#7002);
#2504=VERTEX_POINT('',#7007);
#2505=VERTEX_POINT('',#7018);
#2506=VERTEX_POINT('',#7032);
#2507=VERTEX_POINT('',#7039);
#2508=VERTEX_POINT('',#7043);
#2509=VERTEX_POINT('',#7047);
#2510=VERTEX_POINT('',#7058);
#2511=VERTEX_POINT('',#7059);
#2512=VERTEX_POINT('',#7064);
#2513=VERTEX_POINT('',#7066);
#2514=VERTEX_POINT('',#7079);
#2515=VERTEX_POINT('',#7080);
#2516=VERTEX_POINT('',#7097);
#2517=VERTEX_POINT('',#7098);
#2518=VERTEX_POINT('',#7108);
#2519=VERTEX_POINT('',#7109);
#2520=VERTEX_POINT('',#7114);
#2521=VERTEX_POINT('',#7115);
#2522=VERTEX_POINT('',#7120);
#2523=VERTEX_POINT('',#7121);
#2524=VERTEX_POINT('',#7153);
#2525=VERTEX_POINT('',#7154);
#2526=VERTEX_POINT('',#7156);
#2527=VERTEX_POINT('',#7158);
#2528=VERTEX_POINT('',#7163);
#2529=VERTEX_POINT('',#7168);
#2530=VERTEX_POINT('',#7173);
#2531=VERTEX_POINT('',#7179);
#2532=VERTEX_POINT('',#7180);
#2533=VERTEX_POINT('',#7182);
#2534=VERTEX_POINT('',#7184);
#2535=VERTEX_POINT('',#7189);
#2536=VERTEX_POINT('',#7194);
#2537=VERTEX_POINT('',#7199);
#2538=VERTEX_POINT('',#7207);
#2539=VERTEX_POINT('',#7209);
#2540=VERTEX_POINT('',#7213);
#2541=VERTEX_POINT('',#7217);
#2542=VERTEX_POINT('',#7223);
#2543=VERTEX_POINT('',#7224);
#2544=VERTEX_POINT('',#7226);
#2545=VERTEX_POINT('',#7228);
#2546=VERTEX_POINT('',#7232);
#2547=VERTEX_POINT('',#7234);
#2548=VERTEX_POINT('',#7238);
#2549=VERTEX_POINT('',#7240);
#2550=VERTEX_POINT('',#7244);
#2551=VERTEX_POINT('',#7246);
#2552=VERTEX_POINT('',#7250);
#2553=VERTEX_POINT('',#7252);
#2554=VERTEX_POINT('',#7256);
#2555=VERTEX_POINT('',#7257);
#2556=VERTEX_POINT('',#7259);
#2557=VERTEX_POINT('',#7261);
#2558=VERTEX_POINT('',#7263);
#2559=VERTEX_POINT('',#7265);
#2560=VERTEX_POINT('',#7267);
#2561=VERTEX_POINT('',#7269);
#2562=LINE('',#5927,#3022);
#2563=LINE('',#5930,#3023);
#2564=LINE('',#5932,#3024);
#2565=LINE('',#5934,#3025);
#2566=LINE('',#5944,#3026);
#2567=LINE('',#5946,#3027);
#2568=LINE('',#5948,#3028);
#2569=LINE('',#5957,#3029);
#2570=LINE('',#5960,#3030);
#2571=LINE('',#5962,#3031);
#2572=LINE('',#5964,#3032);
#2573=LINE('',#5966,#3033);
#2574=LINE('',#5968,#3034);
#2575=LINE('',#5970,#3035);
#2576=LINE('',#5974,#3036);
#2577=LINE('',#5976,#3037);
#2578=LINE('',#5978,#3038);
#2579=LINE('',#5980,#3039);
#2580=LINE('',#5982,#3040);
#2581=LINE('',#5985,#3041);
#2582=LINE('',#5990,#3042);
#2583=LINE('',#5994,#3043);
#2584=LINE('',#5998,#3044);
#2585=LINE('',#6002,#3045);
#2586=LINE('',#6005,#3046);
#2587=LINE('',#6007,#3047);
#2588=LINE('',#6009,#3048);
#2589=LINE('',#6011,#3049);
#2590=LINE('',#6013,#3050);
#2591=LINE('',#6015,#3051);
#2592=LINE('',#6018,#3052);
#2593=LINE('',#6020,#3053);
#2594=LINE('',#6022,#3054);
#2595=LINE('',#6024,#3055);
#2596=LINE('',#6026,#3056);
#2597=LINE('',#6028,#3057);
#2598=LINE('',#6030,#3058);
#2599=LINE('',#6032,#3059);
#2600=LINE('',#6035,#3060);
#2601=LINE('',#6037,#3061);
#2602=LINE('',#6039,#3062);
#2603=LINE('',#6041,#3063);
#2604=LINE('',#6043,#3064);
#2605=LINE('',#6045,#3065);
#2606=LINE('',#6048,#3066);
#2607=LINE('',#6050,#3067);
#2608=LINE('',#6054,#3068);
#2609=LINE('',#6056,#3069);
#2610=LINE('',#6058,#3070);
#2611=LINE('',#6060,#3071);
#2612=LINE('',#6062,#3072);
#2613=LINE('',#6064,#3073);
#2614=LINE('',#6066,#3074);
#2615=LINE('',#6068,#3075);
#2616=LINE('',#6070,#3076);
#2617=LINE('',#6073,#3077);
#2618=LINE('',#6075,#3078);
#2619=LINE('',#6077,#3079);
#2620=LINE('',#6079,#3080);
#2621=LINE('',#6081,#3081);
#2622=LINE('',#6083,#3082);
#2623=LINE('',#6085,#3083);
#2624=LINE('',#6087,#3084);
#2625=LINE('',#6089,#3085);
#2626=LINE('',#6091,#3086);
#2627=LINE('',#6093,#3087);
#2628=LINE('',#6095,#3088);
#2629=LINE('',#6100,#3089);
#2630=LINE('',#6101,#3090);
#2631=LINE('',#6105,#3091);
#2632=LINE('',#6107,#3092);
#2633=LINE('',#6109,#3093);
#2634=LINE('',#6112,#3094);
#2635=LINE('',#6114,#3095);
#2636=LINE('',#6116,#3096);
#2637=LINE('',#6118,#3097);
#2638=LINE('',#6120,#3098);
#2639=LINE('',#6129,#3099);
#2640=LINE('',#6131,#3100);
#2641=LINE('',#6133,#3101);
#2642=LINE('',#6137,#3102);
#2643=LINE('',#6141,#3103);
#2644=LINE('',#6145,#3104);
#2645=LINE('',#6149,#3105);
#2646=LINE('',#6151,#3106);
#2647=LINE('',#6153,#3107);
#2648=LINE('',#6156,#3108);
#2649=LINE('',#6158,#3109);
#2650=LINE('',#6160,#3110);
#2651=LINE('',#6162,#3111);
#2652=LINE('',#6166,#3112);
#2653=LINE('',#6170,#3113);
#2654=LINE('',#6173,#3114);
#2655=LINE('',#6176,#3115);
#2656=LINE('',#6178,#3116);
#2657=LINE('',#6180,#3117);
#2658=LINE('',#6182,#3118);
#2659=LINE('',#6184,#3119);
#2660=LINE('',#6186,#3120);
#2661=LINE('',#6188,#3121);
#2662=LINE('',#6190,#3122);
#2663=LINE('',#6192,#3123);
#2664=LINE('',#6194,#3124);
#2665=LINE('',#6196,#3125);
#2666=LINE('',#6198,#3126);
#2667=LINE('',#6200,#3127);
#2668=LINE('',#6202,#3128);
#2669=LINE('',#6204,#3129);
#2670=LINE('',#6205,#3130);
#2671=LINE('',#6207,#3131);
#2672=LINE('',#6209,#3132);
#2673=LINE('',#6211,#3133);
#2674=LINE('',#6213,#3134);
#2675=LINE('',#6215,#3135);
#2676=LINE('',#6217,#3136);
#2677=LINE('',#6219,#3137);
#2678=LINE('',#6222,#3138);
#2679=LINE('',#6224,#3139);
#2680=LINE('',#6228,#3140);
#2681=LINE('',#6232,#3141);
#2682=LINE('',#6234,#3142);
#2683=LINE('',#6236,#3143);
#2684=LINE('',#6238,#3144);
#2685=LINE('',#6240,#3145);
#2686=LINE('',#6242,#3146);
#2687=LINE('',#6244,#3147);
#2688=LINE('',#6247,#3148);
#2689=LINE('',#6251,#3149);
#2690=LINE('',#6254,#3150);
#2691=LINE('',#6256,#3151);
#2692=LINE('',#6258,#3152);
#2693=LINE('',#6260,#3153);
#2694=LINE('',#6264,#3154);
#2695=LINE('',#6268,#3155);
#2696=LINE('',#6270,#3156);
#2697=LINE('',#6272,#3157);
#2698=LINE('',#6274,#3158);
#2699=LINE('',#6276,#3159);
#2700=LINE('',#6278,#3160);
#2701=LINE('',#6280,#3161);
#2702=LINE('',#6282,#3162);
#2703=LINE('',#6284,#3163);
#2704=LINE('',#6286,#3164);
#2705=LINE('',#6288,#3165);
#2706=LINE('',#6290,#3166);
#2707=LINE('',#6293,#3167);
#2708=LINE('',#6294,#3168);
#2709=LINE('',#6296,#3169);
#2710=LINE('',#6298,#3170);
#2711=LINE('',#6304,#3171);
#2712=LINE('',#6306,#3172);
#2713=LINE('',#6309,#3173);
#2714=LINE('',#6311,#3174);
#2715=LINE('',#6315,#3175);
#2716=LINE('',#6319,#3176);
#2717=LINE('',#6321,#3177);
#2718=LINE('',#6322,#3178);
#2719=LINE('',#6324,#3179);
#2720=LINE('',#6326,#3180);
#2721=LINE('',#6328,#3181);
#2722=LINE('',#6329,#3182);
#2723=LINE('',#6331,#3183);
#2724=LINE('',#6333,#3184);
#2725=LINE('',#6337,#3185);
#2726=LINE('',#6339,#3186);
#2727=LINE('',#6343,#3187);
#2728=LINE('',#6347,#3188);
#2729=LINE('',#6349,#3189);
#2730=LINE('',#6351,#3190);
#2731=LINE('',#6355,#3191);
#2732=LINE('',#6356,#3192);
#2733=LINE('',#6361,#3193);
#2734=LINE('',#6365,#3194);
#2735=LINE('',#6369,#3195);
#2736=LINE('',#6374,#3196);
#2737=LINE('',#6378,#3197);
#2738=LINE('',#6382,#3198);
#2739=LINE('',#6384,#3199);
#2740=LINE('',#6386,#3200);
#2741=LINE('',#6388,#3201);
#2742=LINE('',#6390,#3202);
#2743=LINE('',#6392,#3203);
#2744=LINE('',#6394,#3204);
#2745=LINE('',#6396,#3205);
#2746=LINE('',#6398,#3206);
#2747=LINE('',#6401,#3207);
#2748=LINE('',#6405,#3208);
#2749=LINE('',#6407,#3209);
#2750=LINE('',#6409,#3210);
#2751=LINE('',#6411,#3211);
#2752=LINE('',#6414,#3212);
#2753=LINE('',#6416,#3213);
#2754=LINE('',#6418,#3214);
#2755=LINE('',#6421,#3215);
#2756=LINE('',#6423,#3216);
#2757=LINE('',#6425,#3217);
#2758=LINE('',#6427,#3218);
#2759=LINE('',#6429,#3219);
#2760=LINE('',#6431,#3220);
#2761=LINE('',#6433,#3221);
#2762=LINE('',#6435,#3222);
#2763=LINE('',#6438,#3223);
#2764=LINE('',#6440,#3224);
#2765=LINE('',#6442,#3225);
#2766=LINE('',#6445,#3226);
#2767=LINE('',#6447,#3227);
#2768=LINE('',#6449,#3228);
#2769=LINE('',#6451,#3229);
#2770=LINE('',#6462,#3230);
#2771=LINE('',#6469,#3231);
#2772=LINE('',#6471,#3232);
#2773=LINE('',#6473,#3233);
#2774=LINE('',#6475,#3234);
#2775=LINE('',#6476,#3235);
#2776=LINE('',#6478,#3236);
#2777=LINE('',#6480,#3237);
#2778=LINE('',#6481,#3238);
#2779=LINE('',#6483,#3239);
#2780=LINE('',#6485,#3240);
#2781=LINE('',#6488,#3241);
#2782=LINE('',#6490,#3242);
#2783=LINE('',#6492,#3243);
#2784=LINE('',#6493,#3244);
#2785=LINE('',#6496,#3245);
#2786=LINE('',#6498,#3246);
#2787=LINE('',#6500,#3247);
#2788=LINE('',#6504,#3248);
#2789=LINE('',#6506,#3249);
#2790=LINE('',#6508,#3250);
#2791=LINE('',#6510,#3251);
#2792=LINE('',#6512,#3252);
#2793=LINE('',#6517,#3253);
#2794=LINE('',#6518,#3254);
#2795=LINE('',#6519,#3255);
#2796=LINE('',#6521,#3256);
#2797=LINE('',#6527,#3257);
#2798=LINE('',#6529,#3258);
#2799=LINE('',#6531,#3259);
#2800=LINE('',#6545,#3260);
#2801=LINE('',#6547,#3261);
#2802=LINE('',#6551,#3262);
#2803=LINE('',#6553,#3263);
#2804=LINE('',#6557,#3264);
#2805=LINE('',#6561,#3265);
#2806=LINE('',#6563,#3266);
#2807=LINE('',#6567,#3267);
#2808=LINE('',#6569,#3268);
#2809=LINE('',#6573,#3269);
#2810=LINE('',#6574,#3270);
#2811=LINE('',#6575,#3271);
#2812=LINE('',#6586,#3272);
#2813=LINE('',#6589,#3273);
#2814=LINE('',#6590,#3274);
#2815=LINE('',#6592,#3275);
#2816=LINE('',#6598,#3276);
#2817=LINE('',#6601,#3277);
#2818=LINE('',#6602,#3278);
#2819=LINE('',#6604,#3279);
#2820=LINE('',#6610,#3280);
#2821=LINE('',#6611,#3281);
#2822=LINE('',#6626,#3282);
#2823=LINE('',#6628,#3283);
#2824=LINE('',#6629,#3284);
#2825=LINE('',#6631,#3285);
#2826=LINE('',#6633,#3286);
#2827=LINE('',#6634,#3287);
#2828=LINE('',#6636,#3288);
#2829=LINE('',#6640,#3289);
#2830=LINE('',#6652,#3290);
#2831=LINE('',#6654,#3291);
#2832=LINE('',#6655,#3292);
#2833=LINE('',#6659,#3293);
#2834=LINE('',#6661,#3294);
#2835=LINE('',#6664,#3295);
#2836=LINE('',#6665,#3296);
#2837=LINE('',#6666,#3297);
#2838=LINE('',#6667,#3298);
#2839=LINE('',#6668,#3299);
#2840=LINE('',#6670,#3300);
#2841=LINE('',#6672,#3301);
#2842=LINE('',#6673,#3302);
#2843=LINE('',#6675,#3303);
#2844=LINE('',#6676,#3304);
#2845=LINE('',#6678,#3305);
#2846=LINE('',#6680,#3306);
#2847=LINE('',#6682,#3307);
#2848=LINE('',#6684,#3308);
#2849=LINE('',#6686,#3309);
#2850=LINE('',#6688,#3310);
#2851=LINE('',#6690,#3311);
#2852=LINE('',#6692,#3312);
#2853=LINE('',#6695,#3313);
#2854=LINE('',#6696,#3314);
#2855=LINE('',#6698,#3315);
#2856=LINE('',#6699,#3316);
#2857=LINE('',#6702,#3317);
#2858=LINE('',#6703,#3318);
#2859=LINE('',#6705,#3319);
#2860=LINE('',#6707,#3320);
#2861=LINE('',#6710,#3321);
#2862=LINE('',#6712,#3322);
#2863=LINE('',#6717,#3323);
#2864=LINE('',#6719,#3324);
#2865=LINE('',#6724,#3325);
#2866=LINE('',#6727,#3326);
#2867=LINE('',#6729,#3327);
#2868=LINE('',#6730,#3328);
#2869=LINE('',#6738,#3329);
#2870=LINE('',#6740,#3330);
#2871=LINE('',#6742,#3331);
#2872=LINE('',#6744,#3332);
#2873=LINE('',#6746,#3333);
#2874=LINE('',#6748,#3334);
#2875=LINE('',#6750,#3335);
#2876=LINE('',#6752,#3336);
#2877=LINE('',#6755,#3337);
#2878=LINE('',#6756,#3338);
#2879=LINE('',#6758,#3339);
#2880=LINE('',#6760,#3340);
#2881=LINE('',#6762,#3341);
#2882=LINE('',#6764,#3342);
#2883=LINE('',#6766,#3343);
#2884=LINE('',#6768,#3344);
#2885=LINE('',#6771,#3345);
#2886=LINE('',#6773,#3346);
#2887=LINE('',#6775,#3347);
#2888=LINE('',#6777,#3348);
#2889=LINE('',#6779,#3349);
#2890=LINE('',#6781,#3350);
#2891=LINE('',#6783,#3351);
#2892=LINE('',#6785,#3352);
#2893=LINE('',#6787,#3353);
#2894=LINE('',#6789,#3354);
#2895=LINE('',#6791,#3355);
#2896=LINE('',#6793,#3356);
#2897=LINE('',#6795,#3357);
#2898=LINE('',#6797,#3358);
#2899=LINE('',#6799,#3359);
#2900=LINE('',#6801,#3360);
#2901=LINE('',#6803,#3361);
#2902=LINE('',#6805,#3362);
#2903=LINE('',#6807,#3363);
#2904=LINE('',#6809,#3364);
#2905=LINE('',#6811,#3365);
#2906=LINE('',#6814,#3366);
#2907=LINE('',#6816,#3367);
#2908=LINE('',#6820,#3368);
#2909=LINE('',#6822,#3369);
#2910=LINE('',#6825,#3370);
#2911=LINE('',#6827,#3371);
#2912=LINE('',#6831,#3372);
#2913=LINE('',#6833,#3373);
#2914=LINE('',#6838,#3374);
#2915=LINE('',#6840,#3375);
#2916=LINE('',#6841,#3376);
#2917=LINE('',#6843,#3377);
#2918=LINE('',#6844,#3378);
#2919=LINE('',#6845,#3379);
#2920=LINE('',#6862,#3380);
#2921=LINE('',#6863,#3381);
#2922=LINE('',#6865,#3382);
#2923=LINE('',#6867,#3383);
#2924=LINE('',#6869,#3384);
#2925=LINE('',#6871,#3385);
#2926=LINE('',#6873,#3386);
#2927=LINE('',#6875,#3387);
#2928=LINE('',#6877,#3388);
#2929=LINE('',#6879,#3389);
#2930=LINE('',#6881,#3390);
#2931=LINE('',#6883,#3391);
#2932=LINE('',#6886,#3392);
#2933=LINE('',#6887,#3393);
#2934=LINE('',#6888,#3394);
#2935=LINE('',#6890,#3395);
#2936=LINE('',#6892,#3396);
#2937=LINE('',#6900,#3397);
#2938=LINE('',#6902,#3398);
#2939=LINE('',#6905,#3399);
#2940=LINE('',#6914,#3400);
#2941=LINE('',#6915,#3401);
#2942=LINE('',#6917,#3402);
#2943=LINE('',#6918,#3403);
#2944=LINE('',#6922,#3404);
#2945=LINE('',#6926,#3405);
#2946=LINE('',#6928,#3406);
#2947=LINE('',#6930,#3407);
#2948=LINE('',#6932,#3408);
#2949=LINE('',#6934,#3409);
#2950=LINE('',#6937,#3410);
#2951=LINE('',#6939,#3411);
#2952=LINE('',#6943,#3412);
#2953=LINE('',#6946,#3413);
#2954=LINE('',#6947,#3414);
#2955=LINE('',#6949,#3415);
#2956=LINE('',#6952,#3416);
#2957=LINE('',#6954,#3417);
#2958=LINE('',#6956,#3418);
#2959=LINE('',#6960,#3419);
#2960=LINE('',#6963,#3420);
#2961=LINE('',#6965,#3421);
#2962=LINE('',#6968,#3422);
#2963=LINE('',#6969,#3423);
#2964=LINE('',#6971,#3424);
#2965=LINE('',#7001,#3425);
#2966=LINE('',#7008,#3426);
#2967=LINE('',#7017,#3427);
#2968=LINE('',#7031,#3428);
#2969=LINE('',#7038,#3429);
#2970=LINE('',#7040,#3430);
#2971=LINE('',#7042,#3431);
#2972=LINE('',#7044,#3432);
#2973=LINE('',#7046,#3433);
#2974=LINE('',#7048,#3434);
#2975=LINE('',#7057,#3435);
#2976=LINE('',#7065,#3436);
#2977=LINE('',#7078,#3437);
#2978=LINE('',#7096,#3438);
#2979=LINE('',#7107,#3439);
#2980=LINE('',#7110,#3440);
#2981=LINE('',#7111,#3441);
#2982=LINE('',#7113,#3442);
#2983=LINE('',#7116,#3443);
#2984=LINE('',#7117,#3444);
#2985=LINE('',#7119,#3445);
#2986=LINE('',#7122,#3446);
#2987=LINE('',#7123,#3447);
#2988=LINE('',#7152,#3448);
#2989=LINE('',#7155,#3449);
#2990=LINE('',#7157,#3450);
#2991=LINE('',#7178,#3451);
#2992=LINE('',#7181,#3452);
#2993=LINE('',#7183,#3453);
#2994=LINE('',#7206,#3454);
#2995=LINE('',#7208,#3455);
#2996=LINE('',#7210,#3456);
#2997=LINE('',#7212,#3457);
#2998=LINE('',#7214,#3458);
#2999=LINE('',#7216,#3459);
#3000=LINE('',#7218,#3460);
#3001=LINE('',#7220,#3461);
#3002=LINE('',#7222,#3462);
#3003=LINE('',#7225,#3463);
#3004=LINE('',#7227,#3464);
#3005=LINE('',#7229,#3465);
#3006=LINE('',#7231,#3466);
#3007=LINE('',#7233,#3467);
#3008=LINE('',#7235,#3468);
#3009=LINE('',#7237,#3469);
#3010=LINE('',#7239,#3470);
#3011=LINE('',#7241,#3471);
#3012=LINE('',#7243,#3472);
#3013=LINE('',#7245,#3473);
#3014=LINE('',#7247,#3474);
#3015=LINE('',#7249,#3475);
#3016=LINE('',#7251,#3476);
#3017=LINE('',#7253,#3477);
#3018=LINE('',#7258,#3478);
#3019=LINE('',#7262,#3479);
#3020=LINE('',#7266,#3480);
#3021=LINE('',#7270,#3481);
#3022=VECTOR('',#4741,1.);
#3023=VECTOR('',#4742,1.);
#3024=VECTOR('',#4743,1.);
#3025=VECTOR('',#4744,1.);
#3026=VECTOR('',#4745,1.);
#3027=VECTOR('',#4746,1.);
#3028=VECTOR('',#4747,1.);
#3029=VECTOR('',#4748,1.);
#3030=VECTOR('',#4749,1.);
#3031=VECTOR('',#4750,1.);
#3032=VECTOR('',#4751,1.);
#3033=VECTOR('',#4752,1.);
#3034=VECTOR('',#4753,1.);
#3035=VECTOR('',#4754,1.);
#3036=VECTOR('',#4757,1.);
#3037=VECTOR('',#4758,1.);
#3038=VECTOR('',#4759,1.);
#3039=VECTOR('',#4760,1.);
#3040=VECTOR('',#4761,1.);
#3041=VECTOR('',#4764,1.);
#3042=VECTOR('',#4767,1.);
#3043=VECTOR('',#4770,1.);
#3044=VECTOR('',#4773,1.);
#3045=VECTOR('',#4778,1.);
#3046=VECTOR('',#4779,1.);
#3047=VECTOR('',#4780,1.);
#3048=VECTOR('',#4781,1.);
#3049=VECTOR('',#4782,1.);
#3050=VECTOR('',#4783,1.);
#3051=VECTOR('',#4786,1.);
#3052=VECTOR('',#4787,1.);
#3053=VECTOR('',#4788,1.);
#3054=VECTOR('',#4789,1.);
#3055=VECTOR('',#4790,1.);
#3056=VECTOR('',#4791,1.);
#3057=VECTOR('',#4792,1.);
#3058=VECTOR('',#4793,1.);
#3059=VECTOR('',#4796,1.);
#3060=VECTOR('',#4797,1.);
#3061=VECTOR('',#4798,1.);
#3062=VECTOR('',#4799,1.);
#3063=VECTOR('',#4800,1.);
#3064=VECTOR('',#4801,1.);
#3065=VECTOR('',#4804,1.);
#3066=VECTOR('',#4805,1.);
#3067=VECTOR('',#4806,1.);
#3068=VECTOR('',#4809,1.);
#3069=VECTOR('',#4810,1.);
#3070=VECTOR('',#4811,1.);
#3071=VECTOR('',#4812,1.);
#3072=VECTOR('',#4813,1.);
#3073=VECTOR('',#4814,1.);
#3074=VECTOR('',#4815,1.);
#3075=VECTOR('',#4816,1.);
#3076=VECTOR('',#4819,1.);
#3077=VECTOR('',#4820,1.);
#3078=VECTOR('',#4821,1.);
#3079=VECTOR('',#4822,1.);
#3080=VECTOR('',#4823,1.);
#3081=VECTOR('',#4824,1.);
#3082=VECTOR('',#4825,1.);
#3083=VECTOR('',#4826,1.);
#3084=VECTOR('',#4827,1.);
#3085=VECTOR('',#4828,1.);
#3086=VECTOR('',#4829,1.);
#3087=VECTOR('',#4830,1.);
#3088=VECTOR('',#4831,1.);
#3089=VECTOR('',#4836,1.);
#3090=VECTOR('',#4837,1.);
#3091=VECTOR('',#4840,1.);
#3092=VECTOR('',#4841,1.);
#3093=VECTOR('',#4844,1.);
#3094=VECTOR('',#4845,1.);
#3095=VECTOR('',#4846,1.);
#3096=VECTOR('',#4847,1.);
#3097=VECTOR('',#4848,1.);
#3098=VECTOR('',#4849,1.);
#3099=VECTOR('',#4860,1.);
#3100=VECTOR('',#4861,1.);
#3101=VECTOR('',#4862,1.);
#3102=VECTOR('',#4865,1.);
#3103=VECTOR('',#4868,1.);
#3104=VECTOR('',#4871,1.);
#3105=VECTOR('',#4874,1.);
#3106=VECTOR('',#4875,1.);
#3107=VECTOR('',#4876,1.);
#3108=VECTOR('',#4879,1.);
#3109=VECTOR('',#4880,1.);
#3110=VECTOR('',#4881,1.);
#3111=VECTOR('',#4882,1.);
#3112=VECTOR('',#4885,1.);
#3113=VECTOR('',#4890,1.);
#3114=VECTOR('',#4891,1.);
#3115=VECTOR('',#4894,1.);
#3116=VECTOR('',#4895,1.);
#3117=VECTOR('',#4896,1.);
#3118=VECTOR('',#4897,1.);
#3119=VECTOR('',#4898,1.);
#3120=VECTOR('',#4899,1.);
#3121=VECTOR('',#4900,1.);
#3122=VECTOR('',#4901,1.);
#3123=VECTOR('',#4902,1.);
#3124=VECTOR('',#4903,1.);
#3125=VECTOR('',#4904,1.);
#3126=VECTOR('',#4905,1.);
#3127=VECTOR('',#4906,1.);
#3128=VECTOR('',#4907,1.);
#3129=VECTOR('',#4908,1.);
#3130=VECTOR('',#4909,1.);
#3131=VECTOR('',#4912,1.);
#3132=VECTOR('',#4913,1.);
#3133=VECTOR('',#4914,1.);
#3134=VECTOR('',#4917,1.);
#3135=VECTOR('',#4918,1.);
#3136=VECTOR('',#4919,1.);
#3137=VECTOR('',#4922,1.);
#3138=VECTOR('',#4923,1.);
#3139=VECTOR('',#4924,1.);
#3140=VECTOR('',#4927,1.);
#3141=VECTOR('',#4932,1.);
#3142=VECTOR('',#4933,1.);
#3143=VECTOR('',#4934,1.);
#3144=VECTOR('',#4935,1.);
#3145=VECTOR('',#4936,1.);
#3146=VECTOR('',#4937,1.);
#3147=VECTOR('',#4940,1.);
#3148=VECTOR('',#4943,1.);
#3149=VECTOR('',#4946,1.);
#3150=VECTOR('',#4949,1.);
#3151=VECTOR('',#4950,1.);
#3152=VECTOR('',#4951,1.);
#3153=VECTOR('',#4952,1.);
#3154=VECTOR('',#4955,1.);
#3155=VECTOR('',#4958,1.);
#3156=VECTOR('',#4959,1.);
#3157=VECTOR('',#4960,1.);
#3158=VECTOR('',#4961,1.);
#3159=VECTOR('',#4962,1.);
#3160=VECTOR('',#4963,1.);
#3161=VECTOR('',#4964,1.);
#3162=VECTOR('',#4965,1.);
#3163=VECTOR('',#4966,1.);
#3164=VECTOR('',#4967,1.);
#3165=VECTOR('',#4968,1.);
#3166=VECTOR('',#4971,1.);
#3167=VECTOR('',#4972,1.);
#3168=VECTOR('',#4973,1.);
#3169=VECTOR('',#4974,1.);
#3170=VECTOR('',#4977,1.);
#3171=VECTOR('',#4982,1.);
#3172=VECTOR('',#4983,1.);
#3173=VECTOR('',#4986,1.);
#3174=VECTOR('',#4987,1.);
#3175=VECTOR('',#4990,1.);
#3176=VECTOR('',#4993,1.);
#3177=VECTOR('',#4996,1.);
#3178=VECTOR('',#4997,1.);
#3179=VECTOR('',#4998,1.);
#3180=VECTOR('',#4999,1.);
#3181=VECTOR('',#5002,1.);
#3182=VECTOR('',#5003,1.);
#3183=VECTOR('',#5004,1.);
#3184=VECTOR('',#5005,1.);
#3185=VECTOR('',#5010,1.);
#3186=VECTOR('',#5011,1.);
#3187=VECTOR('',#5014,1.);
#3188=VECTOR('',#5017,1.);
#3189=VECTOR('',#5018,1.);
#3190=VECTOR('',#5019,1.);
#3191=VECTOR('',#5022,1.);
#3192=VECTOR('',#5023,1.);
#3193=VECTOR('',#5026,1.);
#3194=VECTOR('',#5029,1.);
#3195=VECTOR('',#5032,1.);
#3196=VECTOR('',#5037,1.);
#3197=VECTOR('',#5040,1.);
#3198=VECTOR('',#5045,1.);
#3199=VECTOR('',#5046,1.);
#3200=VECTOR('',#5047,1.);
#3201=VECTOR('',#5048,1.);
#3202=VECTOR('',#5049,1.);
#3203=VECTOR('',#5050,1.);
#3204=VECTOR('',#5051,1.);
#3205=VECTOR('',#5052,1.);
#3206=VECTOR('',#5053,1.);
#3207=VECTOR('',#5056,1.);
#3208=VECTOR('',#5061,1.);
#3209=VECTOR('',#5062,1.);
#3210=VECTOR('',#5063,1.);
#3211=VECTOR('',#5066,1.);
#3212=VECTOR('',#5067,1.);
#3213=VECTOR('',#5068,1.);
#3214=VECTOR('',#5071,1.);
#3215=VECTOR('',#5072,1.);
#3216=VECTOR('',#5073,1.);
#3217=VECTOR('',#5074,1.);
#3218=VECTOR('',#5075,1.);
#3219=VECTOR('',#5076,1.);
#3220=VECTOR('',#5077,1.);
#3221=VECTOR('',#5078,1.);
#3222=VECTOR('',#5081,1.);
#3223=VECTOR('',#5082,1.);
#3224=VECTOR('',#5083,1.);
#3225=VECTOR('',#5086,1.);
#3226=VECTOR('',#5087,1.);
#3227=VECTOR('',#5088,1.);
#3228=VECTOR('',#5089,1.);
#3229=VECTOR('',#5092,1.);
#3230=VECTOR('',#5105,1.);
#3231=VECTOR('',#5114,1.);
#3232=VECTOR('',#5115,1.);
#3233=VECTOR('',#5116,1.);
#3234=VECTOR('',#5117,1.);
#3235=VECTOR('',#5118,1.);
#3236=VECTOR('',#5119,1.);
#3237=VECTOR('',#5120,1.);
#3238=VECTOR('',#5121,1.);
#3239=VECTOR('',#5122,1.);
#3240=VECTOR('',#5125,1.);
#3241=VECTOR('',#5126,1.);
#3242=VECTOR('',#5127,1.);
#3243=VECTOR('',#5128,1.);
#3244=VECTOR('',#5129,1.);
#3245=VECTOR('',#5130,1.);
#3246=VECTOR('',#5131,1.);
#3247=VECTOR('',#5132,1.);
#3248=VECTOR('',#5137,1.);
#3249=VECTOR('',#5138,1.);
#3250=VECTOR('',#5139,1.);
#3251=VECTOR('',#5140,1.);
#3252=VECTOR('',#5141,1.);
#3253=VECTOR('',#5150,1.);
#3254=VECTOR('',#5151,1.);
#3255=VECTOR('',#5152,1.);
#3256=VECTOR('',#5153,1.);
#3257=VECTOR('',#5160,1.);
#3258=VECTOR('',#5161,1.);
#3259=VECTOR('',#5162,1.);
#3260=VECTOR('',#5177,1.);
#3261=VECTOR('',#5178,1.);
#3262=VECTOR('',#5181,1.);
#3263=VECTOR('',#5182,1.);
#3264=VECTOR('',#5185,1.);
#3265=VECTOR('',#5188,1.);
#3266=VECTOR('',#5189,1.);
#3267=VECTOR('',#5192,1.);
#3268=VECTOR('',#5193,1.);
#3269=VECTOR('',#5196,1.);
#3270=VECTOR('',#5197,1.);
#3271=VECTOR('',#5198,1.);
#3272=VECTOR('',#5211,1.);
#3273=VECTOR('',#5212,1.);
#3274=VECTOR('',#5213,1.);
#3275=VECTOR('',#5216,1.);
#3276=VECTOR('',#5223,1.);
#3277=VECTOR('',#5224,1.);
#3278=VECTOR('',#5225,1.);
#3279=VECTOR('',#5228,1.);
#3280=VECTOR('',#5235,1.);
#3281=VECTOR('',#5236,1.);
#3282=VECTOR('',#5263,1.);
#3283=VECTOR('',#5266,1.);
#3284=VECTOR('',#5267,1.);
#3285=VECTOR('',#5270,1.);
#3286=VECTOR('',#5271,1.);
#3287=VECTOR('',#5272,1.);
#3288=VECTOR('',#5273,1.);
#3289=VECTOR('',#5276,1.);
#3290=VECTOR('',#5291,1.);
#3291=VECTOR('',#5292,1.);
#3292=VECTOR('',#5293,1.);
#3293=VECTOR('',#5298,1.);
#3294=VECTOR('',#5301,1.);
#3295=VECTOR('',#5302,1.);
#3296=VECTOR('',#5303,1.);
#3297=VECTOR('',#5304,1.);
#3298=VECTOR('',#5305,1.);
#3299=VECTOR('',#5306,1.);
#3300=VECTOR('',#5309,1.);
#3301=VECTOR('',#5312,1.);
#3302=VECTOR('',#5313,1.);
#3303=VECTOR('',#5316,1.);
#3304=VECTOR('',#5317,1.);
#3305=VECTOR('',#5320,1.);
#3306=VECTOR('',#5321,1.);
#3307=VECTOR('',#5322,1.);
#3308=VECTOR('',#5325,1.);
#3309=VECTOR('',#5326,1.);
#3310=VECTOR('',#5329,1.);
#3311=VECTOR('',#5330,1.);
#3312=VECTOR('',#5333,1.);
#3313=VECTOR('',#5338,1.);
#3314=VECTOR('',#5339,1.);
#3315=VECTOR('',#5342,1.);
#3316=VECTOR('',#5343,1.);
#3317=VECTOR('',#5348,1.);
#3318=VECTOR('',#5349,1.);
#3319=VECTOR('',#5352,1.);
#3320=VECTOR('',#5355,1.);
#3321=VECTOR('',#5360,1.);
#3322=VECTOR('',#5363,1.);
#3323=VECTOR('',#5372,1.);
#3324=VECTOR('',#5375,1.);
#3325=VECTOR('',#5384,1.);
#3326=VECTOR('',#5389,1.);
#3327=VECTOR('',#5392,1.);
#3328=VECTOR('',#5393,1.);
#3329=VECTOR('',#5408,1.);
#3330=VECTOR('',#5411,1.);
#3331=VECTOR('',#5414,1.);
#3332=VECTOR('',#5417,1.);
#3333=VECTOR('',#5420,1.);
#3334=VECTOR('',#5423,1.);
#3335=VECTOR('',#5426,1.);
#3336=VECTOR('',#5429,1.);
#3337=VECTOR('',#5434,1.);
#3338=VECTOR('',#5435,1.);
#3339=VECTOR('',#5438,1.);
#3340=VECTOR('',#5441,1.);
#3341=VECTOR('',#5444,1.);
#3342=VECTOR('',#5447,1.);
#3343=VECTOR('',#5450,1.);
#3344=VECTOR('',#5453,1.);
#3345=VECTOR('',#5458,1.);
#3346=VECTOR('',#5459,1.);
#3347=VECTOR('',#5462,1.);
#3348=VECTOR('',#5463,1.);
#3349=VECTOR('',#5466,1.);
#3350=VECTOR('',#5469,1.);
#3351=VECTOR('',#5472,1.);
#3352=VECTOR('',#5473,1.);
#3353=VECTOR('',#5476,1.);
#3354=VECTOR('',#5477,1.);
#3355=VECTOR('',#5480,1.);
#3356=VECTOR('',#5483,1.);
#3357=VECTOR('',#5484,1.);
#3358=VECTOR('',#5487,1.);
#3359=VECTOR('',#5488,1.);
#3360=VECTOR('',#5491,1.);
#3361=VECTOR('',#5494,1.);
#3362=VECTOR('',#5497,1.);
#3363=VECTOR('',#5500,1.);
#3364=VECTOR('',#5503,1.);
#3365=VECTOR('',#5506,1.);
#3366=VECTOR('',#5511,1.);
#3367=VECTOR('',#5512,1.);
#3368=VECTOR('',#5517,1.);
#3369=VECTOR('',#5520,1.);
#3370=VECTOR('',#5525,1.);
#3371=VECTOR('',#5526,1.);
#3372=VECTOR('',#5531,1.);
#3373=VECTOR('',#5534,1.);
#3374=VECTOR('',#5543,1.);
#3375=VECTOR('',#5546,1.);
#3376=VECTOR('',#5547,1.);
#3377=VECTOR('',#5550,1.);
#3378=VECTOR('',#5551,1.);
#3379=VECTOR('',#5552,1.);
#3380=VECTOR('',#5575,1.);
#3381=VECTOR('',#5576,1.);
#3382=VECTOR('',#5577,1.);
#3383=VECTOR('',#5580,1.);
#3384=VECTOR('',#5583,1.);
#3385=VECTOR('',#5586,1.);
#3386=VECTOR('',#5589,1.);
#3387=VECTOR('',#5592,1.);
#3388=VECTOR('',#5593,1.);
#3389=VECTOR('',#5596,1.);
#3390=VECTOR('',#5597,1.);
#3391=VECTOR('',#5600,1.);
#3392=VECTOR('',#5601,1.);
#3393=VECTOR('',#5602,1.);
#3394=VECTOR('',#5603,1.);
#3395=VECTOR('',#5606,1.);
#3396=VECTOR('',#5609,1.);
#3397=VECTOR('',#5616,1.);
#3398=VECTOR('',#5619,1.);
#3399=VECTOR('',#5624,1.);
#3400=VECTOR('',#5639,1.);
#3401=VECTOR('',#5640,1.);
#3402=VECTOR('',#5643,1.);
#3403=VECTOR('',#5644,1.);
#3404=VECTOR('',#5651,1.);
#3405=VECTOR('',#5658,1.);
#3406=VECTOR('',#5659,1.);
#3407=VECTOR('',#5660,1.);
#3408=VECTOR('',#5663,1.);
#3409=VECTOR('',#5666,1.);
#3410=VECTOR('',#5671,1.);
#3411=VECTOR('',#5672,1.);
#3412=VECTOR('',#5679,1.);
#3413=VECTOR('',#5680,1.);
#3414=VECTOR('',#5681,1.);
#3415=VECTOR('',#5684,1.);
#3416=VECTOR('',#5689,1.);
#3417=VECTOR('',#5690,1.);
#3418=VECTOR('',#5691,1.);
#3419=VECTOR('',#5696,1.);
#3420=VECTOR('',#5697,1.);
#3421=VECTOR('',#5698,1.);
#3422=VECTOR('',#5703,1.);
#3423=VECTOR('',#5704,1.);
#3424=VECTOR('',#5707,1.);
#3425=VECTOR('',#5720,1.);
#3426=VECTOR('',#5721,1.);
#3427=VECTOR('',#5722,1.);
#3428=VECTOR('',#5723,1.);
#3429=VECTOR('',#5726,1.);
#3430=VECTOR('',#5727,1.);
#3431=VECTOR('',#5730,1.);
#3432=VECTOR('',#5731,1.);
#3433=VECTOR('',#5734,1.);
#3434=VECTOR('',#5735,1.);
#3435=VECTOR('',#5736,1.);
#3436=VECTOR('',#5737,1.);
#3437=VECTOR('',#5738,1.);
#3438=VECTOR('',#5739,1.);
#3439=VECTOR('',#5742,1.);
#3440=VECTOR('',#5743,1.);
#3441=VECTOR('',#5744,1.);
#3442=VECTOR('',#5747,1.);
#3443=VECTOR('',#5748,1.);
#3444=VECTOR('',#5749,1.);
#3445=VECTOR('',#5752,1.);
#3446=VECTOR('',#5753,1.);
#3447=VECTOR('',#5754,1.);
#3448=VECTOR('',#5757,1.);
#3449=VECTOR('',#5758,1.);
#3450=VECTOR('',#5759,1.);
#3451=VECTOR('',#5760,1.);
#3452=VECTOR('',#5761,1.);
#3453=VECTOR('',#5762,1.);
#3454=VECTOR('',#5767,1.);
#3455=VECTOR('',#5768,1.);
#3456=VECTOR('',#5769,1.);
#3457=VECTOR('',#5772,1.);
#3458=VECTOR('',#5773,1.);
#3459=VECTOR('',#5776,1.);
#3460=VECTOR('',#5777,1.);
#3461=VECTOR('',#5780,1.);
#3462=VECTOR('',#5783,1.);
#3463=VECTOR('',#5784,1.);
#3464=VECTOR('',#5785,1.);
#3465=VECTOR('',#5786,1.);
#3466=VECTOR('',#5789,1.);
#3467=VECTOR('',#5790,1.);
#3468=VECTOR('',#5791,1.);
#3469=VECTOR('',#5794,1.);
#3470=VECTOR('',#5795,1.);
#3471=VECTOR('',#5796,1.);
#3472=VECTOR('',#5799,1.);
#3473=VECTOR('',#5800,1.);
#3474=VECTOR('',#5801,1.);
#3475=VECTOR('',#5804,1.);
#3476=VECTOR('',#5805,1.);
#3477=VECTOR('',#5806,1.);
#3478=VECTOR('',#5811,1.);
#3479=VECTOR('',#5814,1.);
#3480=VECTOR('',#5817,1.);
#3481=VECTOR('',#5820,1.);
#3482=EDGE_LOOP('',(#279,#280,#281,#282));
#3483=EDGE_LOOP('',(#283,#284,#285,#286,#287,#288,#289));
#3484=EDGE_LOOP('',(#290,#291,#292,#293,#294,#295,#296,#297,#298,#299,#300,#301,#302,#303));
#3485=EDGE_LOOP('',(#304,#305,#306,#307,#308,#309,#310,#311));
#3486=EDGE_LOOP('',(#312,#313,#314,#315,#316,#317));
#3487=EDGE_LOOP('',(#318,#319,#320,#321,#322,#323,#324,#325));
#3488=EDGE_LOOP('',(#326,#327,#328,#329,#330,#331));
#3489=EDGE_LOOP('',(#332,#333,#334,#335,#336,#337,#338,#339,#340,#341,#342,#343));
#3490=EDGE_LOOP('',(#344,#345,#346,#347,#348,#349,#350,#351,#352,#353,#354,#355,#356));
#3491=EDGE_LOOP('',(#357,#358,#359,#360,#361,#362,#363));
#3492=EDGE_LOOP('',(#364,#365,#366,#367,#368,#369));
#3493=EDGE_LOOP('',(#370,#371,#372,#373,#374,#375,#376,#377,#378,#379,#380,#381,#382,#383,#384,#385,#386,#387,#388,#389,#390,#391,#392,#393,#394,#395,#396,#397));
#3494=EDGE_LOOP('',(#398,#399,#400,#401,#402,#403,#404,#405,#406,#407,#408,#409,#410,#411,#412,#413,#414,#415,#416,#417));
#3495=EDGE_LOOP('',(#418,#419,#420,#421));
#3496=EDGE_LOOP('',(#422,#423,#424,#425));
#3497=EDGE_LOOP('',(#426,#427,#428,#429,#430,#431));
#3498=EDGE_LOOP('',(#432,#433,#434,#435,#436,#437,#438));
#3499=EDGE_LOOP('',(#439,#440,#441,#442,#443,#444,#445,#446,#447,#448,#449,#450,#451,#452,#453,#454,#455,#456,#457,#458,#459,#460,#461,#462,#463,#464,#465));
#3500=EDGE_LOOP('',(#466,#467,#468,#469,#470,#471,#472));
#3501=EDGE_LOOP('',(#473,#474,#475,#476,#477,#478,#479,#480,#481,#482,#483,#484,#485,#486));
#3502=EDGE_LOOP('',(#487,#488,#489,#490,#491,#492));
#3503=EDGE_LOOP('',(#493,#494,#495,#496,#497,#498));
#3504=EDGE_LOOP('',(#499,#500,#501,#502,#503,#504,#505,#506,#507,#508,#509,#510));
#3505=EDGE_LOOP('',(#511,#512,#513,#514,#515,#516,#517,#518));
#3506=EDGE_LOOP('',(#519,#520,#521,#522,#523,#524,#525,#526));
#3507=EDGE_LOOP('',(#527,#528,#529,#530,#531,#532,#533,#534,#535,#536,#537,#538,#539,#540));
#3508=EDGE_LOOP('',(#541,#542,#543,#544));
#3509=EDGE_LOOP('',(#545,#546,#547));
#3510=EDGE_LOOP('',(#548,#549,#550,#551,#552,#553,#554,#555));
#3511=EDGE_LOOP('',(#556,#557,#558));
#3512=EDGE_LOOP('',(#559,#560,#561,#562));
#3513=EDGE_LOOP('',(#563,#564,#565,#566,#567,#568,#569));
#3514=EDGE_LOOP('',(#570,#571,#572,#573,#574,#575,#576));
#3515=EDGE_LOOP('',(#577,#578,#579,#580,#581,#582,#583,#584,#585,#586,#587,#588));
#3516=EDGE_LOOP('',(#589,#590,#591,#592));
#3517=EDGE_LOOP('',(#593,#594,#595,#596));
#3518=EDGE_LOOP('',(#597,#598,#599,#600,#601,#602,#603));
#3519=EDGE_LOOP('',(#604,#605,#606,#607));
#3520=EDGE_LOOP('',(#608,#609,#610,#611,#612,#613,#614));
#3521=EDGE_LOOP('',(#615,#616,#617,#618,#619,#620,#621,#622));
#3522=EDGE_LOOP('',(#623,#624,#625,#626));
#3523=EDGE_LOOP('',(#627,#628,#629,#630,#631,#632,#633,#634,#635,#636,#637,#638,#639,#640,#641,#642));
#3524=EDGE_LOOP('',(#643,#644,#645,#646));
#3525=EDGE_LOOP('',(#647,#648,#649,#650));
#3526=EDGE_LOOP('',(#651,#652,#653,#654));
#3527=EDGE_LOOP('',(#655,#656,#657,#658));
#3528=EDGE_LOOP('',(#659,#660,#661,#662));
#3529=EDGE_LOOP('',(#663,#664,#665,#666));
#3530=EDGE_LOOP('',(#667,#668,#669,#670));
#3531=EDGE_LOOP('',(#671,#672,#673,#674));
#3532=EDGE_LOOP('',(#675,#676,#677,#678));
#3533=EDGE_LOOP('',(#679,#680,#681));
#3534=EDGE_LOOP('',(#682,#683,#684,#685,#686,#687,#688,#689));
#3535=EDGE_LOOP('',(#690,#691,#692,#693));
#3536=EDGE_LOOP('',(#694,#695,#696,#697));
#3537=EDGE_LOOP('',(#698,#699,#700,#701));
#3538=EDGE_LOOP('',(#702,#703,#704,#705));
#3539=EDGE_LOOP('',(#706,#707,#708,#709,#710,#711));
#3540=EDGE_LOOP('',(#712,#713,#714,#715,#716,#717,#718,#719));
#3541=EDGE_LOOP('',(#720,#721,#722,#723,#724,#725,#726,#727,#728,#729,#730,#731,#732,#733,#734,#735,#736));
#3542=EDGE_LOOP('',(#737));
#3543=EDGE_LOOP('',(#738,#739,#740,#741));
#3544=EDGE_LOOP('',(#742,#743,#744,#745,#746,#747,#748,#749,#750,#751,#752));
#3545=EDGE_LOOP('',(#753,#754,#755,#756));
#3546=EDGE_LOOP('',(#757,#758,#759,#760));
#3547=EDGE_LOOP('',(#761,#762,#763,#764));
#3548=EDGE_LOOP('',(#765,#766,#767,#768));
#3549=EDGE_LOOP('',(#769,#770,#771,#772));
#3550=EDGE_LOOP('',(#773,#774,#775,#776));
#3551=EDGE_LOOP('',(#777,#778,#779,#780));
#3552=EDGE_LOOP('',(#781,#782,#783,#784));
#3553=EDGE_LOOP('',(#785,#786,#787,#788,#789,#790));
#3554=EDGE_LOOP('',(#791,#792,#793,#794,#795));
#3555=EDGE_LOOP('',(#796,#797,#798,#799,#800));
#3556=EDGE_LOOP('',(#801,#802,#803,#804,#805));
#3557=EDGE_LOOP('',(#806,#807,#808,#809,#810));
#3558=EDGE_LOOP('',(#811,#812,#813,#814,#815,#816));
#3559=EDGE_LOOP('',(#817,#818,#819,#820,#821));
#3560=EDGE_LOOP('',(#822,#823,#824,#825));
#3561=EDGE_LOOP('',(#826,#827,#828,#829,#830));
#3562=EDGE_LOOP('',(#831,#832,#833,#834,#835));
#3563=EDGE_LOOP('',(#836,#837,#838,#839));
#3564=EDGE_LOOP('',(#840,#841,#842,#843,#844));
#3565=EDGE_LOOP('',(#845,#846,#847,#848));
#3566=EDGE_LOOP('',(#849,#850,#851,#852));
#3567=EDGE_LOOP('',(#853,#854,#855,#856));
#3568=EDGE_LOOP('',(#857,#858,#859,#860));
#3569=EDGE_LOOP('',(#861,#862,#863,#864));
#3570=EDGE_LOOP('',(#865,#866,#867,#868));
#3571=EDGE_LOOP('',(#869,#870,#871,#872));
#3572=EDGE_LOOP('',(#873,#874,#875,#876));
#3573=EDGE_LOOP('',(#877,#878,#879,#880));
#3574=EDGE_LOOP('',(#881,#882,#883,#884));
#3575=EDGE_LOOP('',(#885,#886,#887,#888));
#3576=EDGE_LOOP('',(#889,#890,#891,#892));
#3577=EDGE_LOOP('',(#893,#894,#895,#896));
#3578=EDGE_LOOP('',(#897,#898,#899,#900));
#3579=EDGE_LOOP('',(#901,#902,#903,#904));
#3580=EDGE_LOOP('',(#905,#906,#907,#908));
#3581=EDGE_LOOP('',(#909,#910,#911,#912));
#3582=EDGE_LOOP('',(#913,#914,#915,#916));
#3583=EDGE_LOOP('',(#917,#918,#919,#920));
#3584=EDGE_LOOP('',(#921,#922,#923,#924));
#3585=EDGE_LOOP('',(#925,#926,#927,#928));
#3586=EDGE_LOOP('',(#929,#930,#931,#932));
#3587=EDGE_LOOP('',(#933,#934,#935,#936));
#3588=EDGE_LOOP('',(#937,#938,#939,#940));
#3589=EDGE_LOOP('',(#941,#942,#943,#944));
#3590=EDGE_LOOP('',(#945,#946,#947,#948));
#3591=EDGE_LOOP('',(#949,#950,#951));
#3592=EDGE_LOOP('',(#952,#953,#954,#955));
#3593=EDGE_LOOP('',(#956,#957,#958,#959));
#3594=EDGE_LOOP('',(#960,#961,#962));
#3595=EDGE_LOOP('',(#963,#964,#965));
#3596=EDGE_LOOP('',(#966,#967,#968,#969));
#3597=EDGE_LOOP('',(#970,#971,#972,#973));
#3598=EDGE_LOOP('',(#974,#975,#976));
#3599=EDGE_LOOP('',(#977,#978,#979,#980));
#3600=EDGE_LOOP('',(#981,#982,#983,#984));
#3601=EDGE_LOOP('',(#985,#986,#987));
#3602=EDGE_LOOP('',(#988,#989,#990,#991));
#3603=EDGE_LOOP('',(#992,#993,#994,#995));
#3604=EDGE_LOOP('',(#996,#997,#998));
#3605=EDGE_LOOP('',(#999,#1000,#1001,#1002));
#3606=EDGE_LOOP('',(#1003,#1004,#1005,#1006));
#3607=EDGE_LOOP('',(#1007,#1008,#1009));
#3608=EDGE_LOOP('',(#1010,#1011,#1012,#1013));
#3609=EDGE_LOOP('',(#1014,#1015,#1016,#1017));
#3610=EDGE_LOOP('',(#1018,#1019,#1020));
#3611=EDGE_LOOP('',(#1021,#1022,#1023));
#3612=EDGE_LOOP('',(#1024,#1025,#1026,#1027));
#3613=EDGE_LOOP('',(#1028,#1029,#1030,#1031));
#3614=EDGE_LOOP('',(#1032,#1033,#1034));
#3615=EDGE_LOOP('',(#1035,#1036,#1037,#1038));
#3616=EDGE_LOOP('',(#1039,#1040,#1041,#1042));
#3617=EDGE_LOOP('',(#1043,#1044,#1045,#1046));
#3618=EDGE_LOOP('',(#1047,#1048,#1049,#1050));
#3619=EDGE_LOOP('',(#1051,#1052,#1053,#1054,#1055));
#3620=EDGE_LOOP('',(#1056,#1057,#1058,#1059));
#3621=EDGE_LOOP('',(#1060,#1061,#1062,#1063));
#3622=EDGE_LOOP('',(#1064,#1065,#1066,#1067));
#3623=EDGE_LOOP('',(#1068,#1069,#1070,#1071));
#3624=EDGE_LOOP('',(#1072,#1073,#1074,#1075));
#3625=EDGE_LOOP('',(#1076,#1077,#1078,#1079));
#3626=EDGE_LOOP('',(#1080,#1081,#1082,#1083,#1084));
#3627=EDGE_LOOP('',(#1085,#1086,#1087,#1088));
#3628=EDGE_LOOP('',(#1089,#1090,#1091,#1092));
#3629=EDGE_LOOP('',(#1093,#1094,#1095,#1096,#1097));
#3630=EDGE_LOOP('',(#1098,#1099,#1100,#1101));
#3631=EDGE_LOOP('',(#1102,#1103,#1104,#1105));
#3632=EDGE_LOOP('',(#1106,#1107,#1108,#1109));
#3633=EDGE_LOOP('',(#1110,#1111,#1112,#1113));
#3634=EDGE_LOOP('',(#1114,#1115,#1116,#1117,#1118));
#3635=EDGE_LOOP('',(#1119,#1120,#1121,#1122));
#3636=EDGE_LOOP('',(#1123,#1124,#1125,#1126,#1127,#1128,#1129));
#3637=EDGE_LOOP('',(#1130,#1131,#1132,#1133));
#3638=EDGE_LOOP('',(#1134,#1135,#1136,#1137));
#3639=EDGE_LOOP('',(#1138,#1139,#1140,#1141));
#3640=EDGE_LOOP('',(#1142,#1143,#1144,#1145,#1146,#1147));
#3641=EDGE_LOOP('',(#1148,#1149,#1150,#1151,#1152,#1153,#1154,#1155,#1156,#1157,#1158,#1159));
#3642=EDGE_LOOP('',(#1160,#1161,#1162,#1163));
#3643=EDGE_LOOP('',(#1164,#1165,#1166,#1167));
#3644=EDGE_LOOP('',(#1168,#1169,#1170,#1171));
#3645=EDGE_LOOP('',(#1172,#1173,#1174,#1175));
#3646=EDGE_LOOP('',(#1176,#1177,#1178,#1179));
#3647=EDGE_LOOP('',(#1180,#1181,#1182,#1183));
#3648=EDGE_LOOP('',(#1184));
#3649=EDGE_LOOP('',(#1185));
#3650=EDGE_LOOP('',(#1186));
#3651=EDGE_LOOP('',(#1187,#1188,#1189,#1190));
#3652=EDGE_LOOP('',(#1191,#1192,#1193,#1194));
#3653=EDGE_LOOP('',(#1195,#1196,#1197,#1198));
#3654=EDGE_LOOP('',(#1199,#1200,#1201,#1202));
#3655=EDGE_LOOP('',(#1203,#1204,#1205,#1206,#1207));
#3656=EDGE_LOOP('',(#1208,#1209,#1210,#1211));
#3657=EDGE_LOOP('',(#1212,#1213,#1214,#1215));
#3658=EDGE_LOOP('',(#1216,#1217,#1218,#1219));
#3659=EDGE_LOOP('',(#1220,#1221,#1222,#1223));
#3660=EDGE_LOOP('',(#1224,#1225,#1226,#1227));
#3661=EDGE_LOOP('',(#1228,#1229,#1230,#1231));
#3662=EDGE_LOOP('',(#1232,#1233,#1234,#1235));
#3663=EDGE_LOOP('',(#1236,#1237,#1238,#1239,#1240));
#3664=EDGE_LOOP('',(#1241,#1242,#1243,#1244,#1245));
#3665=EDGE_LOOP('',(#1246,#1247,#1248,#1249,#1250));
#3666=EDGE_LOOP('',(#1251,#1252,#1253,#1254,#1255));
#3667=EDGE_LOOP('',(#1256,#1257,#1258,#1259,#1260));
#3668=EDGE_LOOP('',(#1261,#1262,#1263,#1264));
#3669=EDGE_LOOP('',(#1265,#1266,#1267,#1268));
#3670=EDGE_LOOP('',(#1269,#1270,#1271,#1272,#1273));
#3671=EDGE_LOOP('',(#1274,#1275,#1276,#1277));
#3672=EDGE_LOOP('',(#1278,#1279,#1280,#1281));
#3673=EDGE_LOOP('',(#1282,#1283,#1284,#1285));
#3674=EDGE_LOOP('',(#1286,#1287,#1288,#1289));
#3675=EDGE_LOOP('',(#1290,#1291,#1292,#1293));
#3676=EDGE_LOOP('',(#1294,#1295,#1296,#1297));
#3677=EDGE_LOOP('',(#1298,#1299,#1300,#1301));
#3678=EDGE_LOOP('',(#1302,#1303,#1304,#1305));
#3679=EDGE_LOOP('',(#1306,#1307,#1308,#1309));
#3680=EDGE_LOOP('',(#1310,#1311,#1312,#1313));
#3681=EDGE_LOOP('',(#1314,#1315,#1316,#1317));
#3682=EDGE_LOOP('',(#1318,#1319,#1320,#1321));
#3683=EDGE_LOOP('',(#1322,#1323,#1324,#1325));
#3684=EDGE_LOOP('',(#1326,#1327,#1328,#1329));
#3685=EDGE_LOOP('',(#1330,#1331,#1332,#1333));
#3686=EDGE_LOOP('',(#1334,#1335,#1336,#1337));
#3687=EDGE_LOOP('',(#1338,#1339,#1340,#1341));
#3688=EDGE_LOOP('',(#1342,#1343,#1344,#1345));
#3689=EDGE_LOOP('',(#1346,#1347,#1348,#1349));
#3690=EDGE_LOOP('',(#1350,#1351,#1352,#1353,#1354,#1355,#1356));
#3691=EDGE_LOOP('',(#1357,#1358,#1359,#1360,#1361,#1362,#1363));
#3692=EDGE_LOOP('',(#1364,#1365,#1366,#1367,#1368,#1369,#1370));
#3693=EDGE_LOOP('',(#1371,#1372,#1373,#1374));
#3694=EDGE_LOOP('',(#1375,#1376,#1377,#1378));
#3695=EDGE_LOOP('',(#1379,#1380,#1381,#1382));
#3696=EDGE_LOOP('',(#1383,#1384,#1385,#1386));
#3697=EDGE_LOOP('',(#1387,#1388,#1389,#1390));
#3698=EDGE_LOOP('',(#1391,#1392,#1393,#1394));
#3699=EDGE_LOOP('',(#1395,#1396,#1397,#1398));
#3700=EDGE_LOOP('',(#1399,#1400,#1401,#1402));
#3701=EDGE_LOOP('',(#1403,#1404,#1405,#1406));
#3702=EDGE_LOOP('',(#1407,#1408,#1409,#1410,#1411,#1412,#1413,#1414));
#3703=EDGE_LOOP('',(#1415,#1416,#1417,#1418));
#3704=EDGE_LOOP('',(#1419,#1420,#1421,#1422));
#3705=EDGE_LOOP('',(#1423,#1424,#1425,#1426));
#3706=EDGE_LOOP('',(#1427,#1428,#1429,#1430));
#3707=EDGE_LOOP('',(#1431,#1432,#1433,#1434));
#3708=EDGE_LOOP('',(#1435,#1436,#1437,#1438));
#3709=EDGE_LOOP('',(#1439,#1440,#1441,#1442));
#3710=EDGE_LOOP('',(#1443,#1444,#1445,#1446));
#3711=EDGE_LOOP('',(#1447,#1448,#1449,#1450));
#3712=EDGE_LOOP('',(#1451,#1452,#1453,#1454));
#3713=EDGE_LOOP('',(#1455,#1456,#1457,#1458));
#3714=EDGE_LOOP('',(#1459,#1460,#1461,#1462));
#3715=EDGE_LOOP('',(#1463,#1464,#1465,#1466));
#3716=EDGE_LOOP('',(#1467,#1468,#1469,#1470));
#3717=EDGE_LOOP('',(#1471,#1472,#1473,#1474));
#3718=EDGE_LOOP('',(#1475,#1476,#1477,#1478));
#3719=EDGE_LOOP('',(#1479,#1480,#1481,#1482));
#3720=EDGE_LOOP('',(#1483,#1484,#1485,#1486));
#3721=EDGE_LOOP('',(#1487,#1488,#1489,#1490));
#3722=EDGE_LOOP('',(#1491,#1492,#1493,#1494));
#3723=EDGE_LOOP('',(#1495,#1496,#1497,#1498));
#3724=EDGE_LOOP('',(#1499,#1500,#1501,#1502));
#3725=EDGE_LOOP('',(#1503,#1504,#1505,#1506));
#3726=EDGE_LOOP('',(#1507,#1508,#1509,#1510));
#3727=EDGE_LOOP('',(#1511,#1512,#1513,#1514));
#3728=EDGE_LOOP('',(#1515,#1516,#1517,#1518));
#3729=EDGE_LOOP('',(#1519,#1520,#1521,#1522));
#3730=EDGE_LOOP('',(#1523,#1524,#1525,#1526));
#3731=EDGE_LOOP('',(#1527,#1528,#1529,#1530));
#3732=EDGE_LOOP('',(#1531,#1532,#1533,#1534));
#3733=FACE_BOUND('',#3482,.T.);
#3734=FACE_BOUND('',#3483,.T.);
#3735=FACE_BOUND('',#3484,.T.);
#3736=FACE_BOUND('',#3485,.T.);
#3737=FACE_BOUND('',#3486,.T.);
#3738=FACE_BOUND('',#3487,.T.);
#3739=FACE_BOUND('',#3488,.T.);
#3740=FACE_BOUND('',#3489,.T.);
#3741=FACE_BOUND('',#3490,.T.);
#3742=FACE_BOUND('',#3491,.T.);
#3743=FACE_BOUND('',#3492,.T.);
#3744=FACE_BOUND('',#3493,.T.);
#3745=FACE_BOUND('',#3494,.T.);
#3746=FACE_BOUND('',#3495,.T.);
#3747=FACE_BOUND('',#3496,.T.);
#3748=FACE_BOUND('',#3497,.T.);
#3749=FACE_BOUND('',#3498,.T.);
#3750=FACE_BOUND('',#3499,.T.);
#3751=FACE_BOUND('',#3500,.T.);
#3752=FACE_BOUND('',#3501,.T.);
#3753=FACE_BOUND('',#3502,.T.);
#3754=FACE_BOUND('',#3503,.T.);
#3755=FACE_BOUND('',#3504,.T.);
#3756=FACE_BOUND('',#3505,.T.);
#3757=FACE_BOUND('',#3506,.T.);
#3758=FACE_BOUND('',#3507,.T.);
#3759=FACE_BOUND('',#3508,.T.);
#3760=FACE_BOUND('',#3509,.T.);
#3761=FACE_BOUND('',#3510,.T.);
#3762=FACE_BOUND('',#3511,.T.);
#3763=FACE_BOUND('',#3512,.T.);
#3764=FACE_BOUND('',#3513,.T.);
#3765=FACE_BOUND('',#3514,.T.);
#3766=FACE_BOUND('',#3515,.T.);
#3767=FACE_BOUND('',#3516,.T.);
#3768=FACE_BOUND('',#3517,.T.);
#3769=FACE_BOUND('',#3518,.T.);
#3770=FACE_BOUND('',#3519,.T.);
#3771=FACE_BOUND('',#3520,.T.);
#3772=FACE_BOUND('',#3521,.T.);
#3773=FACE_BOUND('',#3522,.T.);
#3774=FACE_BOUND('',#3523,.T.);
#3775=FACE_BOUND('',#3524,.T.);
#3776=FACE_BOUND('',#3525,.T.);
#3777=FACE_BOUND('',#3526,.T.);
#3778=FACE_BOUND('',#3527,.T.);
#3779=FACE_BOUND('',#3528,.T.);
#3780=FACE_BOUND('',#3529,.T.);
#3781=FACE_BOUND('',#3530,.T.);
#3782=FACE_BOUND('',#3531,.T.);
#3783=FACE_BOUND('',#3532,.T.);
#3784=FACE_BOUND('',#3533,.T.);
#3785=FACE_BOUND('',#3534,.T.);
#3786=FACE_BOUND('',#3535,.T.);
#3787=FACE_BOUND('',#3536,.T.);
#3788=FACE_BOUND('',#3537,.T.);
#3789=FACE_BOUND('',#3538,.T.);
#3790=FACE_BOUND('',#3539,.T.);
#3791=FACE_BOUND('',#3540,.T.);
#3792=FACE_BOUND('',#3541,.T.);
#3793=FACE_BOUND('',#3542,.T.);
#3794=FACE_BOUND('',#3543,.T.);
#3795=FACE_BOUND('',#3544,.T.);
#3796=FACE_BOUND('',#3545,.T.);
#3797=FACE_BOUND('',#3546,.T.);
#3798=FACE_BOUND('',#3547,.T.);
#3799=FACE_BOUND('',#3548,.T.);
#3800=FACE_BOUND('',#3549,.T.);
#3801=FACE_BOUND('',#3550,.T.);
#3802=FACE_BOUND('',#3551,.T.);
#3803=FACE_BOUND('',#3552,.T.);
#3804=FACE_BOUND('',#3553,.T.);
#3805=FACE_BOUND('',#3554,.T.);
#3806=FACE_BOUND('',#3555,.T.);
#3807=FACE_BOUND('',#3556,.T.);
#3808=FACE_BOUND('',#3557,.T.);
#3809=FACE_BOUND('',#3558,.T.);
#3810=FACE_BOUND('',#3559,.T.);
#3811=FACE_BOUND('',#3560,.T.);
#3812=FACE_BOUND('',#3561,.T.);
#3813=FACE_BOUND('',#3562,.T.);
#3814=FACE_BOUND('',#3563,.T.);
#3815=FACE_BOUND('',#3564,.T.);
#3816=FACE_BOUND('',#3565,.T.);
#3817=FACE_BOUND('',#3566,.T.);
#3818=FACE_BOUND('',#3567,.T.);
#3819=FACE_BOUND('',#3568,.T.);
#3820=FACE_BOUND('',#3569,.T.);
#3821=FACE_BOUND('',#3570,.T.);
#3822=FACE_BOUND('',#3571,.T.);
#3823=FACE_BOUND('',#3572,.T.);
#3824=FACE_BOUND('',#3573,.T.);
#3825=FACE_BOUND('',#3574,.T.);
#3826=FACE_BOUND('',#3575,.T.);
#3827=FACE_BOUND('',#3576,.T.);
#3828=FACE_BOUND('',#3577,.T.);
#3829=FACE_BOUND('',#3578,.T.);
#3830=FACE_BOUND('',#3579,.T.);
#3831=FACE_BOUND('',#3580,.T.);
#3832=FACE_BOUND('',#3581,.T.);
#3833=FACE_BOUND('',#3582,.T.);
#3834=FACE_BOUND('',#3583,.T.);
#3835=FACE_BOUND('',#3584,.T.);
#3836=FACE_BOUND('',#3585,.T.);
#3837=FACE_BOUND('',#3586,.T.);
#3838=FACE_BOUND('',#3587,.T.);
#3839=FACE_BOUND('',#3588,.T.);
#3840=FACE_BOUND('',#3589,.T.);
#3841=FACE_BOUND('',#3590,.T.);
#3842=FACE_BOUND('',#3591,.T.);
#3843=FACE_BOUND('',#3592,.T.);
#3844=FACE_BOUND('',#3593,.T.);
#3845=FACE_BOUND('',#3594,.T.);
#3846=FACE_BOUND('',#3595,.T.);
#3847=FACE_BOUND('',#3596,.T.);
#3848=FACE_BOUND('',#3597,.T.);
#3849=FACE_BOUND('',#3598,.T.);
#3850=FACE_BOUND('',#3599,.T.);
#3851=FACE_BOUND('',#3600,.T.);
#3852=FACE_BOUND('',#3601,.T.);
#3853=FACE_BOUND('',#3602,.T.);
#3854=FACE_BOUND('',#3603,.T.);
#3855=FACE_BOUND('',#3604,.T.);
#3856=FACE_BOUND('',#3605,.T.);
#3857=FACE_BOUND('',#3606,.T.);
#3858=FACE_BOUND('',#3607,.T.);
#3859=FACE_BOUND('',#3608,.T.);
#3860=FACE_BOUND('',#3609,.T.);
#3861=FACE_BOUND('',#3610,.T.);
#3862=FACE_BOUND('',#3611,.T.);
#3863=FACE_BOUND('',#3612,.T.);
#3864=FACE_BOUND('',#3613,.T.);
#3865=FACE_BOUND('',#3614,.T.);
#3866=FACE_BOUND('',#3615,.T.);
#3867=FACE_BOUND('',#3616,.T.);
#3868=FACE_BOUND('',#3617,.T.);
#3869=FACE_BOUND('',#3618,.T.);
#3870=FACE_BOUND('',#3619,.T.);
#3871=FACE_BOUND('',#3620,.T.);
#3872=FACE_BOUND('',#3621,.T.);
#3873=FACE_BOUND('',#3622,.T.);
#3874=FACE_BOUND('',#3623,.T.);
#3875=FACE_BOUND('',#3624,.T.);
#3876=FACE_BOUND('',#3625,.T.);
#3877=FACE_BOUND('',#3626,.T.);
#3878=FACE_BOUND('',#3627,.T.);
#3879=FACE_BOUND('',#3628,.T.);
#3880=FACE_BOUND('',#3629,.T.);
#3881=FACE_BOUND('',#3630,.T.);
#3882=FACE_BOUND('',#3631,.T.);
#3883=FACE_BOUND('',#3632,.T.);
#3884=FACE_BOUND('',#3633,.T.);
#3885=FACE_BOUND('',#3634,.T.);
#3886=FACE_BOUND('',#3635,.T.);
#3887=FACE_BOUND('',#3636,.T.);
#3888=FACE_BOUND('',#3637,.T.);
#3889=FACE_BOUND('',#3638,.T.);
#3890=FACE_BOUND('',#3639,.T.);
#3891=FACE_BOUND('',#3640,.T.);
#3892=FACE_BOUND('',#3641,.T.);
#3893=FACE_BOUND('',#3642,.T.);
#3894=FACE_BOUND('',#3643,.T.);
#3895=FACE_BOUND('',#3644,.T.);
#3896=FACE_BOUND('',#3645,.T.);
#3897=FACE_BOUND('',#3646,.T.);
#3898=FACE_BOUND('',#3647,.T.);
#3899=FACE_BOUND('',#3648,.T.);
#3900=FACE_BOUND('',#3649,.T.);
#3901=FACE_BOUND('',#3650,.T.);
#3902=FACE_BOUND('',#3651,.T.);
#3903=FACE_BOUND('',#3652,.T.);
#3904=FACE_BOUND('',#3653,.T.);
#3905=FACE_BOUND('',#3654,.T.);
#3906=FACE_BOUND('',#3655,.T.);
#3907=FACE_BOUND('',#3656,.T.);
#3908=FACE_BOUND('',#3657,.T.);
#3909=FACE_BOUND('',#3658,.T.);
#3910=FACE_BOUND('',#3659,.T.);
#3911=FACE_BOUND('',#3660,.T.);
#3912=FACE_BOUND('',#3661,.T.);
#3913=FACE_BOUND('',#3662,.T.);
#3914=FACE_BOUND('',#3663,.T.);
#3915=FACE_BOUND('',#3664,.T.);
#3916=FACE_BOUND('',#3665,.T.);
#3917=FACE_BOUND('',#3666,.T.);
#3918=FACE_BOUND('',#3667,.T.);
#3919=FACE_BOUND('',#3668,.T.);
#3920=FACE_BOUND('',#3669,.T.);
#3921=FACE_BOUND('',#3670,.T.);
#3922=FACE_BOUND('',#3671,.T.);
#3923=FACE_BOUND('',#3672,.T.);
#3924=FACE_BOUND('',#3673,.T.);
#3925=FACE_BOUND('',#3674,.T.);
#3926=FACE_BOUND('',#3675,.T.);
#3927=FACE_BOUND('',#3676,.T.);
#3928=FACE_BOUND('',#3677,.T.);
#3929=FACE_BOUND('',#3678,.T.);
#3930=FACE_BOUND('',#3679,.T.);
#3931=FACE_BOUND('',#3680,.T.);
#3932=FACE_BOUND('',#3681,.T.);
#3933=FACE_BOUND('',#3682,.T.);
#3934=FACE_BOUND('',#3683,.T.);
#3935=FACE_BOUND('',#3684,.T.);
#3936=FACE_BOUND('',#3685,.T.);
#3937=FACE_BOUND('',#3686,.T.);
#3938=FACE_BOUND('',#3687,.T.);
#3939=FACE_BOUND('',#3688,.T.);
#3940=FACE_BOUND('',#3689,.T.);
#3941=FACE_BOUND('',#3690,.T.);
#3942=FACE_BOUND('',#3691,.T.);
#3943=FACE_BOUND('',#3692,.T.);
#3944=FACE_BOUND('',#3693,.T.);
#3945=FACE_BOUND('',#3694,.T.);
#3946=FACE_BOUND('',#3695,.T.);
#3947=FACE_BOUND('',#3696,.T.);
#3948=FACE_BOUND('',#3697,.T.);
#3949=FACE_BOUND('',#3698,.T.);
#3950=FACE_BOUND('',#3699,.T.);
#3951=FACE_BOUND('',#3700,.T.);
#3952=FACE_BOUND('',#3701,.T.);
#3953=FACE_BOUND('',#3702,.T.);
#3954=FACE_BOUND('',#3703,.T.);
#3955=FACE_BOUND('',#3704,.T.);
#3956=FACE_BOUND('',#3705,.T.);
#3957=FACE_BOUND('',#3706,.T.);
#3958=FACE_BOUND('',#3707,.T.);
#3959=FACE_BOUND('',#3708,.T.);
#3960=FACE_BOUND('',#3709,.T.);
#3961=FACE_BOUND('',#3710,.T.);
#3962=FACE_BOUND('',#3711,.T.);
#3963=FACE_BOUND('',#3712,.T.);
#3964=FACE_BOUND('',#3713,.T.);
#3965=FACE_BOUND('',#3714,.T.);
#3966=FACE_BOUND('',#3715,.T.);
#3967=FACE_BOUND('',#3716,.T.);
#3968=FACE_BOUND('',#3717,.T.);
#3969=FACE_BOUND('',#3718,.T.);
#3970=FACE_BOUND('',#3719,.T.);
#3971=FACE_BOUND('',#3720,.T.);
#3972=FACE_BOUND('',#3721,.T.);
#3973=FACE_BOUND('',#3722,.T.);
#3974=FACE_BOUND('',#3723,.T.);
#3975=FACE_BOUND('',#3724,.T.);
#3976=FACE_BOUND('',#3725,.T.);
#3977=FACE_BOUND('',#3726,.T.);
#3978=FACE_BOUND('',#3727,.T.);
#3979=FACE_BOUND('',#3728,.T.);
#3980=FACE_BOUND('',#3729,.T.);
#3981=FACE_BOUND('',#3730,.T.);
#3982=FACE_BOUND('',#3731,.T.);
#3983=FACE_BOUND('',#3732,.T.);
#3984=PLANE('',#4374);
#3985=PLANE('',#4381);
#3986=PLANE('',#4382);
#3987=PLANE('',#4383);
#3988=PLANE('',#4384);
#3989=PLANE('',#4386);
#3990=PLANE('',#4387);
#3991=PLANE('',#4390);
#3992=PLANE('',#4391);
#3993=PLANE('',#4403);
#3994=PLANE('',#4405);
#3995=PLANE('',#4406);
#3996=PLANE('',#4407);
#3997=PLANE('',#4410);
#3998=PLANE('',#4411);
#3999=PLANE('',#4417);
#4000=PLANE('',#4418);
#4001=PLANE('',#4424);
#4002=PLANE('',#4425);
#4003=PLANE('',#4426);
#4004=PLANE('',#4441);
#4005=PLANE('',#4442);
#4006=PLANE('',#4443);
#4007=PLANE('',#4444);
#4008=PLANE('',#4445);
#4009=PLANE('',#4456);
#4010=PLANE('',#4457);
#4011=PLANE('',#4458);
#4012=PLANE('',#4463);
#4013=PLANE('',#4464);
#4014=PLANE('',#4468);
#4015=PLANE('',#4484);
#4016=PLANE('',#4488);
#4017=PLANE('',#4492);
#4018=PLANE('',#4497);
#4019=PLANE('',#4506);
#4020=PLANE('',#4507);
#4021=PLANE('',#4509);
#4022=PLANE('',#4517);
#4023=PLANE('',#4518);
#4024=PLANE('',#4519);
#4025=PLANE('',#4520);
#4026=PLANE('',#4521);
#4027=PLANE('',#4522);
#4028=PLANE('',#4523);
#4029=PLANE('',#4524);
#4030=PLANE('',#4525);
#4031=PLANE('',#4526);
#4032=PLANE('',#4527);
#4033=PLANE('',#4528);
#4034=PLANE('',#4529);
#4035=PLANE('',#4530);
#4036=PLANE('',#4531);
#4037=PLANE('',#4532);
#4038=PLANE('',#4533);
#4039=PLANE('',#4535);
#4040=PLANE('',#4536);
#4041=PLANE('',#4538);
#4042=PLANE('',#4540);
#4043=PLANE('',#4541);
#4044=PLANE('',#4543);
#4045=PLANE('',#4545);
#4046=PLANE('',#4547);
#4047=PLANE('',#4553);
#4048=PLANE('',#4554);
#4049=PLANE('',#4556);
#4050=PLANE('',#4558);
#4051=PLANE('',#4560);
#4052=PLANE('',#4562);
#4053=PLANE('',#4564);
#4054=PLANE('',#4565);
#4055=PLANE('',#4568);
#4056=PLANE('',#4569);
#4057=PLANE('',#4572);
#4058=PLANE('',#4573);
#4059=PLANE('',#4576);
#4060=PLANE('',#4577);
#4061=PLANE('',#4579);
#4062=PLANE('',#4580);
#4063=PLANE('',#4582);
#4064=PLANE('',#4583);
#4065=PLANE('',#4585);
#4066=PLANE('',#4586);
#4067=PLANE('',#4597);
#4068=PLANE('',#4598);
#4069=PLANE('',#4599);
#4070=PLANE('',#4600);
#4071=PLANE('',#4601);
#4072=PLANE('',#4604);
#4073=PLANE('',#4605);
#4074=PLANE('',#4611);
#4075=PLANE('',#4612);
#4076=PLANE('',#4614);
#4077=PLANE('',#4615);
#4078=PLANE('',#4617);
#4079=PLANE('',#4618);
#4080=PLANE('',#4619);
#4081=PLANE('',#4621);
#4082=PLANE('',#4623);
#4083=PLANE('',#4624);
#4084=PLANE('',#4625);
#4085=PLANE('',#4626);
#4086=PLANE('',#4627);
#4087=PLANE('',#4629);
#4088=PLANE('',#4630);
#4089=PLANE('',#4633);
#4090=PLANE('',#4638);
#4091=PLANE('',#4641);
#4092=PLANE('',#4642);
#4093=PLANE('',#4643);
#4094=PLANE('',#4644);
#4095=PLANE('',#4645);
#4096=PLANE('',#4646);
#4097=PLANE('',#4648);
#4098=PLANE('',#4649);
#4099=PLANE('',#4651);
#4100=PLANE('',#4653);
#4101=PLANE('',#4655);
#4102=PLANE('',#4656);
#4103=PLANE('',#4659);
#4104=PLANE('',#4660);
#4105=PLANE('',#4663);
#4106=PLANE('',#4664);
#4107=PLANE('',#4665);
#4108=PLANE('',#4666);
#4109=PLANE('',#4667);
#4110=PLANE('',#4668);
#4111=PLANE('',#4669);
#4112=PLANE('',#4670);
#4113=PLANE('',#4671);
#4114=PLANE('',#4672);
#4115=PLANE('',#4673);
#4116=PLANE('',#4674);
#4117=PLANE('',#4675);
#4118=PLANE('',#4676);
#4119=PLANE('',#4677);
#4120=PLANE('',#4678);
#4121=PLANE('',#4679);
#4122=PLANE('',#4680);
#4123=ADVANCED_FACE('',(#3733,#3734,#3735,#3736),#3984,.T.);
#4124=ADVANCED_FACE('',(#3737),#3985,.F.);
#4125=ADVANCED_FACE('',(#3738),#3986,.T.);
#4126=ADVANCED_FACE('',(#3739),#3987,.F.);
#4127=ADVANCED_FACE('',(#3740),#3988,.F.);
#4128=ADVANCED_FACE('',(#3741),#3989,.T.);
#4129=ADVANCED_FACE('',(#3742),#3990,.F.);
#4130=ADVANCED_FACE('',(#3743),#3991,.T.);
#4131=ADVANCED_FACE('',(#3744),#3992,.T.);
#4132=ADVANCED_FACE('',(#3745),#3993,.F.);
#4133=ADVANCED_FACE('',(#3746),#3994,.F.);
#4134=ADVANCED_FACE('',(#3747),#3995,.F.);
#4135=ADVANCED_FACE('',(#3748),#3996,.T.);
#4136=ADVANCED_FACE('',(#3749),#3997,.F.);
#4137=ADVANCED_FACE('',(#3750),#3998,.T.);
#4138=ADVANCED_FACE('',(#3751),#3999,.F.);
#4139=ADVANCED_FACE('',(#3752),#4000,.F.);
#4140=ADVANCED_FACE('',(#3753),#4001,.F.);
#4141=ADVANCED_FACE('',(#3754),#4002,.F.);
#4142=ADVANCED_FACE('',(#3755,#3756,#3757,#3758),#4003,.F.);
#4143=ADVANCED_FACE('',(#3759),#4004,.F.);
#4144=ADVANCED_FACE('',(#3760),#4005,.T.);
#4145=ADVANCED_FACE('',(#3761),#4006,.T.);
#4146=ADVANCED_FACE('',(#3762),#4007,.T.);
#4147=ADVANCED_FACE('',(#3763),#4008,.T.);
#4148=ADVANCED_FACE('',(#3764),#74,.F.);
#4149=ADVANCED_FACE('',(#3765),#75,.F.);
#4150=ADVANCED_FACE('',(#3766),#4009,.F.);
#4151=ADVANCED_FACE('',(#3767,#3768),#4010,.T.);
#4152=ADVANCED_FACE('',(#3769),#4011,.T.);
#4153=ADVANCED_FACE('',(#3770),#76,.F.);
#4154=ADVANCED_FACE('',(#3771),#4012,.F.);
#4155=ADVANCED_FACE('',(#3772),#4013,.T.);
#4156=ADVANCED_FACE('',(#3773,#3774,#3775,#3776),#4014,.T.);
#4157=ADVANCED_FACE('',(#3777),#77,.T.);
#4158=ADVANCED_FACE('',(#3778),#4015,.F.);
#4159=ADVANCED_FACE('',(#3779),#78,.F.);
#4160=ADVANCED_FACE('',(#3780),#4016,.F.);
#4161=ADVANCED_FACE('',(#3781),#79,.F.);
#4162=ADVANCED_FACE('',(#3782),#4017,.T.);
#4163=ADVANCED_FACE('',(#3783),#80,.T.);
#4164=ADVANCED_FACE('',(#3784),#81,.F.);
#4165=ADVANCED_FACE('',(#3785),#4018,.T.);
#4166=ADVANCED_FACE('',(#3786),#82,.F.);
#4167=ADVANCED_FACE('',(#3787),#83,.F.);
#4168=ADVANCED_FACE('',(#3788),#84,.F.);
#4169=ADVANCED_FACE('',(#3789),#85,.F.);
#4170=ADVANCED_FACE('',(#3790),#4019,.T.);
#4171=ADVANCED_FACE('',(#3791),#4020,.T.);
#4172=ADVANCED_FACE('',(#3792,#3793),#4021,.T.);
#4173=ADVANCED_FACE('',(#3794),#4022,.T.);
#4174=ADVANCED_FACE('',(#3795),#4023,.T.);
#4175=ADVANCED_FACE('',(#3796),#4024,.T.);
#4176=ADVANCED_FACE('',(#3797),#4025,.F.);
#4177=ADVANCED_FACE('',(#3798),#4026,.F.);
#4178=ADVANCED_FACE('',(#3799),#4027,.T.);
#4179=ADVANCED_FACE('',(#3800),#4028,.F.);
#4180=ADVANCED_FACE('',(#3801),#4029,.F.);
#4181=ADVANCED_FACE('',(#3802),#4030,.T.);
#4182=ADVANCED_FACE('',(#3803),#4031,.T.);
#4183=ADVANCED_FACE('',(#3804),#4032,.F.);
#4184=ADVANCED_FACE('',(#3805),#4033,.F.);
#4185=ADVANCED_FACE('',(#3806),#4034,.F.);
#4186=ADVANCED_FACE('',(#3807),#4035,.F.);
#4187=ADVANCED_FACE('',(#3808),#4036,.F.);
#4188=ADVANCED_FACE('',(#3809),#4037,.F.);
#4189=ADVANCED_FACE('',(#3810),#4038,.T.);
#4190=ADVANCED_FACE('',(#3811),#4039,.T.);
#4191=ADVANCED_FACE('',(#3812),#4040,.T.);
#4192=ADVANCED_FACE('',(#3813),#4041,.F.);
#4193=ADVANCED_FACE('',(#3814),#4042,.F.);
#4194=ADVANCED_FACE('',(#3815),#4043,.F.);
#4195=ADVANCED_FACE('',(#3816),#4044,.T.);
#4196=ADVANCED_FACE('',(#3817),#4045,.T.);
#4197=ADVANCED_FACE('',(#3818),#4046,.F.);
#4198=ADVANCED_FACE('',(#3819),#86,.T.);
#4199=ADVANCED_FACE('',(#3820),#87,.T.);
#4200=ADVANCED_FACE('',(#3821),#88,.T.);
#4201=ADVANCED_FACE('',(#3822),#89,.T.);
#4202=ADVANCED_FACE('',(#3823),#90,.T.);
#4203=ADVANCED_FACE('',(#3824),#4047,.F.);
#4204=ADVANCED_FACE('',(#3825),#4048,.F.);
#4205=ADVANCED_FACE('',(#3826),#33,.F.);
#4206=ADVANCED_FACE('',(#3827),#4049,.T.);
#4207=ADVANCED_FACE('',(#3828),#34,.F.);
#4208=ADVANCED_FACE('',(#3829),#4050,.T.);
#4209=ADVANCED_FACE('',(#3830),#35,.F.);
#4210=ADVANCED_FACE('',(#3831),#4051,.F.);
#4211=ADVANCED_FACE('',(#3832),#36,.F.);
#4212=ADVANCED_FACE('',(#3833),#4052,.F.);
#4213=ADVANCED_FACE('',(#3834),#37,.F.);
#4214=ADVANCED_FACE('',(#3835),#4053,.T.);
#4215=ADVANCED_FACE('',(#3836),#4054,.F.);
#4216=ADVANCED_FACE('',(#3837),#38,.F.);
#4217=ADVANCED_FACE('',(#3838),#39,.F.);
#4218=ADVANCED_FACE('',(#3839),#4055,.T.);
#4219=ADVANCED_FACE('',(#3840),#4056,.F.);
#4220=ADVANCED_FACE('',(#3841),#40,.F.);
#4221=ADVANCED_FACE('',(#3842),#41,.F.);
#4222=ADVANCED_FACE('',(#3843),#4057,.F.);
#4223=ADVANCED_FACE('',(#3844),#4058,.F.);
#4224=ADVANCED_FACE('',(#3845),#42,.F.);
#4225=ADVANCED_FACE('',(#3846),#43,.F.);
#4226=ADVANCED_FACE('',(#3847),#4059,.T.);
#4227=ADVANCED_FACE('',(#3848),#4060,.F.);
#4228=ADVANCED_FACE('',(#3849),#44,.F.);
#4229=ADVANCED_FACE('',(#3850),#4061,.F.);
#4230=ADVANCED_FACE('',(#3851),#4062,.T.);
#4231=ADVANCED_FACE('',(#3852),#45,.F.);
#4232=ADVANCED_FACE('',(#3853),#4063,.F.);
#4233=ADVANCED_FACE('',(#3854),#4064,.F.);
#4234=ADVANCED_FACE('',(#3855),#46,.F.);
#4235=ADVANCED_FACE('',(#3856),#4065,.F.);
#4236=ADVANCED_FACE('',(#3857),#4066,.T.);
#4237=ADVANCED_FACE('',(#3858),#47,.F.);
#4238=ADVANCED_FACE('',(#3859),#48,.F.);
#4239=ADVANCED_FACE('',(#3860),#49,.T.);
#4240=ADVANCED_FACE('',(#3861),#50,.F.);
#4241=ADVANCED_FACE('',(#3862),#51,.F.);
#4242=ADVANCED_FACE('',(#3863),#52,.F.);
#4243=ADVANCED_FACE('',(#3864),#53,.T.);
#4244=ADVANCED_FACE('',(#3865),#54,.F.);
#4245=ADVANCED_FACE('',(#3866),#4067,.F.);
#4246=ADVANCED_FACE('',(#3867),#4068,.T.);
#4247=ADVANCED_FACE('',(#3868),#4069,.F.);
#4248=ADVANCED_FACE('',(#3869),#4070,.F.);
#4249=ADVANCED_FACE('',(#3870),#4071,.F.);
#4250=ADVANCED_FACE('',(#3871),#91,.F.);
#4251=ADVANCED_FACE('',(#3872),#92,.F.);
#4252=ADVANCED_FACE('',(#3873),#4072,.F.);
#4253=ADVANCED_FACE('',(#3874),#4073,.F.);
#4254=ADVANCED_FACE('',(#3875),#93,.F.);
#4255=ADVANCED_FACE('',(#3876),#94,.F.);
#4256=ADVANCED_FACE('',(#3877),#95,.F.);
#4257=ADVANCED_FACE('',(#3878),#96,.F.);
#4258=ADVANCED_FACE('',(#3879),#4074,.F.);
#4259=ADVANCED_FACE('',(#3880),#4075,.F.);
#4260=ADVANCED_FACE('',(#3881),#97,.F.);
#4261=ADVANCED_FACE('',(#3882),#4076,.F.);
#4262=ADVANCED_FACE('',(#3883),#4077,.F.);
#4263=ADVANCED_FACE('',(#3884),#98,.F.);
#4264=ADVANCED_FACE('',(#3885),#4078,.F.);
#4265=ADVANCED_FACE('',(#3886),#4079,.F.);
#4266=ADVANCED_FACE('',(#3887),#4080,.F.);
#4267=ADVANCED_FACE('',(#3888),#99,.T.);
#4268=ADVANCED_FACE('',(#3889),#4081,.F.);
#4269=ADVANCED_FACE('',(#3890),#100,.T.);
#4270=ADVANCED_FACE('',(#3891),#4082,.T.);
#4271=ADVANCED_FACE('',(#3892),#4083,.T.);
#4272=ADVANCED_FACE('',(#3893),#4084,.T.);
#4273=ADVANCED_FACE('',(#3894),#4085,.F.);
#4274=ADVANCED_FACE('',(#3895),#4086,.T.);
#4275=ADVANCED_FACE('',(#3896),#101,.T.);
#4276=ADVANCED_FACE('',(#3897),#4087,.F.);
#4277=ADVANCED_FACE('',(#3898),#4088,.F.);
#4278=ADVANCED_FACE('',(#3899,#3900),#102,.F.);
#4279=ADVANCED_FACE('',(#3901),#4089,.T.);
#4280=ADVANCED_FACE('',(#3902),#103,.F.);
#4281=ADVANCED_FACE('',(#3903),#104,.F.);
#4282=ADVANCED_FACE('',(#3904),#105,.T.);
#4283=ADVANCED_FACE('',(#3905),#106,.T.);
#4284=ADVANCED_FACE('',(#3906),#4090,.T.);
#4285=ADVANCED_FACE('',(#3907),#107,.T.);
#4286=ADVANCED_FACE('',(#3908),#108,.T.);
#4287=ADVANCED_FACE('',(#3909),#4091,.T.);
#4288=ADVANCED_FACE('',(#3910),#4092,.F.);
#4289=ADVANCED_FACE('',(#3911),#4093,.F.);
#4290=ADVANCED_FACE('',(#3912),#4094,.F.);
#4291=ADVANCED_FACE('',(#3913),#4095,.F.);
#4292=ADVANCED_FACE('',(#3914),#4096,.F.);
#4293=ADVANCED_FACE('',(#3915),#4097,.T.);
#4294=ADVANCED_FACE('',(#3916),#4098,.F.);
#4295=ADVANCED_FACE('',(#3917),#4099,.T.);
#4296=ADVANCED_FACE('',(#3918),#4100,.F.);
#4297=ADVANCED_FACE('',(#3919),#4101,.T.);
#4298=ADVANCED_FACE('',(#3920),#4102,.T.);
#4299=ADVANCED_FACE('',(#3921),#109,.F.);
#4300=ADVANCED_FACE('',(#3922),#24,.F.);
#4301=ADVANCED_FACE('',(#3923),#4103,.F.);
#4302=ADVANCED_FACE('',(#3924),#4104,.F.);
#4303=ADVANCED_FACE('',(#3925),#110,.F.);
#4304=ADVANCED_FACE('',(#3926),#111,.F.);
#4305=ADVANCED_FACE('',(#3927),#16,.F.);
#4306=ADVANCED_FACE('',(#3928),#17,.F.);
#4307=ADVANCED_FACE('',(#3929),#18,.F.);
#4308=ADVANCED_FACE('',(#3930),#4105,.F.);
#4309=ADVANCED_FACE('',(#3931),#4106,.F.);
#4310=ADVANCED_FACE('',(#3932),#4107,.F.);
#4311=ADVANCED_FACE('',(#3933),#19,.F.);
#4312=ADVANCED_FACE('',(#3934),#20,.F.);
#4313=ADVANCED_FACE('',(#3935),#21,.F.);
#4314=ADVANCED_FACE('',(#3936),#4108,.F.);
#4315=ADVANCED_FACE('',(#3937),#4109,.F.);
#4316=ADVANCED_FACE('',(#3938),#4110,.F.);
#4317=ADVANCED_FACE('',(#3939),#22,.F.);
#4318=ADVANCED_FACE('',(#3940),#23,.F.);
#4319=ADVANCED_FACE('',(#3941,#3942),#4111,.T.);
#4320=ADVANCED_FACE('',(#3943),#4112,.T.);
#4321=ADVANCED_FACE('',(#3944),#4113,.F.);
#4322=ADVANCED_FACE('',(#3945),#4114,.F.);
#4323=ADVANCED_FACE('',(#3946),#4115,.F.);
#4324=ADVANCED_FACE('',(#3947),#4116,.F.);
#4325=ADVANCED_FACE('',(#3948),#4117,.T.);
#4326=ADVANCED_FACE('',(#3949),#4118,.T.);
#4327=ADVANCED_FACE('',(#3950),#4119,.F.);
#4328=ADVANCED_FACE('',(#3951),#4120,.F.);
#4329=ADVANCED_FACE('',(#3952),#4121,.T.);
#4330=ADVANCED_FACE('',(#3953),#4122,.T.);
#4331=ADVANCED_FACE('',(#3954),#112,.F.);
#4332=ADVANCED_FACE('',(#3955),#113,.F.);
#4333=ADVANCED_FACE('',(#3956),#114,.F.);
#4334=ADVANCED_FACE('',(#3957),#115,.F.);
#4335=ADVANCED_FACE('',(#3958),#116,.F.);
#4336=ADVANCED_FACE('',(#3959),#117,.F.);
#4337=ADVANCED_FACE('',(#3960),#118,.F.);
#4338=ADVANCED_FACE('',(#3961),#119,.F.);
#4339=ADVANCED_FACE('',(#3962),#25,.F.);
#4340=ADVANCED_FACE('',(#3963),#26,.F.);
#4341=ADVANCED_FACE('',(#3964),#27,.F.);
#4342=ADVANCED_FACE('',(#3965),#28,.F.);
#4343=ADVANCED_FACE('',(#3966),#120,.F.);
#4344=ADVANCED_FACE('',(#3967),#121,.F.);
#4345=ADVANCED_FACE('',(#3968),#122,.F.);
#4346=ADVANCED_FACE('',(#3969),#29,.F.);
#4347=ADVANCED_FACE('',(#3970),#30,.F.);
#4348=ADVANCED_FACE('',(#3971),#31,.F.);
#4349=ADVANCED_FACE('',(#3972),#32,.F.);
#4350=ADVANCED_FACE('',(#3973),#123,.F.);
#4351=ADVANCED_FACE('',(#3974),#124,.F.);
#4352=ADVANCED_FACE('',(#3975),#125,.F.);
#4353=ADVANCED_FACE('',(#3976),#126,.F.);
#4354=ADVANCED_FACE('',(#3977),#12,.F.);
#4355=ADVANCED_FACE('',(#3978),#13,.F.);
#4356=ADVANCED_FACE('',(#3979),#127,.F.);
#4357=ADVANCED_FACE('',(#3980),#128,.F.);
#4358=ADVANCED_FACE('',(#3981),#14,.F.);
#4359=ADVANCED_FACE('',(#3982),#15,.F.);
#4360=ADVANCED_FACE('',(#3983),#129,.F.);
#4361=CLOSED_SHELL('',(#4123,#4124,#4125,#4126,#4127,#4128,#4129,#4130,#4131,#4132,#4133,#4134,#4135,#4136,#4137,#4138,#4139,#4140,#4141,#4142,#4143,#4144,#4145,#4146,#4147,#4148,#4149,#4150,#4151,#4152,#4153,#4154,#4155,#4156,#4157,#4158,#4159,#4160,#4161,#4162,#4163,#4164,#4165,#4166,#4167,#4168,#4169,#4170,#4171,#4172,#4173,#4174,#4175,#4176,#4177,#4178,#4179,#4180,#4181,#4182,#4183,#4184,#4185,#4186,#4187,#4188,#4189,#4190,#4191,#4192,#4193,#4194,#4195,#4196,#4197,#4198,#4199,#4200,#4201,#4202,#4203,#4204,#4205,#4206,#4207,#4208,#4209,#4210,#4211,#4212,#4213,#4214,#4215,#4216,#4217,#4218,#4219,#4220,#4221,#4222,#4223,#4224,#4225,#4226,#4227,#4228,#4229,#4230,#4231,#4232,#4233,#4234,#4235,#4236,#4237,#4238,#4239,#4240,#4241,#4242,#4243,#4244,#4245,#4246,#4247,#4248,#4249,#4250,#4251,#4252,#4253,#4254,#4255,#4256,#4257,#4258,#4259,#4260,#4261,#4262,#4263,#4264,#4265,#4266,#4267,#4268,#4269,#4270,#4271,#4272,#4273,#4274,#4275,#4276,#4277,#4278,#4279,#4280,#4281,#4282,#4283,#4284,#4285,#4286,#4287,#4288,#4289,#4290,#4291,#4292,#4293,#4294,#4295,#4296,#4297,#4298,#4299,#4300,#4301,#4302,#4303,#4304,#4305,#4306,#4307,#4308,#4309,#4310,#4311,#4312,#4313,#4314,#4315,#4316,#4317,#4318,#4319,#4320,#4321,#4322,#4323,#4324,#4325,#4326,#4327,#4328,#4329,#4330,#4331,#4332,#4333,#4334,#4335,#4336,#4337,#4338,#4339,#4340,#4341,#4342,#4343,#4344,#4345,#4346,#4347,#4348,#4349,#4350,#4351,#4352,#4353,#4354,#4355,#4356,#4357,#4358,#4359,#4360));
#4362=STYLED_ITEM('',(#4363),#4370);
#4363=PRESENTATION_STYLE_ASSIGNMENT((#4364));
#4364=SURFACE_STYLE_USAGE(.BOTH.,#4365);
#4365=SURFACE_SIDE_STYLE('',(#4366));
#4366=SURFACE_STYLE_FILL_AREA(#4367);
#4367=FILL_AREA_STYLE('',(#4368));
#4368=FILL_AREA_STYLE_COLOUR('',#4369);
#4369=COLOUR_RGB('',0.541176470588235,0.682352941176471,0.83921568627451);
#4370=MANIFOLD_SOLID_BREP('Body',#4361);
#4371=SHAPE_DEFINITION_REPRESENTATION(#7434,#4372);
#4372=SHAPE_REPRESENTATION('Body',(#4373),#7429);
#4373=AXIS2_PLACEMENT_3D('',#5925,#4737,#4738);
#4374=AXIS2_PLACEMENT_3D('',#5926,#4739,#4740);
#4375=AXIS2_PLACEMENT_3D('',#5972,#4755,#4756);
#4376=AXIS2_PLACEMENT_3D('',#5984,#4762,#4763);
#4377=AXIS2_PLACEMENT_3D('',#5988,#4765,#4766);
#4378=AXIS2_PLACEMENT_3D('',#5992,#4768,#4769);
#4379=AXIS2_PLACEMENT_3D('',#5996,#4771,#4772);
#4380=AXIS2_PLACEMENT_3D('',#6000,#4774,#4775);
#4381=AXIS2_PLACEMENT_3D('',#6001,#4776,#4777);
#4382=AXIS2_PLACEMENT_3D('',#6014,#4784,#4785);
#4383=AXIS2_PLACEMENT_3D('',#6031,#4794,#4795);
#4384=AXIS2_PLACEMENT_3D('',#6044,#4802,#4803);
#4385=AXIS2_PLACEMENT_3D('',#6052,#4807,#4808);
#4386=AXIS2_PLACEMENT_3D('',#6069,#4817,#4818);
#4387=AXIS2_PLACEMENT_3D('',#6096,#4832,#4833);
#4388=AXIS2_PLACEMENT_3D('',#6097,#4834,#4835);
#4389=AXIS2_PLACEMENT_3D('',#6103,#4838,#4839);
#4390=AXIS2_PLACEMENT_3D('',#6108,#4842,#4843);
#4391=AXIS2_PLACEMENT_3D('',#6121,#4850,#4851);
#4392=AXIS2_PLACEMENT_3D('',#6122,#4852,#4853);
#4393=AXIS2_PLACEMENT_3D('',#6124,#4854,#4855);
#4394=AXIS2_PLACEMENT_3D('',#6126,#4856,#4857);
#4395=AXIS2_PLACEMENT_3D('',#6127,#4858,#4859);
#4396=AXIS2_PLACEMENT_3D('',#6135,#4863,#4864);
#4397=AXIS2_PLACEMENT_3D('',#6139,#4866,#4867);
#4398=AXIS2_PLACEMENT_3D('',#6143,#4869,#4870);
#4399=AXIS2_PLACEMENT_3D('',#6147,#4872,#4873);
#4400=AXIS2_PLACEMENT_3D('',#6155,#4877,#4878);
#4401=AXIS2_PLACEMENT_3D('',#6164,#4883,#4884);
#4402=AXIS2_PLACEMENT_3D('',#6168,#4886,#4887);
#4403=AXIS2_PLACEMENT_3D('',#6169,#4888,#4889);
#4404=AXIS2_PLACEMENT_3D('',#6174,#4892,#4893);
#4405=AXIS2_PLACEMENT_3D('',#6206,#4910,#4911);
#4406=AXIS2_PLACEMENT_3D('',#6212,#4915,#4916);
#4407=AXIS2_PLACEMENT_3D('',#6218,#4920,#4921);
#4408=AXIS2_PLACEMENT_3D('',#6226,#4925,#4926);
#4409=AXIS2_PLACEMENT_3D('',#6230,#4928,#4929);
#4410=AXIS2_PLACEMENT_3D('',#6231,#4930,#4931);
#4411=AXIS2_PLACEMENT_3D('',#6243,#4938,#4939);
#4412=AXIS2_PLACEMENT_3D('',#6245,#4941,#4942);
#4413=AXIS2_PLACEMENT_3D('',#6249,#4944,#4945);
#4414=AXIS2_PLACEMENT_3D('',#6253,#4947,#4948);
#4415=AXIS2_PLACEMENT_3D('',#6262,#4953,#4954);
#4416=AXIS2_PLACEMENT_3D('',#6266,#4956,#4957);
#4417=AXIS2_PLACEMENT_3D('',#6289,#4969,#4970);
#4418=AXIS2_PLACEMENT_3D('',#6297,#4975,#4976);
#4419=AXIS2_PLACEMENT_3D('',#6301,#4978,#4979);
#4420=AXIS2_PLACEMENT_3D('',#6302,#4980,#4981);
#4421=AXIS2_PLACEMENT_3D('',#6307,#4984,#4985);
#4422=AXIS2_PLACEMENT_3D('',#6313,#4988,#4989);
#4423=AXIS2_PLACEMENT_3D('',#6317,#4991,#4992);
#4424=AXIS2_PLACEMENT_3D('',#6320,#4994,#4995);
#4425=AXIS2_PLACEMENT_3D('',#6327,#5000,#5001);
#4426=AXIS2_PLACEMENT_3D('',#6334,#5006,#5007);
#4427=AXIS2_PLACEMENT_3D('',#6335,#5008,#5009);
#4428=AXIS2_PLACEMENT_3D('',#6341,#5012,#5013);
#4429=AXIS2_PLACEMENT_3D('',#6345,#5015,#5016);
#4430=AXIS2_PLACEMENT_3D('',#6353,#5020,#5021);
#4431=AXIS2_PLACEMENT_3D('',#6359,#5024,#5025);
#4432=AXIS2_PLACEMENT_3D('',#6363,#5027,#5028);
#4433=AXIS2_PLACEMENT_3D('',#6367,#5030,#5031);
#4434=AXIS2_PLACEMENT_3D('',#6371,#5033,#5034);
#4435=AXIS2_PLACEMENT_3D('',#6372,#5035,#5036);
#4436=AXIS2_PLACEMENT_3D('',#6376,#5038,#5039);
#4437=AXIS2_PLACEMENT_3D('',#6380,#5041,#5042);
#4438=AXIS2_PLACEMENT_3D('',#6381,#5043,#5044);
#4439=AXIS2_PLACEMENT_3D('',#6399,#5054,#5055);
#4440=AXIS2_PLACEMENT_3D('',#6403,#5057,#5058);
#4441=AXIS2_PLACEMENT_3D('',#6404,#5059,#5060);
#4442=AXIS2_PLACEMENT_3D('',#6410,#5064,#5065);
#4443=AXIS2_PLACEMENT_3D('',#6417,#5069,#5070);
#4444=AXIS2_PLACEMENT_3D('',#6434,#5079,#5080);
#4445=AXIS2_PLACEMENT_3D('',#6441,#5084,#5085);
#4446=AXIS2_PLACEMENT_3D('',#6450,#5090,#5091);
#4447=AXIS2_PLACEMENT_3D('',#6454,#5093,#5094);
#4448=AXIS2_PLACEMENT_3D('',#6455,#5095,#5096);
#4449=AXIS2_PLACEMENT_3D('',#6457,#5097,#5098);
#4450=AXIS2_PLACEMENT_3D('',#6458,#5099,#5100);
#4451=AXIS2_PLACEMENT_3D('',#6459,#5101,#5102);
#4452=AXIS2_PLACEMENT_3D('',#6460,#5103,#5104);
#4453=AXIS2_PLACEMENT_3D('',#6464,#5106,#5107);
#4454=AXIS2_PLACEMENT_3D('',#6465,#5108,#5109);
#4455=AXIS2_PLACEMENT_3D('',#6467,#5110,#5111);
#4456=AXIS2_PLACEMENT_3D('',#6468,#5112,#5113);
#4457=AXIS2_PLACEMENT_3D('',#6484,#5123,#5124);
#4458=AXIS2_PLACEMENT_3D('',#6501,#5133,#5134);
#4459=AXIS2_PLACEMENT_3D('',#6502,#5135,#5136);
#4460=AXIS2_PLACEMENT_3D('',#6513,#5142,#5143);
#4461=AXIS2_PLACEMENT_3D('',#6514,#5144,#5145);
#4462=AXIS2_PLACEMENT_3D('',#6515,#5146,#5147);
#4463=AXIS2_PLACEMENT_3D('',#6516,#5148,#5149);
#4464=AXIS2_PLACEMENT_3D('',#6522,#5154,#5155);
#4465=AXIS2_PLACEMENT_3D('',#6523,#5156,#5157);
#4466=AXIS2_PLACEMENT_3D('',#6526,#5158,#5159);
#4467=AXIS2_PLACEMENT_3D('',#6532,#5163,#5164);
#4468=AXIS2_PLACEMENT_3D('',#6533,#5165,#5166);
#4469=AXIS2_PLACEMENT_3D('',#6534,#5167,#5168);
#4470=AXIS2_PLACEMENT_3D('',#6537,#5169,#5170);
#4471=AXIS2_PLACEMENT_3D('',#6539,#5171,#5172);
#4472=AXIS2_PLACEMENT_3D('',#6541,#5173,#5174);
#4473=AXIS2_PLACEMENT_3D('',#6542,#5175,#5176);
#4474=AXIS2_PLACEMENT_3D('',#6549,#5179,#5180);
#4475=AXIS2_PLACEMENT_3D('',#6555,#5183,#5184);
#4476=AXIS2_PLACEMENT_3D('',#6559,#5186,#5187);
#4477=AXIS2_PLACEMENT_3D('',#6565,#5190,#5191);
#4478=AXIS2_PLACEMENT_3D('',#6571,#5194,#5195);
#4479=AXIS2_PLACEMENT_3D('',#6576,#5199,#5200);
#4480=AXIS2_PLACEMENT_3D('',#6579,#5201,#5202);
#4481=AXIS2_PLACEMENT_3D('',#6581,#5203,#5204);
#4482=AXIS2_PLACEMENT_3D('',#6583,#5205,#5206);
#4483=AXIS2_PLACEMENT_3D('',#6584,#5207,#5208);
#4484=AXIS2_PLACEMENT_3D('',#6585,#5209,#5210);
#4485=AXIS2_PLACEMENT_3D('',#6591,#5214,#5215);
#4486=AXIS2_PLACEMENT_3D('',#6595,#5217,#5218);
#4487=AXIS2_PLACEMENT_3D('',#6596,#5219,#5220);
#4488=AXIS2_PLACEMENT_3D('',#6597,#5221,#5222);
#4489=AXIS2_PLACEMENT_3D('',#6603,#5226,#5227);
#4490=AXIS2_PLACEMENT_3D('',#6607,#5229,#5230);
#4491=AXIS2_PLACEMENT_3D('',#6608,#5231,#5232);
#4492=AXIS2_PLACEMENT_3D('',#6609,#5233,#5234);
#4493=AXIS2_PLACEMENT_3D('',#6612,#5237,#5238);
#4494=AXIS2_PLACEMENT_3D('',#6613,#5239,#5240);
#4495=AXIS2_PLACEMENT_3D('',#6614,#5241,#5242);
#4496=AXIS2_PLACEMENT_3D('',#6616,#5243,#5244);
#4497=AXIS2_PLACEMENT_3D('',#6617,#5245,#5246);
#4498=AXIS2_PLACEMENT_3D('',#6618,#5247,#5248);
#4499=AXIS2_PLACEMENT_3D('',#6619,#5249,#5250);
#4500=AXIS2_PLACEMENT_3D('',#6620,#5251,#5252);
#4501=AXIS2_PLACEMENT_3D('',#6621,#5253,#5254);
#4502=AXIS2_PLACEMENT_3D('',#6622,#5255,#5256);
#4503=AXIS2_PLACEMENT_3D('',#6623,#5257,#5258);
#4504=AXIS2_PLACEMENT_3D('',#6624,#5259,#5260);
#4505=AXIS2_PLACEMENT_3D('',#6625,#5261,#5262);
#4506=AXIS2_PLACEMENT_3D('',#6627,#5264,#5265);
#4507=AXIS2_PLACEMENT_3D('',#6630,#5268,#5269);
#4508=AXIS2_PLACEMENT_3D('',#6638,#5274,#5275);
#4509=AXIS2_PLACEMENT_3D('',#6641,#5277,#5278);
#4510=AXIS2_PLACEMENT_3D('',#6642,#5279,#5280);
#4511=AXIS2_PLACEMENT_3D('',#6644,#5281,#5282);
#4512=AXIS2_PLACEMENT_3D('',#6646,#5283,#5284);
#4513=AXIS2_PLACEMENT_3D('',#6647,#5285,#5286);
#4514=AXIS2_PLACEMENT_3D('',#6649,#5287,#5288);
#4515=AXIS2_PLACEMENT_3D('',#6651,#5289,#5290);
#4516=AXIS2_PLACEMENT_3D('',#6656,#5294,#5295);
#4517=AXIS2_PLACEMENT_3D('',#6658,#5296,#5297);
#4518=AXIS2_PLACEMENT_3D('',#6660,#5299,#5300);
#4519=AXIS2_PLACEMENT_3D('',#6669,#5307,#5308);
#4520=AXIS2_PLACEMENT_3D('',#6671,#5310,#5311);
#4521=AXIS2_PLACEMENT_3D('',#6674,#5314,#5315);
#4522=AXIS2_PLACEMENT_3D('',#6677,#5318,#5319);
#4523=AXIS2_PLACEMENT_3D('',#6683,#5323,#5324);
#4524=AXIS2_PLACEMENT_3D('',#6687,#5327,#5328);
#4525=AXIS2_PLACEMENT_3D('',#6691,#5331,#5332);
#4526=AXIS2_PLACEMENT_3D('',#6693,#5334,#5335);
#4527=AXIS2_PLACEMENT_3D('',#6694,#5336,#5337);
#4528=AXIS2_PLACEMENT_3D('',#6697,#5340,#5341);
#4529=AXIS2_PLACEMENT_3D('',#6700,#5344,#5345);
#4530=AXIS2_PLACEMENT_3D('',#6701,#5346,#5347);
#4531=AXIS2_PLACEMENT_3D('',#6704,#5350,#5351);
#4532=AXIS2_PLACEMENT_3D('',#6706,#5353,#5354);
#4533=AXIS2_PLACEMENT_3D('',#6708,#5356,#5357);
#4534=AXIS2_PLACEMENT_3D('',#6709,#5358,#5359);
#4535=AXIS2_PLACEMENT_3D('',#6711,#5361,#5362);
#4536=AXIS2_PLACEMENT_3D('',#6713,#5364,#5365);
#4537=AXIS2_PLACEMENT_3D('',#6714,#5366,#5367);
#4538=AXIS2_PLACEMENT_3D('',#6715,#5368,#5369);
#4539=AXIS2_PLACEMENT_3D('',#6716,#5370,#5371);
#4540=AXIS2_PLACEMENT_3D('',#6718,#5373,#5374);
#4541=AXIS2_PLACEMENT_3D('',#6720,#5376,#5377);
#4542=AXIS2_PLACEMENT_3D('',#6721,#5378,#5379);
#4543=AXIS2_PLACEMENT_3D('',#6722,#5380,#5381);
#4544=AXIS2_PLACEMENT_3D('',#6723,#5382,#5383);
#4545=AXIS2_PLACEMENT_3D('',#6725,#5385,#5386);
#4546=AXIS2_PLACEMENT_3D('',#6726,#5387,#5388);
#4547=AXIS2_PLACEMENT_3D('',#6728,#5390,#5391);
#4548=AXIS2_PLACEMENT_3D('',#6731,#5394,#5395);
#4549=AXIS2_PLACEMENT_3D('',#6732,#5396,#5397);
#4550=AXIS2_PLACEMENT_3D('',#6733,#5398,#5399);
#4551=AXIS2_PLACEMENT_3D('',#6734,#5400,#5401);
#4552=AXIS2_PLACEMENT_3D('',#6735,#5402,#5403);
#4553=AXIS2_PLACEMENT_3D('',#6736,#5404,#5405);
#4554=AXIS2_PLACEMENT_3D('',#6737,#5406,#5407);
#4555=AXIS2_PLACEMENT_3D('',#6739,#5409,#5410);
#4556=AXIS2_PLACEMENT_3D('',#6741,#5412,#5413);
#4557=AXIS2_PLACEMENT_3D('',#6743,#5415,#5416);
#4558=AXIS2_PLACEMENT_3D('',#6745,#5418,#5419);
#4559=AXIS2_PLACEMENT_3D('',#6747,#5421,#5422);
#4560=AXIS2_PLACEMENT_3D('',#6749,#5424,#5425);
#4561=AXIS2_PLACEMENT_3D('',#6751,#5427,#5428);
#4562=AXIS2_PLACEMENT_3D('',#6753,#5430,#5431);
#4563=AXIS2_PLACEMENT_3D('',#6754,#5432,#5433);
#4564=AXIS2_PLACEMENT_3D('',#6757,#5436,#5437);
#4565=AXIS2_PLACEMENT_3D('',#6759,#5439,#5440);
#4566=AXIS2_PLACEMENT_3D('',#6761,#5442,#5443);
#4567=AXIS2_PLACEMENT_3D('',#6763,#5445,#5446);
#4568=AXIS2_PLACEMENT_3D('',#6765,#5448,#5449);
#4569=AXIS2_PLACEMENT_3D('',#6767,#5451,#5452);
#4570=AXIS2_PLACEMENT_3D('',#6769,#5454,#5455);
#4571=AXIS2_PLACEMENT_3D('',#6770,#5456,#5457);
#4572=AXIS2_PLACEMENT_3D('',#6774,#5460,#5461);
#4573=AXIS2_PLACEMENT_3D('',#6778,#5464,#5465);
#4574=AXIS2_PLACEMENT_3D('',#6780,#5467,#5468);
#4575=AXIS2_PLACEMENT_3D('',#6782,#5470,#5471);
#4576=AXIS2_PLACEMENT_3D('',#6786,#5474,#5475);
#4577=AXIS2_PLACEMENT_3D('',#6790,#5478,#5479);
#4578=AXIS2_PLACEMENT_3D('',#6792,#5481,#5482);
#4579=AXIS2_PLACEMENT_3D('',#6796,#5485,#5486);
#4580=AXIS2_PLACEMENT_3D('',#6800,#5489,#5490);
#4581=AXIS2_PLACEMENT_3D('',#6802,#5492,#5493);
#4582=AXIS2_PLACEMENT_3D('',#6804,#5495,#5496);
#4583=AXIS2_PLACEMENT_3D('',#6806,#5498,#5499);
#4584=AXIS2_PLACEMENT_3D('',#6808,#5501,#5502);
#4585=AXIS2_PLACEMENT_3D('',#6810,#5504,#5505);
#4586=AXIS2_PLACEMENT_3D('',#6812,#5507,#5508);
#4587=AXIS2_PLACEMENT_3D('',#6813,#5509,#5510);
#4588=AXIS2_PLACEMENT_3D('',#6817,#5513,#5514);
#4589=AXIS2_PLACEMENT_3D('',#6818,#5515,#5516);
#4590=AXIS2_PLACEMENT_3D('',#6821,#5518,#5519);
#4591=AXIS2_PLACEMENT_3D('',#6823,#5521,#5522);
#4592=AXIS2_PLACEMENT_3D('',#6824,#5523,#5524);
#4593=AXIS2_PLACEMENT_3D('',#6828,#5527,#5528);
#4594=AXIS2_PLACEMENT_3D('',#6829,#5529,#5530);
#4595=AXIS2_PLACEMENT_3D('',#6832,#5532,#5533);
#4596=AXIS2_PLACEMENT_3D('',#6834,#5535,#5536);
#4597=AXIS2_PLACEMENT_3D('',#6835,#5537,#5538);
#4598=AXIS2_PLACEMENT_3D('',#6836,#5539,#5540);
#4599=AXIS2_PLACEMENT_3D('',#6837,#5541,#5542);
#4600=AXIS2_PLACEMENT_3D('',#6839,#5544,#5545);
#4601=AXIS2_PLACEMENT_3D('',#6842,#5548,#5549);
#4602=AXIS2_PLACEMENT_3D('',#6846,#5553,#5554);
#4603=AXIS2_PLACEMENT_3D('',#6847,#5555,#5556);
#4604=AXIS2_PLACEMENT_3D('',#6848,#5557,#5558);
#4605=AXIS2_PLACEMENT_3D('',#6849,#5559,#5560);
#4606=AXIS2_PLACEMENT_3D('',#6850,#5561,#5562);
#4607=AXIS2_PLACEMENT_3D('',#6851,#5563,#5564);
#4608=AXIS2_PLACEMENT_3D('',#6852,#5565,#5566);
#4609=AXIS2_PLACEMENT_3D('',#6853,#5567,#5568);
#4610=AXIS2_PLACEMENT_3D('',#6859,#5569,#5570);
#4611=AXIS2_PLACEMENT_3D('',#6860,#5571,#5572);
#4612=AXIS2_PLACEMENT_3D('',#6861,#5573,#5574);
#4613=AXIS2_PLACEMENT_3D('',#6866,#5578,#5579);
#4614=AXIS2_PLACEMENT_3D('',#6868,#5581,#5582);
#4615=AXIS2_PLACEMENT_3D('',#6870,#5584,#5585);
#4616=AXIS2_PLACEMENT_3D('',#6872,#5587,#5588);
#4617=AXIS2_PLACEMENT_3D('',#6874,#5590,#5591);
#4618=AXIS2_PLACEMENT_3D('',#6878,#5594,#5595);
#4619=AXIS2_PLACEMENT_3D('',#6882,#5598,#5599);
#4620=AXIS2_PLACEMENT_3D('',#6889,#5604,#5605);
#4621=AXIS2_PLACEMENT_3D('',#6891,#5607,#5608);
#4622=AXIS2_PLACEMENT_3D('',#6893,#5610,#5611);
#4623=AXIS2_PLACEMENT_3D('',#6894,#5612,#5613);
#4624=AXIS2_PLACEMENT_3D('',#6899,#5614,#5615);
#4625=AXIS2_PLACEMENT_3D('',#6901,#5617,#5618);
#4626=AXIS2_PLACEMENT_3D('',#6903,#5620,#5621);
#4627=AXIS2_PLACEMENT_3D('',#6904,#5622,#5623);
#4628=AXIS2_PLACEMENT_3D('',#6906,#5625,#5626);
#4629=AXIS2_PLACEMENT_3D('',#6907,#5627,#5628);
#4630=AXIS2_PLACEMENT_3D('',#6908,#5629,#5630);
#4631=AXIS2_PLACEMENT_3D('',#6909,#5631,#5632);
#4632=AXIS2_PLACEMENT_3D('',#6910,#5633,#5634);
#4633=AXIS2_PLACEMENT_3D('',#6912,#5635,#5636);
#4634=AXIS2_PLACEMENT_3D('',#6913,#5637,#5638);
#4635=AXIS2_PLACEMENT_3D('',#6916,#5641,#5642);
#4636=AXIS2_PLACEMENT_3D('',#6919,#5645,#5646);
#4637=AXIS2_PLACEMENT_3D('',#6920,#5647,#5648);
#4638=AXIS2_PLACEMENT_3D('',#6921,#5649,#5650);
#4639=AXIS2_PLACEMENT_3D('',#6923,#5652,#5653);
#4640=AXIS2_PLACEMENT_3D('',#6924,#5654,#5655);
#4641=AXIS2_PLACEMENT_3D('',#6925,#5656,#5657);
#4642=AXIS2_PLACEMENT_3D('',#6931,#5661,#5662);
#4643=AXIS2_PLACEMENT_3D('',#6933,#5664,#5665);
#4644=AXIS2_PLACEMENT_3D('',#6935,#5667,#5668);
#4645=AXIS2_PLACEMENT_3D('',#6936,#5669,#5670);
#4646=AXIS2_PLACEMENT_3D('',#6940,#5673,#5674);
#4647=AXIS2_PLACEMENT_3D('',#6941,#5675,#5676);
#4648=AXIS2_PLACEMENT_3D('',#6942,#5677,#5678);
#4649=AXIS2_PLACEMENT_3D('',#6948,#5682,#5683);
#4650=AXIS2_PLACEMENT_3D('',#6950,#5685,#5686);
#4651=AXIS2_PLACEMENT_3D('',#6951,#5687,#5688);
#4652=AXIS2_PLACEMENT_3D('',#6958,#5692,#5693);
#4653=AXIS2_PLACEMENT_3D('',#6959,#5694,#5695);
#4654=AXIS2_PLACEMENT_3D('',#6966,#5699,#5700);
#4655=AXIS2_PLACEMENT_3D('',#6967,#5701,#5702);
#4656=AXIS2_PLACEMENT_3D('',#6970,#5705,#5706);
#4657=AXIS2_PLACEMENT_3D('',#6972,#5708,#5709);
#4658=AXIS2_PLACEMENT_3D('',#6973,#5710,#5711);
#4659=AXIS2_PLACEMENT_3D('',#6989,#5712,#5713);
#4660=AXIS2_PLACEMENT_3D('',#6990,#5714,#5715);
#4661=AXIS2_PLACEMENT_3D('',#6991,#5716,#5717);
#4662=AXIS2_PLACEMENT_3D('',#6992,#5718,#5719);
#4663=AXIS2_PLACEMENT_3D('',#7037,#5724,#5725);
#4664=AXIS2_PLACEMENT_3D('',#7041,#5728,#5729);
#4665=AXIS2_PLACEMENT_3D('',#7045,#5732,#5733);
#4666=AXIS2_PLACEMENT_3D('',#7106,#5740,#5741);
#4667=AXIS2_PLACEMENT_3D('',#7112,#5745,#5746);
#4668=AXIS2_PLACEMENT_3D('',#7118,#5750,#5751);
#4669=AXIS2_PLACEMENT_3D('',#7151,#5755,#5756);
#4670=AXIS2_PLACEMENT_3D('',#7204,#5763,#5764);
#4671=AXIS2_PLACEMENT_3D('',#7205,#5765,#5766);
#4672=AXIS2_PLACEMENT_3D('',#7211,#5770,#5771);
#4673=AXIS2_PLACEMENT_3D('',#7215,#5774,#5775);
#4674=AXIS2_PLACEMENT_3D('',#7219,#5778,#5779);
#4675=AXIS2_PLACEMENT_3D('',#7221,#5781,#5782);
#4676=AXIS2_PLACEMENT_3D('',#7230,#5787,#5788);
#4677=AXIS2_PLACEMENT_3D('',#7236,#5792,#5793);
#4678=AXIS2_PLACEMENT_3D('',#7242,#5797,#5798);
#4679=AXIS2_PLACEMENT_3D('',#7248,#5802,#5803);
#4680=AXIS2_PLACEMENT_3D('',#7254,#5807,#5808);
#4681=AXIS2_PLACEMENT_3D('',#7255,#5809,#5810);
#4682=AXIS2_PLACEMENT_3D('',#7260,#5812,#5813);
#4683=AXIS2_PLACEMENT_3D('',#7264,#5815,#5816);
#4684=AXIS2_PLACEMENT_3D('',#7268,#5818,#5819);
#4685=AXIS2_PLACEMENT_3D('',#7271,#5821,#5822);
#4686=AXIS2_PLACEMENT_3D('',#7272,#5823,#5824);
#4687=AXIS2_PLACEMENT_3D('',#7273,#5825,#5826);
#4688=AXIS2_PLACEMENT_3D('',#7274,#5827,#5828);
#4689=AXIS2_PLACEMENT_3D('',#7275,#5829,#5830);
#4690=AXIS2_PLACEMENT_3D('',#7276,#5831,#5832);
#4691=AXIS2_PLACEMENT_3D('',#7277,#5833,#5834);
#4692=AXIS2_PLACEMENT_3D('',#7278,#5835,#5836);
#4693=AXIS2_PLACEMENT_3D('',#7279,#5837,#5838);
#4694=AXIS2_PLACEMENT_3D('',#7280,#5839,#5840);
#4695=AXIS2_PLACEMENT_3D('',#7281,#5841,#5842);
#4696=AXIS2_PLACEMENT_3D('',#7282,#5843,#5844);
#4697=AXIS2_PLACEMENT_3D('',#7283,#5845,#5846);
#4698=AXIS2_PLACEMENT_3D('',#7284,#5847,#5848);
#4699=AXIS2_PLACEMENT_3D('',#7285,#5849,#5850);
#4700=AXIS2_PLACEMENT_3D('',#7286,#5851,#5852);
#4701=AXIS2_PLACEMENT_3D('',#7299,#5853,#5854);
#4702=AXIS2_PLACEMENT_3D('',#7300,#5855,#5856);
#4703=AXIS2_PLACEMENT_3D('',#7313,#5857,#5858);
#4704=AXIS2_PLACEMENT_3D('',#7326,#5859,#5860);
#4705=AXIS2_PLACEMENT_3D('',#7339,#5861,#5862);
#4706=AXIS2_PLACEMENT_3D('',#7340,#5863,#5864);
#4707=AXIS2_PLACEMENT_3D('',#7341,#5865,#5866);
#4708=AXIS2_PLACEMENT_3D('',#7342,#5867,#5868);
#4709=AXIS2_PLACEMENT_3D('',#7343,#5869,#5870);
#4710=AXIS2_PLACEMENT_3D('',#7344,#5871,#5872);
#4711=AXIS2_PLACEMENT_3D('',#7360,#5873,#5874);
#4712=AXIS2_PLACEMENT_3D('',#7361,#5875,#5876);
#4713=AXIS2_PLACEMENT_3D('',#7374,#5877,#5878);
#4714=AXIS2_PLACEMENT_3D('',#7390,#5879,#5880);
#4715=AXIS2_PLACEMENT_3D('',#7406,#5881,#5882);
#4716=AXIS2_PLACEMENT_3D('',#7407,#5883,#5884);
#4717=AXIS2_PLACEMENT_3D('',#7408,#5885,#5886);
#4718=AXIS2_PLACEMENT_3D('',#7409,#5887,#5888);
#4719=AXIS2_PLACEMENT_3D('',#7410,#5889,#5890);
#4720=AXIS2_PLACEMENT_3D('',#7411,#5891,#5892);
#4721=AXIS2_PLACEMENT_3D('',#7412,#5893,#5894);
#4722=AXIS2_PLACEMENT_3D('',#7413,#5895,#5896);
#4723=AXIS2_PLACEMENT_3D('',#7414,#5897,#5898);
#4724=AXIS2_PLACEMENT_3D('',#7415,#5899,#5900);
#4725=AXIS2_PLACEMENT_3D('',#7416,#5901,#5902);
#4726=AXIS2_PLACEMENT_3D('',#7417,#5903,#5904);
#4727=AXIS2_PLACEMENT_3D('',#7418,#5905,#5906);
#4728=AXIS2_PLACEMENT_3D('',#7419,#5907,#5908);
#4729=AXIS2_PLACEMENT_3D('',#7420,#5909,#5910);
#4730=AXIS2_PLACEMENT_3D('',#7421,#5911,#5912);
#4731=AXIS2_PLACEMENT_3D('',#7422,#5913,#5914);
#4732=AXIS2_PLACEMENT_3D('',#7423,#5915,#5916);
#4733=AXIS2_PLACEMENT_3D('',#7424,#5917,#5918);
#4734=AXIS2_PLACEMENT_3D('',#7425,#5919,#5920);
#4735=AXIS2_PLACEMENT_3D('',#7426,#5921,#5922);
#4736=AXIS2_PLACEMENT_3D('',#7427,#5923,#5924);
#4737=DIRECTION('',(0.,0.,1.));
#4738=DIRECTION('',(1.,0.,0.));
#4739=DIRECTION('',(0.,1.,0.));
#4740=DIRECTION('',(0.,0.,1.));
#4741=DIRECTION('',(-1.,0.,0.));
#4742=DIRECTION('',(0.,0.,-1.));
#4743=DIRECTION('',(1.,0.,0.));
#4744=DIRECTION('',(0.,0.,1.));
#4745=DIRECTION('',(1.,0.,0.));
#4746=DIRECTION('',(0.,0.,1.));
#4747=DIRECTION('',(-1.,0.,0.));
#4748=DIRECTION('',(0.,0.,-1.));
#4749=DIRECTION('',(-1.,0.,0.));
#4750=DIRECTION('',(0.,0.,-1.));
#4751=DIRECTION('',(-1.,0.,0.));
#4752=DIRECTION('',(0.,0.,-1.));
#4753=DIRECTION('',(-1.,0.,0.));
#4754=DIRECTION('',(0.,0.,-1.));
#4755=DIRECTION('',(0.,1.,0.));
#4756=DIRECTION('',(0.,0.,1.));
#4757=DIRECTION('',(-1.,0.,0.));
#4758=DIRECTION('',(-0.707106781186549,0.,0.707106781186547));
#4759=DIRECTION('',(-1.,0.,0.));
#4760=DIRECTION('',(-0.70710678118655,0.,-0.707106781186546));
#4761=DIRECTION('',(-1.,0.,0.));
#4762=DIRECTION('',(0.,1.,0.));
#4763=DIRECTION('',(0.,0.,1.));
#4764=DIRECTION('',(3.05006325446472E-16,0.,1.));
#4765=DIRECTION('',(0.,1.,0.));
#4766=DIRECTION('',(0.,0.,1.));
#4767=DIRECTION('',(1.,0.,-1.10141173077892E-16));
#4768=DIRECTION('',(0.,1.,0.));
#4769=DIRECTION('',(0.,0.,1.));
#4770=DIRECTION('',(0.,0.,1.));
#4771=DIRECTION('',(0.,1.,0.));
#4772=DIRECTION('',(0.,0.,1.));
#4773=DIRECTION('',(1.,0.,-3.02888225964205E-16));
#4774=DIRECTION('',(0.,1.,0.));
#4775=DIRECTION('',(0.,0.,1.));
#4776=DIRECTION('',(-1.,-2.77555756156289E-16,0.));
#4777=DIRECTION('',(2.77555756156289E-16,-1.,0.));
#4778=DIRECTION('',(-2.77555756156289E-16,1.,0.));
#4779=DIRECTION('',(2.77555756156289E-16,-1.,0.));
#4780=DIRECTION('',(-1.26705917393897E-32,4.56506177888634E-17,-1.));
#4781=DIRECTION('',(2.77555756156289E-16,-1.,0.));
#4782=DIRECTION('',(0.,0.,1.));
#4783=DIRECTION('',(2.77555756156289E-16,-1.,0.));
#4784=DIRECTION('',(0.,1.,0.));
#4785=DIRECTION('',(0.,0.,1.));
#4786=DIRECTION('',(1.,0.,0.));
#4787=DIRECTION('',(0.894427190999915,0.,-0.44721359549996));
#4788=DIRECTION('',(0.850650808352039,0.,0.525731112119135));
#4789=DIRECTION('',(0.,0.,-1.));
#4790=DIRECTION('',(1.,0.,0.));
#4791=DIRECTION('',(0.,0.,1.));
#4792=DIRECTION('',(1.,0.,0.));
#4793=DIRECTION('',(0.,0.,1.));
#4794=DIRECTION('',(-0.707106781186547,-0.707106781186549,-3.22798614038606E-17));
#4795=DIRECTION('',(0.,-4.56506177888634E-17,1.));
#4796=DIRECTION('',(0.,-4.56506177888634E-17,1.));
#4797=DIRECTION('',(0.577350269189627,-0.577350269189625,0.577350269189626));
#4798=DIRECTION('',(0.,0.,-1.));
#4799=DIRECTION('',(-0.707106781186549,0.707106781186547,0.));
#4800=DIRECTION('',(0.,4.56506177888634E-17,-1.));
#4801=DIRECTION('',(-0.707106781186549,0.707106781186547,8.65956056235493E-17));
#4802=DIRECTION('',(0.,-1.,-4.56506177888634E-17));
#4803=DIRECTION('',(0.,4.56506177888634E-17,-1.));
#4804=DIRECTION('',(1.,0.,0.));
#4805=DIRECTION('',(-0.894427190999915,-2.0415576918152E-17,0.44721359549996));
#4806=DIRECTION('',(-1.,-1.21972744404619E-16,-1.79454152687256E-16));
#4807=DIRECTION('',(0.,-1.,-4.56506177888634E-17));
#4808=DIRECTION('',(0.,4.56506177888634E-17,-1.));
#4809=DIRECTION('',(0.707106781186547,-3.22798614038605E-17,0.707106781186548));
#4810=DIRECTION('',(1.,0.,0.));
#4811=DIRECTION('',(0.707106781186547,3.22798614038605E-17,-0.707106781186549));
#4812=DIRECTION('',(0.,4.56506177888634E-17,-1.));
#4813=DIRECTION('',(1.,0.,0.));
#4814=DIRECTION('',(0.,-4.56506177888634E-17,1.));
#4815=DIRECTION('',(1.,0.,0.));
#4816=DIRECTION('',(1.26705917393897E-32,-4.56506177888634E-17,1.));
#4817=DIRECTION('',(0.,-1.,0.));
#4818=DIRECTION('',(0.,0.,-1.));
#4819=DIRECTION('',(0.,0.,-1.));
#4820=DIRECTION('',(0.707106781186548,0.,0.707106781186548));
#4821=DIRECTION('',(1.,0.,0.));
#4822=DIRECTION('',(0.707106781186548,0.,-0.707106781186548));
#4823=DIRECTION('',(0.,0.,1.));
#4824=DIRECTION('',(-1.,0.,0.));
#4825=DIRECTION('',(0.,0.,-1.));
#4826=DIRECTION('',(-0.707106781186547,0.,0.707106781186548));
#4827=DIRECTION('',(1.,0.,0.));
#4828=DIRECTION('',(0.707106781186549,0.,0.707106781186546));
#4829=DIRECTION('',(1.,0.,0.));
#4830=DIRECTION('',(0.707106781186549,0.,-0.707106781186546));
#4831=DIRECTION('',(1.,0.,0.));
#4832=DIRECTION('',(0.,-1.,-4.56506177888634E-17));
#4833=DIRECTION('',(0.,4.56506177888634E-17,-1.));
#4834=DIRECTION('',(0.,-1.,-4.56506177888634E-17));
#4835=DIRECTION('',(0.,4.56506177888634E-17,-1.));
#4836=DIRECTION('',(-1.,0.,-1.79454152687256E-16));
#4837=DIRECTION('',(1.,0.,0.));
#4838=DIRECTION('',(0.,-1.,-4.56506177888634E-17));
#4839=DIRECTION('',(0.,4.56506177888634E-17,-1.));
#4840=DIRECTION('',(-0.707106781186548,3.22798614038605E-17,-0.707106781186548));
#4841=DIRECTION('',(0.,4.56506177888634E-17,-1.));
#4842=DIRECTION('',(0.,-1.,0.));
#4843=DIRECTION('',(0.,0.,-1.));
#4844=DIRECTION('',(0.,0.,-1.));
#4845=DIRECTION('',(-1.,0.,0.));
#4846=DIRECTION('',(0.,0.,1.));
#4847=DIRECTION('',(1.,0.,0.));
#4848=DIRECTION('',(0.,0.,1.));
#4849=DIRECTION('',(1.,0.,0.));
#4850=DIRECTION('',(1.,0.,0.));
#4851=DIRECTION('',(0.,1.,0.));
#4852=DIRECTION('',(1.,0.,0.));
#4853=DIRECTION('',(0.,0.,-1.));
#4854=DIRECTION('',(1.,0.,0.));
#4855=DIRECTION('',(0.,0.,-1.));
#4856=DIRECTION('',(1.,0.,0.));
#4857=DIRECTION('',(0.,0.,-1.));
#4858=DIRECTION('',(1.,0.,0.));
#4859=DIRECTION('',(0.,0.,-1.));
#4860=DIRECTION('',(0.,1.,0.));
#4861=DIRECTION('',(0.,0.,1.));
#4862=DIRECTION('',(0.,1.,0.));
#4863=DIRECTION('',(1.,0.,0.));
#4864=DIRECTION('',(0.,0.,-1.));
#4865=DIRECTION('',(0.,0.,-1.));
#4866=DIRECTION('',(1.,0.,0.));
#4867=DIRECTION('',(0.,0.,-1.));
#4868=DIRECTION('',(0.,-1.,0.));
#4869=DIRECTION('',(1.,0.,0.));
#4870=DIRECTION('',(0.,0.,-1.));
#4871=DIRECTION('',(0.,0.,1.));
#4872=DIRECTION('',(1.,0.,0.));
#4873=DIRECTION('',(0.,0.,-1.));
#4874=DIRECTION('',(0.,1.,0.));
#4875=DIRECTION('',(0.,0.,1.));
#4876=DIRECTION('',(0.,1.,0.));
#4877=DIRECTION('',(1.,0.,0.));
#4878=DIRECTION('',(0.,0.,-1.));
#4879=DIRECTION('',(0.,-0.577350269189628,-0.816496580927724));
#4880=DIRECTION('',(0.,4.56506177888634E-17,-1.));
#4881=DIRECTION('',(0.,-1.,-1.22464679914735E-16));
#4882=DIRECTION('',(0.,0.,-1.));
#4883=DIRECTION('',(1.,0.,0.));
#4884=DIRECTION('',(0.,0.,-1.));
#4885=DIRECTION('',(0.,-1.,0.));
#4886=DIRECTION('',(1.,0.,0.));
#4887=DIRECTION('',(0.,0.,-1.));
#4888=DIRECTION('',(0.,0.,-1.));
#4889=DIRECTION('',(-1.,0.,0.));
#4890=DIRECTION('',(0.,1.,0.));
#4891=DIRECTION('',(-1.,0.,0.));
#4892=DIRECTION('',(0.,0.,-1.));
#4893=DIRECTION('',(-1.,0.,0.));
#4894=DIRECTION('',(-1.,-1.87537673078574E-16,0.));
#4895=DIRECTION('',(0.,1.,0.));
#4896=DIRECTION('',(1.,0.,0.));
#4897=DIRECTION('',(2.66880534765662E-16,-1.,0.));
#4898=DIRECTION('',(1.,0.,0.));
#4899=DIRECTION('',(0.,1.,0.));
#4900=DIRECTION('',(-1.,0.,0.));
#4901=DIRECTION('',(0.,1.,0.));
#4902=DIRECTION('',(1.,0.,0.));
#4903=DIRECTION('',(0.,-1.,0.));
#4904=DIRECTION('',(1.,0.,0.));
#4905=DIRECTION('',(0.,-1.,0.));
#4906=DIRECTION('',(1.,0.,0.));
#4907=DIRECTION('',(0.,1.,0.));
#4908=DIRECTION('',(-1.,0.,0.));
#4909=DIRECTION('',(-1.,0.,0.));
#4910=DIRECTION('',(-1.,0.,0.));
#4911=DIRECTION('',(0.,0.,1.));
#4912=DIRECTION('',(0.,0.,-1.));
#4913=DIRECTION('',(0.,1.,0.));
#4914=DIRECTION('',(0.,0.,-1.));
#4915=DIRECTION('',(0.70710678118655,0.,-0.707106781186545));
#4916=DIRECTION('',(0.,1.,0.));
#4917=DIRECTION('',(0.707106781186545,0.,0.70710678118655));
#4918=DIRECTION('',(-0.707106781186545,0.,-0.70710678118655));
#4919=DIRECTION('',(0.,1.,0.));
#4920=DIRECTION('',(1.,0.,0.));
#4921=DIRECTION('',(0.,1.,0.));
#4922=DIRECTION('',(0.,1.,-1.83697019872103E-16));
#4923=DIRECTION('',(0.,0.,-1.));
#4924=DIRECTION('',(0.,-1.,-1.22464679914735E-16));
#4925=DIRECTION('',(1.,0.,0.));
#4926=DIRECTION('',(0.,0.,-1.));
#4927=DIRECTION('',(0.,-3.67394039744206E-16,-1.));
#4928=DIRECTION('',(1.,0.,0.));
#4929=DIRECTION('',(0.,0.,-1.));
#4930=DIRECTION('',(0.,1.22464679914735E-16,-1.));
#4931=DIRECTION('',(0.,1.,1.22464679914735E-16));
#4932=DIRECTION('',(0.707106781186547,-0.707106781186548,-8.65956056235495E-17));
#4933=DIRECTION('',(0.,1.,1.38777878078145E-16));
#4934=DIRECTION('',(-0.707106781186548,-0.707106781186547,-8.65956056235493E-17));
#4935=DIRECTION('',(-1.,0.,0.));
#4936=DIRECTION('',(0.,1.,1.22464679914735E-16));
#4937=DIRECTION('',(-1.,0.,0.));
#4938=DIRECTION('',(1.,0.,0.));
#4939=DIRECTION('',(0.,1.,0.));
#4940=DIRECTION('',(0.,-1.,0.));
#4941=DIRECTION('',(1.,0.,0.));
#4942=DIRECTION('',(0.,0.,-1.));
#4943=DIRECTION('',(0.,-1.,-2.66880534765662E-16));
#4944=DIRECTION('',(1.,0.,0.));
#4945=DIRECTION('',(0.,0.,-1.));
#4946=DIRECTION('',(0.,0.,1.));
#4947=DIRECTION('',(1.,0.,0.));
#4948=DIRECTION('',(0.,0.,-1.));
#4949=DIRECTION('',(0.,0.,-1.));
#4950=DIRECTION('',(0.,-1.,0.));
#4951=DIRECTION('',(0.,0.,1.));
#4952=DIRECTION('',(0.,-1.,1.83697019872103E-16));
#4953=DIRECTION('',(1.,0.,0.));
#4954=DIRECTION('',(0.,0.,-1.));
#4955=DIRECTION('',(0.,3.67394039744206E-16,1.));
#4956=DIRECTION('',(1.,0.,0.));
#4957=DIRECTION('',(0.,0.,-1.));
#4958=DIRECTION('',(0.,1.,1.22464679914735E-16));
#4959=DIRECTION('',(0.,0.,1.));
#4960=DIRECTION('',(0.,1.,1.22464679914735E-16));
#4961=DIRECTION('',(0.,-0.500000000000009,0.866025403784434));
#4962=DIRECTION('',(0.,1.,0.));
#4963=DIRECTION('',(0.,-0.5,-0.866025403784438));
#4964=DIRECTION('',(0.,1.,1.22464679914735E-16));
#4965=DIRECTION('',(0.,0.50000000000001,-0.866025403784433));
#4966=DIRECTION('',(0.,-1.,-1.26199630540679E-16));
#4967=DIRECTION('',(0.,0.5,0.866025403784438));
#4968=DIRECTION('',(0.,1.,1.22464679914735E-16));
#4969=DIRECTION('',(0.,1.22464679914735E-16,-1.));
#4970=DIRECTION('',(0.,1.,1.22464679914735E-16));
#4971=DIRECTION('',(-1.,0.,0.));
#4972=DIRECTION('',(-1.22464679914735E-16,-1.,-1.22464679914735E-16));
#4973=DIRECTION('',(1.,0.,0.));
#4974=DIRECTION('',(0.,-1.,-1.22464679914735E-16));
#4975=DIRECTION('',(0.,1.,0.));
#4976=DIRECTION('',(0.,0.,1.));
#4977=DIRECTION('',(0.707106781186548,0.,0.707106781186548));
#4978=DIRECTION('',(0.,1.,0.));
#4979=DIRECTION('',(0.,0.,1.));
#4980=DIRECTION('',(0.,1.,0.));
#4981=DIRECTION('',(0.,0.,1.));
#4982=DIRECTION('',(0.,0.,-1.));
#4983=DIRECTION('',(-1.,0.,0.));
#4984=DIRECTION('',(0.,1.,0.));
#4985=DIRECTION('',(0.,0.,1.));
#4986=DIRECTION('',(-1.,0.,0.));
#4987=DIRECTION('',(0.707106781186547,0.,0.707106781186548));
#4988=DIRECTION('',(0.,1.,0.));
#4989=DIRECTION('',(0.,0.,1.));
#4990=DIRECTION('',(1.,0.,1.79454152687256E-16));
#4991=DIRECTION('',(0.,1.,0.));
#4992=DIRECTION('',(0.,0.,1.));
#4993=DIRECTION('',(0.,0.,-1.));
#4994=DIRECTION('',(0.,1.22464679914735E-16,-1.));
#4995=DIRECTION('',(0.,1.,1.22464679914735E-16));
#4996=DIRECTION('',(0.,-1.,0.));
#4997=DIRECTION('',(0.,-1.,-1.22464679914735E-16));
#4998=DIRECTION('',(1.,0.,0.));
#4999=DIRECTION('',(0.816496580927723,0.57735026918963,8.50781400426385E-17));
#5000=DIRECTION('',(0.,1.22464679914735E-16,-1.));
#5001=DIRECTION('',(0.,1.,1.22464679914735E-16));
#5002=DIRECTION('',(0.,-1.,-1.22464679914735E-16));
#5003=DIRECTION('',(0.816496580927723,-0.57735026918963,-1.17127518149031E-16));
#5004=DIRECTION('',(1.,0.,0.));
#5005=DIRECTION('',(0.,-1.,-1.22464679914735E-16));
#5006=DIRECTION('',(1.,0.,0.));
#5007=DIRECTION('',(0.,1.,0.));
#5008=DIRECTION('',(-1.,0.,0.));
#5009=DIRECTION('',(0.,-1.,3.46944695195361E-16));
#5010=DIRECTION('',(0.,0.,-1.));
#5011=DIRECTION('',(0.,1.,1.22464679914735E-16));
#5012=DIRECTION('',(-1.,0.,0.));
#5013=DIRECTION('',(0.,-1.,3.46944695195361E-16));
#5014=DIRECTION('',(0.,3.67394039744206E-16,1.));
#5015=DIRECTION('',(-1.,0.,0.));
#5016=DIRECTION('',(0.,0.,-1.));
#5017=DIRECTION('',(0.,-1.,1.83697019872103E-16));
#5018=DIRECTION('',(0.,0.,-1.));
#5019=DIRECTION('',(0.,-1.,1.83697019872103E-16));
#5020=DIRECTION('',(-1.,0.,0.));
#5021=DIRECTION('',(0.,0.,-1.));
#5022=DIRECTION('',(0.,3.67394039744206E-16,1.));
#5023=DIRECTION('',(0.,0.,-1.));
#5024=DIRECTION('',(1.,0.,0.));
#5025=DIRECTION('',(0.,0.,-1.));
#5026=DIRECTION('',(0.,1.,0.));
#5027=DIRECTION('',(1.,0.,0.));
#5028=DIRECTION('',(0.,0.,-1.));
#5029=DIRECTION('',(0.,0.,1.));
#5030=DIRECTION('',(1.,0.,0.));
#5031=DIRECTION('',(0.,0.,-1.));
#5032=DIRECTION('',(0.,-1.,0.));
#5033=DIRECTION('',(1.,0.,0.));
#5034=DIRECTION('',(0.,0.,-1.));
#5035=DIRECTION('',(1.,0.,0.));
#5036=DIRECTION('',(0.,0.,-1.));
#5037=DIRECTION('',(0.,0.,1.));
#5038=DIRECTION('',(1.,0.,0.));
#5039=DIRECTION('',(0.,0.,-1.));
#5040=DIRECTION('',(0.,-1.,-2.66880534765662E-16));
#5041=DIRECTION('',(1.,0.,0.));
#5042=DIRECTION('',(0.,0.,-1.));
#5043=DIRECTION('',(1.,0.,0.));
#5044=DIRECTION('',(0.,0.,-1.));
#5045=DIRECTION('',(0.,-1.,-1.22464679914735E-16));
#5046=DIRECTION('',(0.,-0.5,-0.866025403784439));
#5047=DIRECTION('',(0.,1.,1.26199630540679E-16));
#5048=DIRECTION('',(0.,-0.50000000000001,0.866025403784433));
#5049=DIRECTION('',(0.,-1.,-1.22464679914735E-16));
#5050=DIRECTION('',(0.,0.5,0.866025403784438));
#5051=DIRECTION('',(0.,-1.,0.));
#5052=DIRECTION('',(0.,0.500000000000009,-0.866025403784434));
#5053=DIRECTION('',(0.,-1.,-1.22464679914735E-16));
#5054=DIRECTION('',(1.,0.,0.));
#5055=DIRECTION('',(0.,0.,-1.));
#5056=DIRECTION('',(0.,-1.,0.));
#5057=DIRECTION('',(1.,0.,0.));
#5058=DIRECTION('',(0.,0.,-1.));
#5059=DIRECTION('',(0.,1.22464679914735E-16,-1.));
#5060=DIRECTION('',(0.,1.,1.22464679914735E-16));
#5061=DIRECTION('',(1.,0.,0.));
#5062=DIRECTION('',(0.,-1.,-1.22464679914735E-16));
#5063=DIRECTION('',(1.,0.,0.));
#5064=DIRECTION('',(0.,0.,-1.));
#5065=DIRECTION('',(-1.,0.,0.));
#5066=DIRECTION('',(-1.,0.,0.));
#5067=DIRECTION('',(0.,-1.,0.));
#5068=DIRECTION('',(-0.866025403784439,0.5,0.));
#5069=DIRECTION('',(0.,0.,-1.));
#5070=DIRECTION('',(-1.,0.,0.));
#5071=DIRECTION('',(0.866025403784439,0.5,0.));
#5072=DIRECTION('',(0.,-1.,0.));
#5073=DIRECTION('',(-0.866025403784438,0.5,0.));
#5074=DIRECTION('',(0.,-1.,0.));
#5075=DIRECTION('',(-1.,0.,0.));
#5076=DIRECTION('',(0.,1.,0.));
#5077=DIRECTION('',(-1.,0.,0.));
#5078=DIRECTION('',(0.,-1.,0.));
#5079=DIRECTION('',(0.,0.,-1.));
#5080=DIRECTION('',(-1.,0.,0.));
#5081=DIRECTION('',(0.866025403784439,0.5,0.));
#5082=DIRECTION('',(0.,-1.,0.));
#5083=DIRECTION('',(-1.,0.,0.));
#5084=DIRECTION('',(1.,0.,0.));
#5085=DIRECTION('',(0.,1.,0.));
#5086=DIRECTION('',(0.,0.,1.));
#5087=DIRECTION('',(0.,1.,0.));
#5088=DIRECTION('',(0.,0.,1.));
#5089=DIRECTION('',(0.,1.,0.));
#5090=DIRECTION('',(-1.,0.,0.));
#5091=DIRECTION('',(0.,0.,1.));
#5092=DIRECTION('',(-1.,0.,0.));
#5093=DIRECTION('',(1.,0.,0.));
#5094=DIRECTION('',(0.,0.,-1.));
#5095=DIRECTION('',(0.5,0.866025403784439,0.));
#5096=DIRECTION('',(-0.866025403784439,0.5,0.));
#5097=DIRECTION('',(-1.,0.,0.));
#5098=DIRECTION('',(0.,0.,1.));
#5099=DIRECTION('',(1.,0.,0.));
#5100=DIRECTION('',(0.,0.,-1.));
#5101=DIRECTION('',(-1.,0.,0.));
#5102=DIRECTION('',(0.,0.,1.));
#5103=DIRECTION('',(1.,0.,0.));
#5104=DIRECTION('',(0.,0.,-1.));
#5105=DIRECTION('',(-1.,0.,0.));
#5106=DIRECTION('',(1.,0.,0.));
#5107=DIRECTION('',(0.,0.,-1.));
#5108=DIRECTION('',(-1.,0.,0.));
#5109=DIRECTION('',(0.,0.,1.));
#5110=DIRECTION('',(0.5,-0.866025403784439,0.));
#5111=DIRECTION('',(-0.866025403784439,-0.5,0.));
#5112=DIRECTION('',(0.,0.,-1.));
#5113=DIRECTION('',(-1.,0.,0.));
#5114=DIRECTION('',(-0.866025403784439,0.5,0.));
#5115=DIRECTION('',(1.,0.,0.));
#5116=DIRECTION('',(0.,-1.,0.));
#5117=DIRECTION('',(1.,0.,0.));
#5118=DIRECTION('',(0.866025403784439,0.5,0.));
#5119=DIRECTION('',(0.,-1.,0.));
#5120=DIRECTION('',(-0.866025403784438,0.5,0.));
#5121=DIRECTION('',(0.866025403784439,0.5,0.));
#5122=DIRECTION('',(0.,-1.,0.));
#5123=DIRECTION('',(0.,0.,1.));
#5124=DIRECTION('',(1.,0.,0.));
#5125=DIRECTION('',(1.,0.,0.));
#5126=DIRECTION('',(0.,1.,0.));
#5127=DIRECTION('',(-1.,-1.87537673078574E-16,0.));
#5128=DIRECTION('',(2.66880534765662E-16,-1.,0.));
#5129=DIRECTION('',(0.,-1.,0.));
#5130=DIRECTION('',(1.,2.31296463463574E-15,0.));
#5131=DIRECTION('',(0.,-1.,0.));
#5132=DIRECTION('',(1.,2.31296463463574E-15,0.));
#5133=DIRECTION('',(0.,0.,-1.));
#5134=DIRECTION('',(-1.,0.,0.));
#5135=DIRECTION('',(0.,0.,-1.));
#5136=DIRECTION('',(-1.,0.,0.));
#5137=DIRECTION('',(1.,0.,0.));
#5138=DIRECTION('',(0.,-1.,0.));
#5139=DIRECTION('',(1.,0.,0.));
#5140=DIRECTION('',(-2.66880534765662E-16,1.,0.));
#5141=DIRECTION('',(1.,1.87537673078574E-16,0.));
#5142=DIRECTION('',(1.,0.,0.));
#5143=DIRECTION('',(0.,0.,-1.));
#5144=DIRECTION('',(1.,2.66880534765662E-16,0.));
#5145=DIRECTION('',(-2.66880534765662E-16,1.,0.));
#5146=DIRECTION('',(1.,0.,0.));
#5147=DIRECTION('',(0.,0.,-1.));
#5148=DIRECTION('',(0.,1.22464679914735E-16,-1.));
#5149=DIRECTION('',(0.,1.,1.22464679914735E-16));
#5150=DIRECTION('',(-0.707106781186548,-0.707106781186547,-8.65956056235493E-17));
#5151=DIRECTION('',(0.,1.,1.22464679914735E-16));
#5152=DIRECTION('',(0.,-1.,-1.22464679914735E-16));
#5153=DIRECTION('',(1.,0.,0.));
#5154=DIRECTION('',(1.,0.,0.));
#5155=DIRECTION('',(0.,1.,0.));
#5156=DIRECTION('',(1.,0.,0.));
#5157=DIRECTION('',(0.,0.,-1.));
#5158=DIRECTION('',(1.,0.,0.));
#5159=DIRECTION('',(0.,0.,-1.));
#5160=DIRECTION('',(0.,-1.,-1.22464679914735E-16));
#5161=DIRECTION('',(0.,0.,-1.));
#5162=DIRECTION('',(0.,0.577350269189629,-0.816496580927724));
#5163=DIRECTION('',(1.,0.,0.));
#5164=DIRECTION('',(0.,0.,-1.));
#5165=DIRECTION('',(0.,0.,-1.));
#5166=DIRECTION('',(-1.,0.,0.));
#5167=DIRECTION('',(0.,0.,-1.));
#5168=DIRECTION('',(-1.,0.,0.));
#5169=DIRECTION('',(0.,0.,-1.));
#5170=DIRECTION('',(-1.,0.,0.));
#5171=DIRECTION('',(0.,0.,-1.));
#5172=DIRECTION('',(-1.,0.,0.));
#5173=DIRECTION('',(0.,0.,-1.));
#5174=DIRECTION('',(-1.,0.,0.));
#5175=DIRECTION('',(0.,0.,-1.));
#5176=DIRECTION('',(-1.,0.,0.));
#5177=DIRECTION('',(0.5,0.866025403784439,0.));
#5178=DIRECTION('',(-0.5,0.866025403784439,0.));
#5179=DIRECTION('',(0.,0.,-1.));
#5180=DIRECTION('',(-1.,0.,0.));
#5181=DIRECTION('',(0.5,0.866025403784439,0.));
#5182=DIRECTION('',(-0.5,0.866025403784439,0.));
#5183=DIRECTION('',(0.,0.,-1.));
#5184=DIRECTION('',(-1.,0.,0.));
#5185=DIRECTION('',(0.5,-0.866025403784438,0.));
#5186=DIRECTION('',(0.,0.,-1.));
#5187=DIRECTION('',(-1.,0.,0.));
#5188=DIRECTION('',(0.5,0.866025403784439,0.));
#5189=DIRECTION('',(0.5,-0.866025403784439,0.));
#5190=DIRECTION('',(0.,0.,-1.));
#5191=DIRECTION('',(-1.,0.,0.));
#5192=DIRECTION('',(0.5,0.866025403784439,0.));
#5193=DIRECTION('',(1.,0.,0.));
#5194=DIRECTION('',(0.,0.,-1.));
#5195=DIRECTION('',(-1.,0.,0.));
#5196=DIRECTION('',(1.,0.,0.));
#5197=DIRECTION('',(-1.,0.,0.));
#5198=DIRECTION('',(-1.,0.,0.));
#5199=DIRECTION('',(0.,0.,-1.));
#5200=DIRECTION('',(-1.,0.,0.));
#5201=DIRECTION('',(0.,0.,-1.));
#5202=DIRECTION('',(-1.,0.,0.));
#5203=DIRECTION('',(0.,0.,-1.));
#5204=DIRECTION('',(-1.,0.,0.));
#5205=DIRECTION('',(0.,0.,-1.));
#5206=DIRECTION('',(-1.,0.,0.));
#5207=DIRECTION('',(-1.,0.,0.));
#5208=DIRECTION('',(0.,0.,1.));
#5209=DIRECTION('',(0.,1.,0.));
#5210=DIRECTION('',(0.,0.,1.));
#5211=DIRECTION('',(-1.,0.,0.));
#5212=DIRECTION('',(0.,0.,1.));
#5213=DIRECTION('',(0.,0.,-1.));
#5214=DIRECTION('',(-1.,0.,0.));
#5215=DIRECTION('',(0.,0.,1.));
#5216=DIRECTION('',(-1.,0.,0.));
#5217=DIRECTION('',(1.,0.,0.));
#5218=DIRECTION('',(0.,0.,-1.));
#5219=DIRECTION('',(1.,0.,0.));
#5220=DIRECTION('',(0.,0.,-1.));
#5221=DIRECTION('',(0.,0.,-1.));
#5222=DIRECTION('',(-1.,0.,0.));
#5223=DIRECTION('',(-1.,0.,0.));
#5224=DIRECTION('',(0.,1.,0.));
#5225=DIRECTION('',(0.,-1.,0.));
#5226=DIRECTION('',(-1.,0.,0.));
#5227=DIRECTION('',(0.,0.,1.));
#5228=DIRECTION('',(-1.,0.,0.));
#5229=DIRECTION('',(1.,0.,0.));
#5230=DIRECTION('',(0.,0.,-1.));
#5231=DIRECTION('',(1.,0.,0.));
#5232=DIRECTION('',(0.,0.,-1.));
#5233=DIRECTION('',(0.,1.,0.));
#5234=DIRECTION('',(0.,0.,1.));
#5235=DIRECTION('',(0.,0.,-1.));
#5236=DIRECTION('',(0.,0.,1.));
#5237=DIRECTION('',(-1.,0.,0.));
#5238=DIRECTION('',(0.,0.,1.));
#5239=DIRECTION('',(1.,0.,0.));
#5240=DIRECTION('',(0.,0.,-1.));
#5241=DIRECTION('',(0.707106781186563,0.707106781186532,3.22798614038598E-17));
#5242=DIRECTION('',(0.707106781186532,-0.707106781186563,-3.22798614038612E-17));
#5243=DIRECTION('',(-0.707106781186552,-9.81307786677356E-17,-0.707106781186543));
#5244=DIRECTION('',(0.707106781186543,0.,-0.707106781186552));
#5245=DIRECTION('',(1.,0.,0.));
#5246=DIRECTION('',(0.,1.,0.));
#5247=DIRECTION('',(1.,0.,0.));
#5248=DIRECTION('',(0.,0.,-1.));
#5249=DIRECTION('',(1.,0.,0.));
#5250=DIRECTION('',(0.,0.,-1.));
#5251=DIRECTION('',(1.,0.,0.));
#5252=DIRECTION('',(0.,0.,-1.));
#5253=DIRECTION('',(1.,0.,0.));
#5254=DIRECTION('',(0.,0.,-1.));
#5255=DIRECTION('',(1.,0.,0.));
#5256=DIRECTION('',(0.,0.,-1.));
#5257=DIRECTION('',(1.,0.,0.));
#5258=DIRECTION('',(0.,0.,-1.));
#5259=DIRECTION('',(0.707106781186563,0.707106781186532,3.22798614038598E-17));
#5260=DIRECTION('',(0.707106781186532,-0.707106781186563,-3.22798614038612E-17));
#5261=DIRECTION('',(0.,0.,1.));
#5262=DIRECTION('',(1.,0.,0.));
#5263=DIRECTION('',(0.,0.,1.));
#5264=DIRECTION('',(1.87537673078574E-16,-1.,0.));
#5265=DIRECTION('',(1.,1.87537673078574E-16,0.));
#5266=DIRECTION('',(0.,0.,1.));
#5267=DIRECTION('',(-0.70710678118655,-1.32609160361806E-16,-0.707106781186546));
#5268=DIRECTION('',(0.447213595499959,1.24126707662364E-16,0.894427190999915));
#5269=DIRECTION('',(-2.77555756156289E-16,1.,0.));
#5270=DIRECTION('',(0.894427190999915,0.,-0.44721359549996));
#5271=DIRECTION('',(1.10246663054138E-32,1.,-1.38777878078145E-16));
#5272=DIRECTION('',(-2.77555756156289E-16,1.,0.));
#5273=DIRECTION('',(0.894427190999915,2.0415576918152E-17,-0.44721359549996));
#5274=DIRECTION('',(0.447213595499959,1.24126707662364E-16,0.894427190999915));
#5275=DIRECTION('',(0.894427190999915,-6.20633538311823E-17,-0.44721359549996));
#5276=DIRECTION('',(0.666666666666654,-0.666666666666683,-0.333333333333328));
#5277=DIRECTION('',(1.,2.66880534765662E-16,0.));
#5278=DIRECTION('',(-2.66880534765662E-16,1.,0.));
#5279=DIRECTION('',(1.,2.66880534765662E-16,0.));
#5280=DIRECTION('',(-2.66880534765662E-16,1.,0.));
#5281=DIRECTION('',(1.,0.,0.));
#5282=DIRECTION('',(0.,0.,-1.));
#5283=DIRECTION('',(1.,2.66880534765662E-16,0.));
#5284=DIRECTION('',(-2.66880534765662E-16,1.,0.));
#5285=DIRECTION('',(1.,2.66880534765662E-16,0.));
#5286=DIRECTION('',(-2.66880534765662E-16,1.,0.));
#5287=DIRECTION('',(1.,0.,0.));
#5288=DIRECTION('',(0.,0.,-1.));
#5289=DIRECTION('',(1.,2.66880534765662E-16,0.));
#5290=DIRECTION('',(-2.66880534765662E-16,1.,0.));
#5291=DIRECTION('',(2.66880534765662E-16,-1.,0.));
#5292=DIRECTION('',(0.,0.,-1.));
#5293=DIRECTION('',(0.,0.,-1.));
#5294=DIRECTION('',(1.,2.66880534765662E-16,0.));
#5295=DIRECTION('',(-2.66880534765662E-16,1.,0.));
#5296=DIRECTION('',(0.,-1.,0.));
#5297=DIRECTION('',(0.,0.,-1.));
#5298=DIRECTION('',(-1.,0.,0.));
#5299=DIRECTION('',(0.,0.,1.));
#5300=DIRECTION('',(1.,0.,0.));
#5301=DIRECTION('',(1.,0.,0.));
#5302=DIRECTION('',(0.816496580927726,-0.577350269189626,0.));
#5303=DIRECTION('',(-0.707106781186548,-0.707106781186547,0.));
#5304=DIRECTION('',(1.,0.,0.));
#5305=DIRECTION('',(1.,0.,0.));
#5306=DIRECTION('',(0.816496580927725,0.577350269189627,0.));
#5307=DIRECTION('',(0.,1.,0.));
#5308=DIRECTION('',(0.,0.,1.));
#5309=DIRECTION('',(0.70710678118655,0.,0.707106781186546));
#5310=DIRECTION('',(0.,1.,0.));
#5311=DIRECTION('',(0.,0.,1.));
#5312=DIRECTION('',(1.,0.,0.));
#5313=DIRECTION('',(1.,0.,0.));
#5314=DIRECTION('',(0.,-2.66880534765662E-16,1.));
#5315=DIRECTION('',(0.,-1.,-2.66880534765662E-16));
#5316=DIRECTION('',(1.,0.,0.));
#5317=DIRECTION('',(1.,0.,0.));
#5318=DIRECTION('',(-2.31296463463574E-15,1.,0.));
#5319=DIRECTION('',(-1.,-2.31296463463574E-15,0.));
#5320=DIRECTION('',(0.,0.,-1.));
#5321=DIRECTION('',(1.,2.31296463463574E-15,0.));
#5322=DIRECTION('',(0.,0.,-1.));
#5323=DIRECTION('',(1.,0.,0.));
#5324=DIRECTION('',(0.,0.,-1.));
#5325=DIRECTION('',(0.,0.,-1.));
#5326=DIRECTION('',(0.,-1.,0.));
#5327=DIRECTION('',(-2.31296463463574E-15,1.,0.));
#5328=DIRECTION('',(-1.,-2.31296463463574E-15,0.));
#5329=DIRECTION('',(0.,0.,-1.));
#5330=DIRECTION('',(1.,2.31296463463574E-15,0.));
#5331=DIRECTION('',(1.,0.,0.));
#5332=DIRECTION('',(0.,0.,-1.));
#5333=DIRECTION('',(0.,-1.,0.));
#5334=DIRECTION('',(0.,0.,1.));
#5335=DIRECTION('',(1.,0.,0.));
#5336=DIRECTION('',(0.5,-0.866025403784439,0.));
#5337=DIRECTION('',(0.866025403784439,0.5,0.));
#5338=DIRECTION('',(0.654653670707977,0.377964473009227,0.654653670707977));
#5339=DIRECTION('',(0.,0.,1.));
#5340=DIRECTION('',(0.5,0.866025403784439,0.));
#5341=DIRECTION('',(-0.866025403784439,0.5,0.));
#5342=DIRECTION('',(-0.654653670707977,0.377964473009228,-0.654653670707977));
#5343=DIRECTION('',(0.,0.,1.));
#5344=DIRECTION('',(-1.,0.,0.));
#5345=DIRECTION('',(0.,0.,1.));
#5346=DIRECTION('',(0.5,-0.866025403784438,0.));
#5347=DIRECTION('',(0.866025403784439,0.5,0.));
#5348=DIRECTION('',(0.654653670707977,0.377964473009228,0.654653670707977));
#5349=DIRECTION('',(0.,0.,1.));
#5350=DIRECTION('',(-1.,0.,0.));
#5351=DIRECTION('',(0.,0.,1.));
#5352=DIRECTION('',(0.,0.,1.));
#5353=DIRECTION('',(0.5,0.866025403784439,0.));
#5354=DIRECTION('',(-0.866025403784439,0.5,0.));
#5355=DIRECTION('',(-0.654653670707977,0.377964473009227,-0.654653670707977));
#5356=DIRECTION('',(0.,0.866025403784438,-0.5));
#5357=DIRECTION('',(0.,0.5,0.866025403784439));
#5358=DIRECTION('',(0.,0.866025403784438,-0.5));
#5359=DIRECTION('',(0.,-0.5,-0.866025403784439));
#5360=DIRECTION('',(1.,0.,0.));
#5361=DIRECTION('',(0.,-1.26199630540679E-16,1.));
#5362=DIRECTION('',(0.,-1.,-1.26199630540679E-16));
#5363=DIRECTION('',(1.,0.,0.));
#5364=DIRECTION('',(0.,-0.866025403784433,-0.50000000000001));
#5365=DIRECTION('',(0.,0.50000000000001,-0.866025403784433));
#5366=DIRECTION('',(0.,-0.866025403784433,-0.50000000000001));
#5367=DIRECTION('',(0.,-0.50000000000001,0.866025403784433));
#5368=DIRECTION('',(0.,-0.866025403784438,0.5));
#5369=DIRECTION('',(0.,-0.5,-0.866025403784438));
#5370=DIRECTION('',(0.,-0.866025403784438,0.5));
#5371=DIRECTION('',(0.,-0.5,-0.866025403784438));
#5372=DIRECTION('',(1.,0.,0.));
#5373=DIRECTION('',(0.,0.,-1.));
#5374=DIRECTION('',(-1.,0.,0.));
#5375=DIRECTION('',(1.,0.,0.));
#5376=DIRECTION('',(0.,0.866025403784434,0.500000000000009));
#5377=DIRECTION('',(0.,-0.500000000000009,0.866025403784434));
#5378=DIRECTION('',(0.,0.866025403784434,0.500000000000009));
#5379=DIRECTION('',(0.,-0.500000000000009,0.866025403784434));
#5380=DIRECTION('',(0.,1.,4.56506177888634E-17));
#5381=DIRECTION('',(-1.,0.,0.));
#5382=DIRECTION('',(0.,1.,4.56506177888634E-17));
#5383=DIRECTION('',(0.,-4.56506177888634E-17,1.));
#5384=DIRECTION('',(-0.707106781186547,-3.22798614038605E-17,0.707106781186549));
#5385=DIRECTION('',(0.,-1.,0.));
#5386=DIRECTION('',(1.,0.,0.));
#5387=DIRECTION('',(0.,-1.,0.));
#5388=DIRECTION('',(0.,0.,-1.));
#5389=DIRECTION('',(0.707106781186547,0.,-0.707106781186548));
#5390=DIRECTION('',(0.,0.,-1.));
#5391=DIRECTION('',(-1.,0.,0.));
#5392=DIRECTION('',(0.,1.,0.));
#5393=DIRECTION('',(0.,1.,0.));
#5394=DIRECTION('',(0.,-1.,-1.22464679914735E-16));
#5395=DIRECTION('',(0.,1.22464679914735E-16,-1.));
#5396=DIRECTION('',(0.,-1.,-1.22464679914735E-16));
#5397=DIRECTION('',(0.,1.22464679914735E-16,-1.));
#5398=DIRECTION('',(0.,-1.,-1.22464679914735E-16));
#5399=DIRECTION('',(0.,1.22464679914735E-16,-1.));
#5400=DIRECTION('',(0.,1.,1.22464679914735E-16));
#5401=DIRECTION('',(0.,-1.22464679914735E-16,1.));
#5402=DIRECTION('',(0.,1.,1.22464679914735E-16));
#5403=DIRECTION('',(0.,-1.22464679914735E-16,1.));
#5404=DIRECTION('',(-0.707106781186548,0.,0.707106781186548));
#5405=DIRECTION('',(0.,-1.,0.));
#5406=DIRECTION('',(-0.707106781186548,0.,0.707106781186548));
#5407=DIRECTION('',(0.,-1.,0.));
#5408=DIRECTION('',(-0.707106781186548,0.,-0.707106781186548));
#5409=DIRECTION('',(1.,0.,0.));
#5410=DIRECTION('',(0.,0.,-1.));
#5411=DIRECTION('',(-0.707106781186548,-0.707106781186548,0.));
#5412=DIRECTION('',(0.707106781186548,-0.707106781186548,0.));
#5413=DIRECTION('',(0.,0.,1.));
#5414=DIRECTION('',(-0.707106781186548,-0.707106781186548,4.90653893338679E-15));
#5415=DIRECTION('',(1.,0.,0.));
#5416=DIRECTION('',(0.,0.,-1.));
#5417=DIRECTION('',(-0.707106781186548,0.,0.707106781186548));
#5418=DIRECTION('',(0.707106781186548,0.,0.707106781186548));
#5419=DIRECTION('',(0.,1.,0.));
#5420=DIRECTION('',(-0.707106781186548,0.,0.707106781186548));
#5421=DIRECTION('',(1.,0.,0.));
#5422=DIRECTION('',(0.,0.,-1.));
#5423=DIRECTION('',(-0.707106781186548,0.707106781186548,0.));
#5424=DIRECTION('',(-0.707106781186548,-0.707106781186548,0.));
#5425=DIRECTION('',(0.,0.,-1.));
#5426=DIRECTION('',(-0.707106781186548,0.707106781186548,0.));
#5427=DIRECTION('',(1.,0.,0.));
#5428=DIRECTION('',(0.,0.,-1.));
#5429=DIRECTION('',(-0.707106781186548,0.,-0.707106781186548));
#5430=DIRECTION('',(-0.707106781186548,0.,0.707106781186548));
#5431=DIRECTION('',(0.,-1.,0.));
#5432=DIRECTION('',(-1.,0.,0.));
#5433=DIRECTION('',(0.,0.,1.));
#5434=DIRECTION('',(-0.70710678118655,0.707106781186545,0.));
#5435=DIRECTION('',(0.70710678118655,0.,-0.707106781186545));
#5436=DIRECTION('',(-0.707106781186548,0.,-0.707106781186548));
#5437=DIRECTION('',(0.,1.,0.));
#5438=DIRECTION('',(0.707106781186548,0.,-0.707106781186548));
#5439=DIRECTION('',(0.707106781186548,0.707106781186548,0.));
#5440=DIRECTION('',(0.,0.,-1.));
#5441=DIRECTION('',(-0.707106781186548,0.707106781186548,0.));
#5442=DIRECTION('',(-1.,0.,0.));
#5443=DIRECTION('',(0.,0.,1.));
#5444=DIRECTION('',(0.70710678118655,0.707106781186545,0.));
#5445=DIRECTION('',(-1.,0.,0.));
#5446=DIRECTION('',(0.,0.,1.));
#5447=DIRECTION('',(-0.70710678118655,0.,-0.707106781186545));
#5448=DIRECTION('',(-0.707106781186548,0.707106781186548,0.));
#5449=DIRECTION('',(0.,0.,1.));
#5450=DIRECTION('',(0.707106781186548,0.707106781186548,0.));
#5451=DIRECTION('',(0.707106781186548,0.,-0.707106781186548));
#5452=DIRECTION('',(0.,-1.,0.));
#5453=DIRECTION('',(-0.707106781186548,0.,-0.707106781186548));
#5454=DIRECTION('',(-1.,0.,0.));
#5455=DIRECTION('',(0.,0.,1.));
#5456=DIRECTION('',(0.,0.,-1.));
#5457=DIRECTION('',(-1.,0.,0.));
#5458=DIRECTION('',(-0.612372435695794,-0.353553390593274,0.707106781186548));
#5459=DIRECTION('',(-0.612372435695794,-0.353553390593274,-0.707106781186548));
#5460=DIRECTION('',(0.612372435695795,0.353553390593275,0.707106781186547));
#5461=DIRECTION('',(0.5,-0.866025403784438,0.));
#5462=DIRECTION('',(0.5,-0.866025403784438,0.));
#5463=DIRECTION('',(-0.612372435695793,-0.353553390593275,0.707106781186549));
#5464=DIRECTION('',(-0.612372435695795,-0.353553390593275,0.707106781186547));
#5465=DIRECTION('',(-0.5,0.866025403784439,0.));
#5466=DIRECTION('',(2.8665835232995E-16,-0.894427190999915,-0.447213595499959));
#5467=DIRECTION('',(0.,0.,-1.));
#5468=DIRECTION('',(-1.,0.,0.));
#5469=DIRECTION('',(0.612372435695795,-0.353553390593271,0.707106781186549));
#5470=DIRECTION('',(0.,0.,-1.));
#5471=DIRECTION('',(-1.,0.,0.));
#5472=DIRECTION('',(0.,0.707106781186548,0.707106781186548));
#5473=DIRECTION('',(0.,0.707106781186548,-0.707106781186548));
#5474=DIRECTION('',(-0.612372435695795,0.353553390593275,-0.707106781186547));
#5475=DIRECTION('',(-0.5,-0.866025403784439,0.));
#5476=DIRECTION('',(-0.5,-0.866025403784439,0.));
#5477=DIRECTION('',(0.612372435695793,-0.353553390593276,-0.707106781186548));
#5478=DIRECTION('',(-0.612372435695795,0.353553390593275,0.707106781186547));
#5479=DIRECTION('',(0.5,0.866025403784439,0.));
#5480=DIRECTION('',(-5.22427533646683E-16,-0.894427190999916,0.447213595499959));
#5481=DIRECTION('',(0.,0.,-1.));
#5482=DIRECTION('',(-1.,0.,0.));
#5483=DIRECTION('',(0.612372435695794,-0.353553390593274,0.707106781186548));
#5484=DIRECTION('',(0.612372435695794,0.353553390593274,-0.707106781186548));
#5485=DIRECTION('',(0.,0.707106781186548,0.707106781186548));
#5486=DIRECTION('',(1.,0.,0.));
#5487=DIRECTION('',(1.,0.,0.));
#5488=DIRECTION('',(0.377964473009228,-0.654653670707977,0.654653670707977));
#5489=DIRECTION('',(0.,0.707106781186548,-0.707106781186548));
#5490=DIRECTION('',(-1.,0.,0.));
#5491=DIRECTION('',(0.,0.707106781186548,0.707106781186548));
#5492=DIRECTION('',(0.,0.,-1.));
#5493=DIRECTION('',(-1.,0.,0.));
#5494=DIRECTION('',(-0.612372435695793,-0.353553390593275,-0.707106781186549));
#5495=DIRECTION('',(0.612372435695795,0.353553390593274,0.707106781186547));
#5496=DIRECTION('',(0.5,-0.866025403784439,0.));
#5497=DIRECTION('',(0.5,-0.866025403784439,0.));
#5498=DIRECTION('',(-0.612372435695795,0.353553390593273,0.707106781186547));
#5499=DIRECTION('',(0.5,0.866025403784439,0.));
#5500=DIRECTION('',(0.5,0.866025403784439,0.));
#5501=DIRECTION('',(0.,0.,-1.));
#5502=DIRECTION('',(-1.,0.,0.));
#5503=DIRECTION('',(-0.612372435695794,0.353553390593273,0.707106781186548));
#5504=DIRECTION('',(-0.612372435695795,-0.353553390593274,0.707106781186547));
#5505=DIRECTION('',(-0.5,0.866025403784439,0.));
#5506=DIRECTION('',(2.35769181316732E-16,-0.894427190999916,-0.447213595499958));
#5507=DIRECTION('',(-0.612372435695795,0.353553390593274,-0.707106781186547));
#5508=DIRECTION('',(-0.5,-0.866025403784439,0.));
#5509=DIRECTION('',(0.,0.,-1.));
#5510=DIRECTION('',(-1.,0.,0.));
#5511=DIRECTION('',(-0.430511054390931,0.560945836999625,0.707106781186547));
#5512=DIRECTION('',(-0.43051105439093,0.560945836999621,-0.707106781186551));
#5513=DIRECTION('',(0.,0.,-1.));
#5514=DIRECTION('',(-1.,0.,0.));
#5515=DIRECTION('',(0.,0.,-1.));
#5516=DIRECTION('',(-1.,0.,0.));
#5517=DIRECTION('',(-0.43051105439093,-0.560945836999625,-0.707106781186548));
#5518=DIRECTION('',(0.,0.,1.));
#5519=DIRECTION('',(1.,0.,0.));
#5520=DIRECTION('',(-0.43051105439093,-0.560945836999624,0.707106781186548));
#5521=DIRECTION('',(0.,0.,-1.));
#5522=DIRECTION('',(-1.,0.,0.));
#5523=DIRECTION('',(0.,0.,-1.));
#5524=DIRECTION('',(-1.,0.,0.));
#5525=DIRECTION('',(-0.457813213907723,0.538894294988804,0.707106781186548));
#5526=DIRECTION('',(-0.457813213907726,0.538894294988808,-0.707106781186544));
#5527=DIRECTION('',(0.,0.,-1.));
#5528=DIRECTION('',(-1.,0.,0.));
#5529=DIRECTION('',(0.,0.,-1.));
#5530=DIRECTION('',(-1.,0.,0.));
#5531=DIRECTION('',(-0.457813213907724,-0.538894294988806,-0.707106781186547));
#5532=DIRECTION('',(0.,0.,1.));
#5533=DIRECTION('',(1.,0.,0.));
#5534=DIRECTION('',(-0.457813213907723,-0.538894294988805,0.707106781186548));
#5535=DIRECTION('',(0.,0.,-1.));
#5536=DIRECTION('',(-1.,0.,0.));
#5537=DIRECTION('',(0.5,0.707106781186544,0.5));
#5538=DIRECTION('',(0.707106781186547,0.,-0.707106781186548));
#5539=DIRECTION('',(-0.5,0.707106781186545,-0.5));
#5540=DIRECTION('',(0.707106781186547,3.22798614038605E-17,-0.707106781186549));
#5541=DIRECTION('',(0.707106781186548,0.,-0.707106781186547));
#5542=DIRECTION('',(-0.707106781186547,0.,-0.707106781186548));
#5543=DIRECTION('',(0.,-1.,0.));
#5544=DIRECTION('',(-1.,0.,0.));
#5545=DIRECTION('',(0.,0.,1.));
#5546=DIRECTION('',(0.,-1.,0.));
#5547=DIRECTION('',(0.,-1.,0.));
#5548=DIRECTION('',(1.79454152687256E-16,0.,-1.));
#5549=DIRECTION('',(-1.,0.,-1.79454152687256E-16));
#5550=DIRECTION('',(0.,-1.,0.));
#5551=DIRECTION('',(-1.,-1.21972744404619E-16,-1.79454152687256E-16));
#5552=DIRECTION('',(0.,-1.,0.));
#5553=DIRECTION('',(0.,1.,0.));
#5554=DIRECTION('',(0.,0.,1.));
#5555=DIRECTION('',(0.,1.,0.));
#5556=DIRECTION('',(0.,0.,1.));
#5557=DIRECTION('',(-0.707106781186546,8.65956056235495E-17,-0.707106781186549));
#5558=DIRECTION('',(0.,1.,1.22464679914735E-16));
#5559=DIRECTION('',(0.707106781186546,8.65956056235496E-17,-0.707106781186549));
#5560=DIRECTION('',(0.,1.,1.22464679914735E-16));
#5561=DIRECTION('',(-1.,0.,0.));
#5562=DIRECTION('',(0.,0.,1.));
#5563=DIRECTION('',(-1.,0.,0.));
#5564=DIRECTION('',(0.,0.,1.));
#5565=DIRECTION('',(1.,0.,0.));
#5566=DIRECTION('',(0.,0.,-1.));
#5567=DIRECTION('',(-1.,0.,0.));
#5568=DIRECTION('',(0.,0.,1.));
#5569=DIRECTION('',(1.,0.,0.));
#5570=DIRECTION('',(0.,0.,-1.));
#5571=DIRECTION('',(0.707106781186546,0.,-0.70710678118655));
#5572=DIRECTION('',(0.,1.,0.));
#5573=DIRECTION('',(0.,-1.22464679914735E-16,1.));
#5574=DIRECTION('',(0.,-1.,-1.22464679914735E-16));
#5575=DIRECTION('',(-1.,0.,0.));
#5576=DIRECTION('',(-1.,0.,0.));
#5577=DIRECTION('',(0.707106781186548,0.707106781186547,8.65956056235493E-17));
#5578=DIRECTION('',(-1.,0.,0.));
#5579=DIRECTION('',(0.,0.,1.));
#5580=DIRECTION('',(-1.,0.,0.));
#5581=DIRECTION('',(0.,1.,0.));
#5582=DIRECTION('',(0.,0.,1.));
#5583=DIRECTION('',(0.,0.,-1.));
#5584=DIRECTION('',(0.,-1.,3.67394039744206E-16));
#5585=DIRECTION('',(0.,-3.67394039744206E-16,-1.));
#5586=DIRECTION('',(-1.,0.,0.));
#5587=DIRECTION('',(-1.,0.,0.));
#5588=DIRECTION('',(0.,0.,1.));
#5589=DIRECTION('',(-1.,0.,0.));
#5590=DIRECTION('',(0.,-1.83697019872103E-16,-1.));
#5591=DIRECTION('',(0.,1.,-1.83697019872103E-16));
#5592=DIRECTION('',(-1.,0.,0.));
#5593=DIRECTION('',(-0.707106781186548,-0.707106781186547,1.29893408435324E-16));
#5594=DIRECTION('',(0.,1.,0.));
#5595=DIRECTION('',(0.,0.,1.));
#5596=DIRECTION('',(-1.,0.,0.));
#5597=DIRECTION('',(0.,0.,-1.));
#5598=DIRECTION('',(0.,1.83697019872103E-16,1.));
#5599=DIRECTION('',(0.,-1.,1.83697019872103E-16));
#5600=DIRECTION('',(0.,1.,0.));
#5601=DIRECTION('',(-0.707106781186547,0.707106781186548,-1.29893408435324E-16));
#5602=DIRECTION('',(-1.,0.,0.));
#5603=DIRECTION('',(0.707106781186548,0.707106781186547,-1.29893408435324E-16));
#5604=DIRECTION('',(-1.,0.,0.));
#5605=DIRECTION('',(0.,0.,1.));
#5606=DIRECTION('',(-1.,0.,0.));
#5607=DIRECTION('',(0.,1.,-3.67394039744206E-16));
#5608=DIRECTION('',(0.,3.67394039744206E-16,1.));
#5609=DIRECTION('',(-1.,0.,0.));
#5610=DIRECTION('',(-1.,0.,0.));
#5611=DIRECTION('',(0.,0.,1.));
#5612=DIRECTION('',(0.707106781186563,0.707106781186532,3.22798614038598E-17));
#5613=DIRECTION('',(-1.26705917393897E-32,4.56506177888634E-17,-1.));
#5614=DIRECTION('',(0.707106781186547,-0.707106781186548,0.));
#5615=DIRECTION('',(0.,0.,-1.));
#5616=DIRECTION('',(0.,0.,1.));
#5617=DIRECTION('',(1.,0.,0.));
#5618=DIRECTION('',(0.,1.,0.));
#5619=DIRECTION('',(0.,0.,-1.));
#5620=DIRECTION('',(-0.707106781186548,-0.707106781186547,0.));
#5621=DIRECTION('',(0.,0.,1.));
#5622=DIRECTION('',(0.707106781186548,0.,-0.707106781186548));
#5623=DIRECTION('',(-0.707106781186548,0.,-0.707106781186548));
#5624=DIRECTION('',(-1.22464679914735E-16,-1.,-1.22464679914735E-16));
#5625=DIRECTION('',(1.22464679914735E-16,1.,1.22464679914735E-16));
#5626=DIRECTION('',(0.,-1.22464679914735E-16,1.));
#5627=DIRECTION('',(0.,1.,0.));
#5628=DIRECTION('',(0.,0.,1.));
#5629=DIRECTION('',(0.,1.,0.));
#5630=DIRECTION('',(0.,0.,1.));
#5631=DIRECTION('',(1.,2.66880534765662E-16,0.));
#5632=DIRECTION('',(-2.66880534765662E-16,1.,0.));
#5633=DIRECTION('',(1.,2.66880534765662E-16,0.));
#5634=DIRECTION('',(-2.66880534765662E-16,1.,0.));
#5635=DIRECTION('',(1.,2.66880534765662E-16,0.));
#5636=DIRECTION('',(-2.66880534765662E-16,1.,0.));
#5637=DIRECTION('',(1.,0.,0.));
#5638=DIRECTION('',(0.,0.,-1.));
#5639=DIRECTION('',(1.,0.,0.));
#5640=DIRECTION('',(1.,0.,0.));
#5641=DIRECTION('',(1.,0.,0.));
#5642=DIRECTION('',(0.,0.,-1.));
#5643=DIRECTION('',(1.,0.,0.));
#5644=DIRECTION('',(1.,0.,0.));
#5645=DIRECTION('',(1.,0.,0.));
#5646=DIRECTION('',(0.,0.,-1.));
#5647=DIRECTION('',(1.,0.,0.));
#5648=DIRECTION('',(0.,0.,-1.));
#5649=DIRECTION('',(0.,0.,1.));
#5650=DIRECTION('',(1.,0.,0.));
#5651=DIRECTION('',(-1.,-1.21972744404619E-16,0.));
#5652=DIRECTION('',(1.,0.,0.));
#5653=DIRECTION('',(0.,0.,-1.));
#5654=DIRECTION('',(1.,0.,0.));
#5655=DIRECTION('',(0.,0.,-1.));
#5656=DIRECTION('',(0.,-1.,0.));
#5657=DIRECTION('',(1.,0.,0.));
#5658=DIRECTION('',(-0.707106781186548,0.,0.707106781186548));
#5659=DIRECTION('',(-1.,0.,0.));
#5660=DIRECTION('',(-0.707106781186548,0.,-0.707106781186548));
#5661=DIRECTION('',(0.5,0.707106781186547,-0.5));
#5662=DIRECTION('',(0.707106781186548,0.,0.707106781186548));
#5663=DIRECTION('',(-0.28108463771482,0.678598344545847,0.678598344545847));
#5664=DIRECTION('',(0.,0.707106781186547,-0.707106781186548));
#5665=DIRECTION('',(1.,0.,0.));
#5666=DIRECTION('',(0.281084637714818,0.678598344545848,0.678598344545847));
#5667=DIRECTION('',(-0.5,0.707106781186546,-0.5));
#5668=DIRECTION('',(0.707106781186548,0.,-0.707106781186548));
#5669=DIRECTION('',(1.21972744404619E-16,-1.,0.));
#5670=DIRECTION('',(1.,1.21972744404619E-16,0.));
#5671=DIRECTION('',(1.,1.21972744404619E-16,1.79454152687256E-16));
#5672=DIRECTION('',(-0.894427190999915,-1.09095739156374E-16,0.44721359549996));
#5673=DIRECTION('',(2.13141002965684E-16,-0.707106781186548,-0.707106781186547));
#5674=DIRECTION('',(1.,1.21972744404619E-16,1.79454152687256E-16));
#5675=DIRECTION('',(2.13141002965684E-16,-0.707106781186548,-0.707106781186547));
#5676=DIRECTION('',(0.942809041582063,0.235702260395517,-0.235702260395517));
#5677=DIRECTION('',(-1.,0.,0.));
#5678=DIRECTION('',(0.,0.,1.));
#5679=DIRECTION('',(0.,0.,-1.));
#5680=DIRECTION('',(0.,1.,0.));
#5681=DIRECTION('',(0.,1.,-1.38777878078145E-16));
#5682=DIRECTION('',(0.,-1.,0.));
#5683=DIRECTION('',(0.,0.,-1.));
#5684=DIRECTION('',(-0.850650808352039,0.,-0.525731112119135));
#5685=DIRECTION('',(0.,-1.,0.));
#5686=DIRECTION('',(0.,0.,-1.));
#5687=DIRECTION('',(0.,-1.,0.));
#5688=DIRECTION('',(0.,0.,-1.));
#5689=DIRECTION('',(-0.894427190999916,0.,0.447213595499959));
#5690=DIRECTION('',(0.850650808352041,0.,0.525731112119131));
#5691=DIRECTION('',(0.,0.,-1.));
#5692=DIRECTION('',(0.,-1.,0.));
#5693=DIRECTION('',(0.,0.,-1.));
#5694=DIRECTION('',(0.,-1.,0.));
#5695=DIRECTION('',(0.,0.,-1.));
#5696=DIRECTION('',(0.,0.,-1.));
#5697=DIRECTION('',(-0.850650808352041,0.,-0.525731112119131));
#5698=DIRECTION('',(0.894427190999916,0.,-0.447213595499959));
#5699=DIRECTION('',(0.,-1.,0.));
#5700=DIRECTION('',(0.,0.,-1.));
#5701=DIRECTION('',(-1.,0.,0.));
#5702=DIRECTION('',(0.,0.,1.));
#5703=DIRECTION('',(0.,1.,0.));
#5704=DIRECTION('',(0.,1.,-1.38777878078145E-16));
#5705=DIRECTION('',(0.447213595499959,1.24126707662364E-16,0.894427190999916));
#5706=DIRECTION('',(2.77555756156289E-16,-1.,0.));
#5707=DIRECTION('',(-1.23259516440783E-32,-1.,1.38777878078145E-16));
#5708=DIRECTION('',(0.894427190999915,2.0415576918152E-17,-0.44721359549996));
#5709=DIRECTION('',(-0.447213595499959,0.,-0.894427190999915));
#5710=DIRECTION('',(-0.894427190999917,-1.55158384577955E-14,0.447213595499957));
#5711=DIRECTION('',(0.447213595499957,0.,0.894427190999917));
#5712=DIRECTION('',(0.525731112119135,-1.18051514168555E-16,-0.850650808352039));
#5713=DIRECTION('',(0.,1.,-1.38777878078145E-16));
#5714=DIRECTION('',(0.525731112119131,-1.18051514168555E-16,-0.850650808352041));
#5715=DIRECTION('',(0.,1.,-1.38777878078145E-16));
#5716=DIRECTION('',(0.,1.,0.));
#5717=DIRECTION('',(0.,0.,1.));
#5718=DIRECTION('',(0.,1.,0.));
#5719=DIRECTION('',(0.,0.,1.));
#5720=DIRECTION('',(0.,1.,0.));
#5721=DIRECTION('',(0.,1.,0.));
#5722=DIRECTION('',(0.,1.,0.));
#5723=DIRECTION('',(0.,1.,0.));
#5724=DIRECTION('',(0.,0.,-1.));
#5725=DIRECTION('',(-1.,0.,0.));
#5726=DIRECTION('',(0.,1.,0.));
#5727=DIRECTION('',(-1.,0.,0.));
#5728=DIRECTION('',(-1.,0.,0.));
#5729=DIRECTION('',(0.,0.,1.));
#5730=DIRECTION('',(0.,1.,0.));
#5731=DIRECTION('',(0.,0.,1.));
#5732=DIRECTION('',(0.,0.,1.));
#5733=DIRECTION('',(1.,0.,0.));
#5734=DIRECTION('',(0.,1.,0.));
#5735=DIRECTION('',(1.,0.,0.));
#5736=DIRECTION('',(0.,1.,0.));
#5737=DIRECTION('',(0.,1.,0.));
#5738=DIRECTION('',(0.,1.,0.));
#5739=DIRECTION('',(0.,1.,0.));
#5740=DIRECTION('',(0.,0.,-1.));
#5741=DIRECTION('',(-1.,0.,0.));
#5742=DIRECTION('',(0.,1.,0.));
#5743=DIRECTION('',(-1.,0.,0.));
#5744=DIRECTION('',(-1.,0.,0.));
#5745=DIRECTION('',(1.,0.,0.));
#5746=DIRECTION('',(0.,0.,-1.));
#5747=DIRECTION('',(0.,1.,0.));
#5748=DIRECTION('',(0.,0.,-1.));
#5749=DIRECTION('',(0.,0.,-1.));
#5750=DIRECTION('',(0.,0.,1.));
#5751=DIRECTION('',(1.,0.,0.));
#5752=DIRECTION('',(0.,1.,0.));
#5753=DIRECTION('',(1.,0.,0.));
#5754=DIRECTION('',(1.,0.,0.));
#5755=DIRECTION('',(0.,1.,0.));
#5756=DIRECTION('',(-1.,0.,0.));
#5757=DIRECTION('',(-1.,0.,0.));
#5758=DIRECTION('',(0.,0.,-1.));
#5759=DIRECTION('',(1.,0.,0.));
#5760=DIRECTION('',(-1.,0.,0.));
#5761=DIRECTION('',(0.,0.,1.));
#5762=DIRECTION('',(1.,0.,0.));
#5763=DIRECTION('',(0.,1.,0.));
#5764=DIRECTION('',(0.,0.,1.));
#5765=DIRECTION('',(0.,0.,-1.));
#5766=DIRECTION('',(-1.,0.,0.));
#5767=DIRECTION('',(0.,1.,0.));
#5768=DIRECTION('',(-1.,0.,0.));
#5769=DIRECTION('',(0.,1.,0.));
#5770=DIRECTION('',(-1.,0.,0.));
#5771=DIRECTION('',(0.,0.,1.));
#5772=DIRECTION('',(0.,1.,0.));
#5773=DIRECTION('',(0.,0.,1.));
#5774=DIRECTION('',(0.,0.,1.));
#5775=DIRECTION('',(1.,0.,0.));
#5776=DIRECTION('',(0.,1.,0.));
#5777=DIRECTION('',(1.,0.,0.));
#5778=DIRECTION('',(1.,0.,0.));
#5779=DIRECTION('',(0.,0.,-1.));
#5780=DIRECTION('',(0.,0.,-1.));
#5781=DIRECTION('',(0.,1.,0.));
#5782=DIRECTION('',(-1.,0.,0.));
#5783=DIRECTION('',(0.,0.,-1.));
#5784=DIRECTION('',(-1.,0.,0.));
#5785=DIRECTION('',(0.,0.,1.));
#5786=DIRECTION('',(1.,0.,0.));
#5787=DIRECTION('',(1.10141173077892E-16,0.,1.));
#5788=DIRECTION('',(1.,0.,-1.10141173077892E-16));
#5789=DIRECTION('',(0.,1.,0.));
#5790=DIRECTION('',(1.,0.,-1.10141173077892E-16));
#5791=DIRECTION('',(0.,1.,0.));
#5792=DIRECTION('',(-1.,0.,3.05006325446472E-16));
#5793=DIRECTION('',(3.05006325446472E-16,0.,1.));
#5794=DIRECTION('',(0.,1.,0.));
#5795=DIRECTION('',(3.05006325446472E-16,0.,1.));
#5796=DIRECTION('',(0.,1.,0.));
#5797=DIRECTION('',(3.02888225964205E-16,0.,1.));
#5798=DIRECTION('',(1.,0.,-3.02888225964205E-16));
#5799=DIRECTION('',(0.,1.,0.));
#5800=DIRECTION('',(1.,0.,-3.02888225964205E-16));
#5801=DIRECTION('',(0.,1.,0.));
#5802=DIRECTION('',(-1.,0.,0.));
#5803=DIRECTION('',(0.,0.,1.));
#5804=DIRECTION('',(0.,1.,0.));
#5805=DIRECTION('',(0.,0.,1.));
#5806=DIRECTION('',(0.,1.,0.));
#5807=DIRECTION('',(0.,1.,0.));
#5808=DIRECTION('',(-1.,0.,0.));
#5809=DIRECTION('',(0.,1.,0.));
#5810=DIRECTION('',(0.,0.,1.));
#5811=DIRECTION('',(1.,0.,-1.10141173077892E-16));
#5812=DIRECTION('',(0.,1.,0.));
#5813=DIRECTION('',(0.,0.,1.));
#5814=DIRECTION('',(3.05006325446472E-16,0.,1.));
#5815=DIRECTION('',(0.,1.,0.));
#5816=DIRECTION('',(0.,0.,1.));
#5817=DIRECTION('',(1.,0.,-3.02888225964205E-16));
#5818=DIRECTION('',(0.,1.,0.));
#5819=DIRECTION('',(0.,0.,1.));
#5820=DIRECTION('',(0.,0.,1.));
#5821=DIRECTION('',(0.,-1.,0.));
#5822=DIRECTION('',(0.,0.,-1.));
#5823=DIRECTION('',(0.,1.,0.));
#5824=DIRECTION('',(0.,0.,1.));
#5825=DIRECTION('',(0.,1.,0.));
#5826=DIRECTION('',(0.,0.,1.));
#5827=DIRECTION('',(0.,1.,0.));
#5828=DIRECTION('',(0.,0.,1.));
#5829=DIRECTION('',(0.,-1.,0.));
#5830=DIRECTION('',(0.,0.,-1.));
#5831=DIRECTION('',(0.,1.,0.));
#5832=DIRECTION('',(0.,0.,1.));
#5833=DIRECTION('',(0.,1.,0.));
#5834=DIRECTION('',(0.,0.,1.));
#5835=DIRECTION('',(0.,1.,0.));
#5836=DIRECTION('',(0.,0.,1.));
#5837=DIRECTION('',(1.,0.,0.));
#5838=DIRECTION('',(0.,0.,-1.));
#5839=DIRECTION('',(0.707106781186548,0.,0.707106781186548));
#5840=DIRECTION('',(0.707106781186548,0.,-0.707106781186548));
#5841=DIRECTION('',(0.707106781186548,0.,-0.707106781186548));
#5842=DIRECTION('',(-0.707106781186548,0.,-0.707106781186548));
#5843=DIRECTION('',(0.,0.,-1.));
#5844=DIRECTION('',(-1.,0.,0.));
#5845=DIRECTION('',(-0.707106781186548,0.,-0.707106781186548));
#5846=DIRECTION('',(-0.707106781186548,0.,0.707106781186548));
#5847=DIRECTION('',(0.,0.,1.));
#5848=DIRECTION('',(1.,0.,0.));
#5849=DIRECTION('',(-0.707106781186548,0.,0.707106781186548));
#5850=DIRECTION('',(-0.707106781186548,0.,-0.707106781186548));
#5851=DIRECTION('',(-1.,0.,0.));
#5852=DIRECTION('',(0.,0.,1.));
#5853=DIRECTION('',(0.703568364724804,0.,-0.710627579086588));
#5854=DIRECTION('',(-0.710627579086588,0.,-0.703568364724804));
#5855=DIRECTION('',(0.,0.,1.));
#5856=DIRECTION('',(1.,0.,0.));
#5857=DIRECTION('',(0.715280598786709,0.,0.698837366630696));
#5858=DIRECTION('',(0.698837366630697,0.,-0.715280598786709));
#5859=DIRECTION('',(1.,0.,0.));
#5860=DIRECTION('',(0.,0.,-1.));
#5861=DIRECTION('',(1.,0.,0.));
#5862=DIRECTION('',(0.,0.,-1.));
#5863=DIRECTION('',(-1.,0.,0.));
#5864=DIRECTION('',(0.,0.,1.));
#5865=DIRECTION('',(-0.707106781186548,0.,-0.707106781186548));
#5866=DIRECTION('',(-0.707106781186548,0.,0.707106781186548));
#5867=DIRECTION('',(1.,0.,0.));
#5868=DIRECTION('',(0.,0.,-1.));
#5869=DIRECTION('',(0.707106781186548,0.,-0.707106781186548));
#5870=DIRECTION('',(0.707106781186548,0.,0.707106781186548));
#5871=DIRECTION('',(0.,0.,-1.));
#5872=DIRECTION('',(-1.,0.,0.));
#5873=DIRECTION('',(0.716087575957772,0.,0.698010446597272));
#5874=DIRECTION('',(0.698010446597272,0.,-0.716087575957772));
#5875=DIRECTION('',(0.,0.,-1.));
#5876=DIRECTION('',(-1.,0.,0.));
#5877=DIRECTION('',(0.707106781186548,0.,-0.707106781186548));
#5878=DIRECTION('',(-0.707106781186548,0.,-0.707106781186548));
#5879=DIRECTION('',(1.,0.,0.));
#5880=DIRECTION('',(0.,0.,-1.));
#5881=DIRECTION('',(1.,0.,0.));
#5882=DIRECTION('',(0.,0.,-1.));
#5883=DIRECTION('',(-1.,0.,0.));
#5884=DIRECTION('',(0.,0.,1.));
#5885=DIRECTION('',(-0.707106781186548,0.,0.707106781186548));
#5886=DIRECTION('',(0.707106781186548,0.,0.707106781186548));
#5887=DIRECTION('',(1.,0.,0.));
#5888=DIRECTION('',(0.,0.,-1.));
#5889=DIRECTION('',(0.707106781186548,0.,0.707106781186548));
#5890=DIRECTION('',(-0.707106781186548,0.,0.707106781186548));
#5891=DIRECTION('',(0.,0.,1.));
#5892=DIRECTION('',(1.,0.,0.));
#5893=DIRECTION('',(1.,0.,-3.02888225964205E-16));
#5894=DIRECTION('',(-3.02888225964205E-16,0.,-1.));
#5895=DIRECTION('',(-1.,0.,0.));
#5896=DIRECTION('',(0.,0.,1.));
#5897=DIRECTION('',(1.,0.,0.));
#5898=DIRECTION('',(0.,0.,-1.));
#5899=DIRECTION('',(0.,1.,0.));
#5900=DIRECTION('',(0.,0.,1.));
#5901=DIRECTION('',(0.,0.,1.));
#5902=DIRECTION('',(1.,0.,0.));
#5903=DIRECTION('',(0.,1.,0.));
#5904=DIRECTION('',(0.,0.,1.));
#5905=DIRECTION('',(0.,0.,1.));
#5906=DIRECTION('',(1.,0.,0.));
#5907=DIRECTION('',(3.05006325446472E-16,0.,1.));
#5908=DIRECTION('',(1.,0.,-3.05006325446472E-16));
#5909=DIRECTION('',(0.,0.,1.));
#5910=DIRECTION('',(1.,0.,0.));
#5911=DIRECTION('',(0.,0.,-1.));
#5912=DIRECTION('',(-1.,0.,0.));
#5913=DIRECTION('',(0.,0.,1.));
#5914=DIRECTION('',(1.,0.,0.));
#5915=DIRECTION('',(0.,1.,0.));
#5916=DIRECTION('',(0.,0.,1.));
#5917=DIRECTION('',(-1.,0.,0.));
#5918=DIRECTION('',(0.,0.,1.));
#5919=DIRECTION('',(0.,1.,0.));
#5920=DIRECTION('',(0.,0.,1.));
#5921=DIRECTION('',(1.,0.,0.));
#5922=DIRECTION('',(0.,0.,-1.));
#5923=DIRECTION('',(-1.,0.,1.10141173077892E-16));
#5924=DIRECTION('',(1.10141173077892E-16,0.,1.));
#5925=CARTESIAN_POINT('',(0.,0.,0.));
#5926=CARTESIAN_POINT('',(0.0295,0.029,-0.0081875));
#5927=CARTESIAN_POINT('',(0.00382808155699722,0.029,-0.014375));
#5928=CARTESIAN_POINT('',(0.00407414272474513,0.029,-0.014375));
#5929=CARTESIAN_POINT('',(0.00358202038924931,0.029,-0.014375));
#5930=CARTESIAN_POINT('',(0.00407414272474513,0.029,-0.0122577618164967));
#5931=CARTESIAN_POINT('',(0.00407414272474513,0.029,-0.0101405236329935));
#5932=CARTESIAN_POINT('',(0.00382808155699722,0.029,-0.0101405236329935));
#5933=CARTESIAN_POINT('',(0.00358202038924931,0.029,-0.0101405236329935));
#5934=CARTESIAN_POINT('',(0.00358202038924931,0.029,-0.0122577618164967));
#5935=CARTESIAN_POINT('',(0.00806811862835959,0.029,-0.0106877896200185));
#5936=CARTESIAN_POINT('',(0.00861538461538462,0.029,-0.0112350556070435));
#5937=CARTESIAN_POINT('',(0.00861538461538462,0.029,-0.0122174467099166));
#5938=CARTESIAN_POINT('',(0.00806811862835959,0.029,-0.0106877896200185));
#5939=CARTESIAN_POINT('',(0.00861538461538462,0.029,-0.0122174467099166));
#5940=CARTESIAN_POINT('',(0.00653290083410565,0.029,-0.0101405236329935));
#5941=CARTESIAN_POINT('',(0.00752085264133457,0.029,-0.0101405236329935));
#5942=CARTESIAN_POINT('',(0.00806811862835959,0.029,-0.0106877896200185));
#5943=CARTESIAN_POINT('',(0.00653290083410565,0.029,-0.0101405236329935));
#5944=CARTESIAN_POINT('',(0.00588415199258573,0.029,-0.0101405236329935));
#5945=CARTESIAN_POINT('',(0.0052354031510658,0.029,-0.0101405236329935));
#5946=CARTESIAN_POINT('',(0.0052354031510658,0.029,-0.0122577618164967));
#5947=CARTESIAN_POINT('',(0.0052354031510658,0.029,-0.014375));
#5948=CARTESIAN_POINT('',(0.00582205746061168,0.029,-0.014375));
#5949=CARTESIAN_POINT('',(0.00640871177015755,0.029,-0.014375));
#5950=CARTESIAN_POINT('',(0.00804633920296571,0.029,-0.0138203197405004));
#5951=CARTESIAN_POINT('',(0.0074772937905468,0.029,-0.014375));
#5952=CARTESIAN_POINT('',(0.00640871177015755,0.029,-0.014375));
#5953=CARTESIAN_POINT('',(0.00804633920296571,0.029,-0.0138203197405004));
#5954=CARTESIAN_POINT('',(0.00861538461538462,0.029,-0.0122174467099166));
#5955=CARTESIAN_POINT('',(0.00861538461538462,0.029,-0.0132656394810009));
#5956=CARTESIAN_POINT('',(0.00804633920296571,0.029,-0.0138203197405004));
#5957=CARTESIAN_POINT('',(0.0295,0.029,-0.0081875));
#5958=CARTESIAN_POINT('',(0.0295,0.029,-0.00075));
#5959=CARTESIAN_POINT('',(0.0295,0.029,-0.00604214021267309));
#5960=CARTESIAN_POINT('',(0.02775,0.029,-0.00604214021267309));
#5961=CARTESIAN_POINT('',(0.02775,0.029,-0.00604214021267309));
#5962=CARTESIAN_POINT('',(0.02775,0.029,-0.0081875));
#5963=CARTESIAN_POINT('',(0.02775,0.029,-0.00970785978732689));
#5964=CARTESIAN_POINT('',(0.0295,0.029,-0.00970785978732689));
#5965=CARTESIAN_POINT('',(0.0295,0.029,-0.00970785978732689));
#5966=CARTESIAN_POINT('',(0.0295,0.029,-0.0081875));
#5967=CARTESIAN_POINT('',(0.0295,0.029,-0.016375));
#5968=CARTESIAN_POINT('',(0.0295,0.029,-0.016375));
#5969=CARTESIAN_POINT('',(0.,0.029,-0.016375));
#5970=CARTESIAN_POINT('',(0.,0.029,-0.0081875));
#5971=CARTESIAN_POINT('',(0.,0.029,-0.00075));
#5972=CARTESIAN_POINT('',(0.00075,0.029,-0.00075));
#5973=CARTESIAN_POINT('',(0.00075,0.029,5.0928047698459E-18));
#5974=CARTESIAN_POINT('',(0.0295,0.029,5.0928047698459E-18));
#5975=CARTESIAN_POINT('',(0.00475,0.029,5.0928047698459E-18));
#5976=CARTESIAN_POINT('',(0.02121875,0.029,-0.01646875));
#5977=CARTESIAN_POINT('',(0.00575,0.029,-0.001));
#5978=CARTESIAN_POINT('',(0.01475,0.029,-0.001));
#5979=CARTESIAN_POINT('',(0.01975,0.029,-0.001));
#5980=CARTESIAN_POINT('',(0.02103125,0.029,0.000281250000000023));
#5981=CARTESIAN_POINT('',(0.02075,0.029,5.0928047698459E-18));
#5982=CARTESIAN_POINT('',(0.0295,0.029,5.0928047698459E-18));
#5983=CARTESIAN_POINT('',(0.02875,0.029,5.0928047698459E-18));
#5984=CARTESIAN_POINT('',(0.02875,0.029,-0.00075));
#5985=CARTESIAN_POINT('',(0.01,0.029,-0.0086875));
#5986=CARTESIAN_POINT('',(0.01,0.029,-0.012375));
#5987=CARTESIAN_POINT('',(0.01,0.029,-0.005));
#5988=CARTESIAN_POINT('',(0.012,0.029,-0.012375));
#5989=CARTESIAN_POINT('',(0.012,0.029,-0.014375));
#5990=CARTESIAN_POINT('',(0.017875,0.029,-0.014375));
#5991=CARTESIAN_POINT('',(0.02375,0.029,-0.014375));
#5992=CARTESIAN_POINT('',(0.02375,0.029,-0.012375));
#5993=CARTESIAN_POINT('',(0.02575,0.029,-0.012375));
#5994=CARTESIAN_POINT('',(0.02575,0.029,-0.0086875));
#5995=CARTESIAN_POINT('',(0.02575,0.029,-0.005));
#5996=CARTESIAN_POINT('',(0.02375,0.029,-0.005));
#5997=CARTESIAN_POINT('',(0.02375,0.029,-0.003));
#5998=CARTESIAN_POINT('',(0.017875,0.029,-0.003));
#5999=CARTESIAN_POINT('',(0.012,0.029,-0.003));
#6000=CARTESIAN_POINT('',(0.012,0.029,-0.005));
#6001=CARTESIAN_POINT('',(0.0175,0.0075,-0.020377));
#6002=CARTESIAN_POINT('',(0.0175,0.0145,-0.008));
#6003=CARTESIAN_POINT('',(0.0175,0.006,-0.008));
#6004=CARTESIAN_POINT('',(0.0175,0.01025,-0.008));
#6005=CARTESIAN_POINT('',(0.0175,0.0015,-0.008));
#6006=CARTESIAN_POINT('',(0.0175,0.00175,-0.008));
#6007=CARTESIAN_POINT('',(0.0175,0.00175,-0.00975));
#6008=CARTESIAN_POINT('',(0.0175,0.00175,-0.00925));
#6009=CARTESIAN_POINT('',(0.0175,0.0075,-0.00925));
#6010=CARTESIAN_POINT('',(0.0175,0.01375,-0.00925));
#6011=CARTESIAN_POINT('',(0.0175,0.01375,-0.020377));
#6012=CARTESIAN_POINT('',(0.0175,0.01375,-0.008));
#6013=CARTESIAN_POINT('',(0.0175,0.01025,-0.008));
#6014=CARTESIAN_POINT('',(-0.02375,0.0025,-0.0065));
#6015=CARTESIAN_POINT('',(0.009375,0.0025,-0.0065));
#6016=CARTESIAN_POINT('',(0.00125,0.0025,-0.0065));
#6017=CARTESIAN_POINT('',(0.0145,0.0025,-0.0065));
#6018=CARTESIAN_POINT('',(-0.0161,0.0025,0.0088));
#6019=CARTESIAN_POINT('',(0.0149472135955,0.0025,-0.00672360679774997));
#6020=CARTESIAN_POINT('',(0.0145,0.0025,-0.007));
#6021=CARTESIAN_POINT('',(0.0145,0.0025,-0.007));
#6022=CARTESIAN_POINT('',(0.0145,0.0025,-0.0065));
#6023=CARTESIAN_POINT('',(0.0145,0.0025,-0.0075));
#6024=CARTESIAN_POINT('',(-0.02375,0.0025,-0.0075));
#6025=CARTESIAN_POINT('',(0.,0.0025,-0.0075));
#6026=CARTESIAN_POINT('',(0.,0.0025,-0.0101875));
#6027=CARTESIAN_POINT('',(0.,0.0025,-0.0055));
#6028=CARTESIAN_POINT('',(-0.02375,0.0025,-0.0055));
#6029=CARTESIAN_POINT('',(0.00125,0.0025,-0.0055));
#6030=CARTESIAN_POINT('',(0.00125,0.0025,-0.0065));
#6031=CARTESIAN_POINT('',(0.00175,0.00125,-0.012125));
#6032=CARTESIAN_POINT('',(0.00175,0.00125,-0.012125));
#6033=CARTESIAN_POINT('',(0.00175,0.00125,-0.005));
#6034=CARTESIAN_POINT('',(0.00175,0.00125,1.7145666890944E-18));
#6035=CARTESIAN_POINT('',(-0.000625,0.003625,-0.007375));
#6036=CARTESIAN_POINT('',(0.0015,0.0015,-0.00525));
#6037=CARTESIAN_POINT('',(0.0015,0.0015,-0.004998));
#6038=CARTESIAN_POINT('',(0.0015,0.0015,-0.0065));
#6039=CARTESIAN_POINT('',(0.00175,0.00125,-0.0065));
#6040=CARTESIAN_POINT('',(0.00125,0.00175,-0.0065));
#6041=CARTESIAN_POINT('',(0.00125,0.00175,-0.0101875));
#6042=CARTESIAN_POINT('',(0.00125,0.00175,1.75564224216936E-18));
#6043=CARTESIAN_POINT('',(0.009,-0.006,8.06540972830158E-19));
#6044=CARTESIAN_POINT('',(-0.229067621135331,0.00125,-0.012125));
#6045=CARTESIAN_POINT('',(-0.229067621135331,0.00125,-0.0075));
#6046=CARTESIAN_POINT('',(0.017059016994375,0.00125,-0.0075));
#6047=CARTESIAN_POINT('',(0.018,0.00125,-0.0075));
#6048=CARTESIAN_POINT('',(0.011611803398875,0.00125,-0.00477639320225002));
#6049=CARTESIAN_POINT('',(0.012059016994375,0.00125,-0.005));
#6050=CARTESIAN_POINT('',(0.01025,0.00125,-0.005));
#6051=CARTESIAN_POINT('',(0.0170857864376269,0.00125,-0.005));
#6052=CARTESIAN_POINT('',(0.0170857864376269,0.00125,-0.004));
#6053=CARTESIAN_POINT('',(0.0177928932188135,0.00125,-0.00470710678118652));
#6054=CARTESIAN_POINT('',(-0.109346310567666,0.00125,-0.131846310567666));
#6055=CARTESIAN_POINT('',(0.0225,0.00125,0.));
#6056=CARTESIAN_POINT('',(-0.229067621135331,0.00125,1.7145666890944E-18));
#6057=CARTESIAN_POINT('',(0.0258786796564404,0.00125,1.7145666890944E-18));
#6058=CARTESIAN_POINT('',(0.0284393398282202,0.00125,-0.0025606601717798));
#6059=CARTESIAN_POINT('',(0.0295,0.00125,-0.00362132034355962));
#6060=CARTESIAN_POINT('',(0.0295,0.00125,-0.012125));
#6061=CARTESIAN_POINT('',(0.0295,0.00125,-0.0145));
#6062=CARTESIAN_POINT('',(-0.229067621135331,0.00125,-0.0145));
#6063=CARTESIAN_POINT('',(0.00125,0.00125,-0.0145));
#6064=CARTESIAN_POINT('',(0.00125,0.00125,-0.012125));
#6065=CARTESIAN_POINT('',(0.00125,0.00125,-0.00975));
#6066=CARTESIAN_POINT('',(-0.229067621135331,0.00125,-0.00975));
#6067=CARTESIAN_POINT('',(0.018,0.00125,-0.00975));
#6068=CARTESIAN_POINT('',(0.018,0.00125,-0.0075));
#6069=CARTESIAN_POINT('',(-0.229067621135331,0.02775,-0.012125));
#6070=CARTESIAN_POINT('',(0.00175,0.02775,-0.0075));
#6071=CARTESIAN_POINT('',(0.00175,0.02775,4.85510673944435E-18));
#6072=CARTESIAN_POINT('',(0.00175,0.02775,-0.0065));
#6073=CARTESIAN_POINT('',(0.00425,0.02775,-0.004));
#6074=CARTESIAN_POINT('',(0.00675,0.02775,-0.00149999999999999));
#6075=CARTESIAN_POINT('',(0.01475,0.02775,-0.00149999999999999));
#6076=CARTESIAN_POINT('',(0.02275,0.02775,-0.00149999999999999));
#6077=CARTESIAN_POINT('',(0.02525,0.02775,-0.004));
#6078=CARTESIAN_POINT('',(0.02775,0.02775,-0.0065));
#6079=CARTESIAN_POINT('',(0.02775,0.02775,-0.012125));
#6080=CARTESIAN_POINT('',(0.02775,0.02775,-0.00453256451071975));
#6081=CARTESIAN_POINT('',(0.0295,0.02775,-0.00453256451071975));
#6082=CARTESIAN_POINT('',(0.0295,0.02775,-0.00453256451071975));
#6083=CARTESIAN_POINT('',(0.0295,0.02775,-0.012125));
#6084=CARTESIAN_POINT('',(0.0295,0.02775,-0.00362132034355963));
#6085=CARTESIAN_POINT('',(-0.0955319707394453,0.02775,0.121410650395886));
#6086=CARTESIAN_POINT('',(0.0258786796564404,0.02775,4.85510673944435E-18));
#6087=CARTESIAN_POINT('',(-0.229067621135331,0.02775,4.85510673944435E-18));
#6088=CARTESIAN_POINT('',(0.02075,0.02775,4.85510673944435E-18));
#6089=CARTESIAN_POINT('',(-0.110221310567666,0.02775,-0.130971310567666));
#6090=CARTESIAN_POINT('',(0.01975,0.02775,-0.001));
#6091=CARTESIAN_POINT('',(-0.229067621135331,0.02775,-0.001));
#6092=CARTESIAN_POINT('',(0.00575,0.02775,-0.001));
#6093=CARTESIAN_POINT('',(-0.106096310567666,0.02775,0.110846310567666));
#6094=CARTESIAN_POINT('',(0.00475,0.02775,4.85510673944435E-18));
#6095=CARTESIAN_POINT('',(-0.229067621135331,0.02775,4.85510673944435E-18));
#6096=CARTESIAN_POINT('',(-0.229067621135331,0.00125,-0.012125));
#6097=CARTESIAN_POINT('',(0.004,0.00125,-0.004));
#6098=CARTESIAN_POINT('',(0.003,0.00125,-0.004));
#6099=CARTESIAN_POINT('',(0.004,0.00125,-0.005));
#6100=CARTESIAN_POINT('',(0.009375,0.00125,-0.005));
#6101=CARTESIAN_POINT('',(-0.229067621135331,0.00125,1.7145666890944E-18));
#6102=CARTESIAN_POINT('',(0.00440533008588992,0.00125,1.7145666890944E-18));
#6103=CARTESIAN_POINT('',(0.00440533008588991,0.00125,-0.000124999999999998));
#6104=CARTESIAN_POINT('',(0.00449371843353823,0.00125,-0.000213388347648317));
#6105=CARTESIAN_POINT('',(0.00385355339059327,0.00125,-0.000853553390593271));
#6106=CARTESIAN_POINT('',(0.003,0.00125,-0.00170710678118655));
#6107=CARTESIAN_POINT('',(0.003,0.00125,-0.012125));
#6108=CARTESIAN_POINT('',(-0.229067621135331,0.02775,-0.012125));
#6109=CARTESIAN_POINT('',(0.0295,0.02775,-0.012125));
#6110=CARTESIAN_POINT('',(0.0295,0.02775,-0.0112174354892802));
#6111=CARTESIAN_POINT('',(0.0295,0.02775,-0.0145));
#6112=CARTESIAN_POINT('',(0.02775,0.02775,-0.0112174354892802));
#6113=CARTESIAN_POINT('',(0.02775,0.02775,-0.0112174354892802));
#6114=CARTESIAN_POINT('',(0.02775,0.02775,-0.012125));
#6115=CARTESIAN_POINT('',(0.02775,0.02775,-0.00975));
#6116=CARTESIAN_POINT('',(-0.229067621135331,0.02775,-0.00975));
#6117=CARTESIAN_POINT('',(0.00125,0.02775,-0.00975));
#6118=CARTESIAN_POINT('',(0.00125,0.02775,-0.012125));
#6119=CARTESIAN_POINT('',(0.00125,0.02775,-0.0145));
#6120=CARTESIAN_POINT('',(-0.229067621135331,0.02775,-0.0145));
#6121=CARTESIAN_POINT('',(0.0295,0.0145,-0.0101875));
#6122=CARTESIAN_POINT('',(0.0295,0.02875,-0.00970785978732689));
#6123=CARTESIAN_POINT('',(0.0295,0.0285520833333333,-0.00955512147171631));
#6124=CARTESIAN_POINT('',(0.0295,0.026375,-0.007875));
#6125=CARTESIAN_POINT('',(0.0295,0.0283289473684211,-0.00981009423063592));
#6126=CARTESIAN_POINT('',(0.0295,0.02975,-0.0112174354892802));
#6127=CARTESIAN_POINT('',(0.0295,0.02725,-0.0145));
#6128=CARTESIAN_POINT('',(0.0295,0.02725,-0.015));
#6129=CARTESIAN_POINT('',(0.0295,0.0145,-0.015));
#6130=CARTESIAN_POINT('',(0.0295,0.0245,-0.015));
#6131=CARTESIAN_POINT('',(0.0295,0.0245,-0.020377));
#6132=CARTESIAN_POINT('',(0.0295,0.0245,-0.01575));
#6133=CARTESIAN_POINT('',(0.0295,0.0145,-0.01575));
#6134=CARTESIAN_POINT('',(0.0295,0.0255,-0.01575));
#6135=CARTESIAN_POINT('',(0.0295,0.0255,-0.01725));
#6136=CARTESIAN_POINT('',(0.0295,0.027,-0.01725));
#6137=CARTESIAN_POINT('',(0.0295,0.027,-0.01765));
#6138=CARTESIAN_POINT('',(0.0295,0.027,-0.01765));
#6139=CARTESIAN_POINT('',(0.0295,0.0255,-0.01765));
#6140=CARTESIAN_POINT('',(0.0295,0.0255,-0.01915));
#6141=CARTESIAN_POINT('',(0.0295,0.0035,-0.01915));
#6142=CARTESIAN_POINT('',(0.0295,0.0035,-0.01915));
#6143=CARTESIAN_POINT('',(0.0295,0.0035,-0.01765));
#6144=CARTESIAN_POINT('',(0.0295,0.002,-0.01765));
#6145=CARTESIAN_POINT('',(0.0295,0.002,-0.0101875));
#6146=CARTESIAN_POINT('',(0.0295,0.002,-0.01725));
#6147=CARTESIAN_POINT('',(0.0295,0.0035,-0.01725));
#6148=CARTESIAN_POINT('',(0.0295,0.0035,-0.01575));
#6149=CARTESIAN_POINT('',(0.0295,0.0145,-0.01575));
#6150=CARTESIAN_POINT('',(0.0295,0.0045,-0.01575));
#6151=CARTESIAN_POINT('',(0.0295,0.0045,-0.020377));
#6152=CARTESIAN_POINT('',(0.0295,0.0045,-0.015));
#6153=CARTESIAN_POINT('',(0.0295,0.0145,-0.015));
#6154=CARTESIAN_POINT('',(0.0295,0.00175,-0.015));
#6155=CARTESIAN_POINT('',(0.0295,0.00175,-0.0145));
#6156=CARTESIAN_POINT('',(0.0295,0.00310355339059327,-0.001));
#6157=CARTESIAN_POINT('',(0.0295,0.00275,-0.0015));
#6158=CARTESIAN_POINT('',(0.0295,0.00275,-0.012125));
#6159=CARTESIAN_POINT('',(0.0295,0.00275,-0.00075));
#6160=CARTESIAN_POINT('',(0.0295,0.,-0.00075));
#6161=CARTESIAN_POINT('',(0.0295,0.,-0.00075));
#6162=CARTESIAN_POINT('',(0.0295,0.,-0.0081875));
#6163=CARTESIAN_POINT('',(0.0295,0.,-0.016375));
#6164=CARTESIAN_POINT('',(0.0295,0.004,-0.016375));
#6165=CARTESIAN_POINT('',(0.0295,0.004,-0.020375));
#6166=CARTESIAN_POINT('',(0.0295,0.0145,-0.020375));
#6167=CARTESIAN_POINT('',(0.0295,0.025,-0.020375));
#6168=CARTESIAN_POINT('',(0.0295,0.025,-0.016375));
#6169=CARTESIAN_POINT('',(-0.229067621135331,0.0145,-0.008));
#6170=CARTESIAN_POINT('',(0.01425,0.0145,-0.008));
#6171=CARTESIAN_POINT('',(0.01425,0.01025,-0.008));
#6172=CARTESIAN_POINT('',(0.01425,0.01375,-0.008));
#6173=CARTESIAN_POINT('',(0.016,0.01375,-0.008));
#6174=CARTESIAN_POINT('',(0.0185,0.01375,-0.008));
#6175=CARTESIAN_POINT('',(0.0185,0.01475,-0.008));
#6176=CARTESIAN_POINT('',(-0.229067621135331,0.01475,-0.008));
#6177=CARTESIAN_POINT('',(0.022,0.01475,-0.008));
#6178=CARTESIAN_POINT('',(0.022,0.0145,-0.008));
#6179=CARTESIAN_POINT('',(0.022,0.0195,-0.008));
#6180=CARTESIAN_POINT('',(0.025625,0.0195,-0.008));
#6181=CARTESIAN_POINT('',(0.02775,0.0195,-0.008));
#6182=CARTESIAN_POINT('',(0.02775,0.0145,-0.008));
#6183=CARTESIAN_POINT('',(0.02775,0.02475,-0.008));
#6184=CARTESIAN_POINT('',(0.0145,0.02475,-0.008));
#6185=CARTESIAN_POINT('',(0.019,0.02475,-0.008));
#6186=CARTESIAN_POINT('',(0.019,0.02525,-0.008));
#6187=CARTESIAN_POINT('',(0.019,0.02325,-0.008));
#6188=CARTESIAN_POINT('',(0.017,0.02325,-0.008));
#6189=CARTESIAN_POINT('',(0.0135,0.02325,-0.008));
#6190=CARTESIAN_POINT('',(0.0135,0.0145,-0.008));
#6191=CARTESIAN_POINT('',(0.0135,0.02475,-0.008));
#6192=CARTESIAN_POINT('',(0.0145,0.02475,-0.008));
#6193=CARTESIAN_POINT('',(0.00125,0.02475,-0.008));
#6194=CARTESIAN_POINT('',(0.00125,0.0145,-0.008));
#6195=CARTESIAN_POINT('',(0.00125,0.015,-0.008));
#6196=CARTESIAN_POINT('',(0.,0.015,-0.008));
#6197=CARTESIAN_POINT('',(0.,0.015,-0.008));
#6198=CARTESIAN_POINT('',(0.,0.0145,-0.008));
#6199=CARTESIAN_POINT('',(0.,0.003,-0.008));
#6200=CARTESIAN_POINT('',(-0.229067621135331,0.003,-0.008));
#6201=CARTESIAN_POINT('',(0.01425,0.003,-0.008));
#6202=CARTESIAN_POINT('',(0.01425,0.0145,-0.008));
#6203=CARTESIAN_POINT('',(0.01425,0.006,-0.008));
#6204=CARTESIAN_POINT('',(0.016,0.006,-0.008));
#6205=CARTESIAN_POINT('',(0.016,0.01025,-0.008));
#6206=CARTESIAN_POINT('',(0.019,0.02525,-0.0065));
#6207=CARTESIAN_POINT('',(0.019,0.02475,-0.0065));
#6208=CARTESIAN_POINT('',(0.019,0.02475,-0.0065));
#6209=CARTESIAN_POINT('',(0.019,0.02525,-0.0065));
#6210=CARTESIAN_POINT('',(0.019,0.02325,-0.0065));
#6211=CARTESIAN_POINT('',(0.019,0.02325,-0.0065));
#6212=CARTESIAN_POINT('',(0.0135,0.0145,-0.008));
#6213=CARTESIAN_POINT('',(0.0135,0.02475,-0.008));
#6214=CARTESIAN_POINT('',(0.015,0.02475,-0.0065));
#6215=CARTESIAN_POINT('',(0.0135,0.02325,-0.008));
#6216=CARTESIAN_POINT('',(0.015,0.02325,-0.0065));
#6217=CARTESIAN_POINT('',(0.015,0.02525,-0.0065));
#6218=CARTESIAN_POINT('',(0.0015,0.0145,-0.0101875));
#6219=CARTESIAN_POINT('',(0.0015,0.0227605967420157,-0.00535));
#6220=CARTESIAN_POINT('',(0.0015,0.0175,-0.00535));
#6221=CARTESIAN_POINT('',(0.0015,0.02,-0.00535));
#6222=CARTESIAN_POINT('',(0.0015,0.02,-0.0101875));
#6223=CARTESIAN_POINT('',(0.0015,0.02,-0.00215));
#6224=CARTESIAN_POINT('',(0.0015,0.0234123861488632,-0.00215));
#6225=CARTESIAN_POINT('',(0.0015,0.0175,-0.00215));
#6226=CARTESIAN_POINT('',(0.0015,0.0175,-0.00325));
#6227=CARTESIAN_POINT('',(0.0015,0.0164,-0.00325));
#6228=CARTESIAN_POINT('',(0.0015,0.0164,-0.00421947685217239));
#6229=CARTESIAN_POINT('',(0.0015,0.0164,-0.00425));
#6230=CARTESIAN_POINT('',(0.0015,0.0175,-0.00425));
#6231=CARTESIAN_POINT('',(0.029502,0.0234123861488632,-0.00215));
#6232=CARTESIAN_POINT('',(0.00125,0.02025,-0.00215));
#6233=CARTESIAN_POINT('',(0.0005,0.021,-0.00215));
#6234=CARTESIAN_POINT('',(0.0005,0.024125,-0.00215));
#6235=CARTESIAN_POINT('',(0.0005,0.0265,-0.00215));
#6236=CARTESIAN_POINT('',(0.0134571930744316,0.0394571930744316,-0.00215));
#6237=CARTESIAN_POINT('',(0.0015,0.0275,-0.00215));
#6238=CARTESIAN_POINT('',(0.029502,0.0275,-0.00215));
#6239=CARTESIAN_POINT('',(0.,0.0275,-0.00215));
#6240=CARTESIAN_POINT('',(0.,0.0234123861488632,-0.00215));
#6241=CARTESIAN_POINT('',(0.,0.0175,-0.00215));
#6242=CARTESIAN_POINT('',(0.029502,0.0175,-0.00215));
#6243=CARTESIAN_POINT('',(0.00125,0.0145,-0.0101875));
#6244=CARTESIAN_POINT('',(0.00125,0.001875,-0.0065));
#6245=CARTESIAN_POINT('',(0.00125,0.003,-0.0055));
#6246=CARTESIAN_POINT('',(0.00125,0.003,-0.005));
#6247=CARTESIAN_POINT('',(0.00125,0.009,-0.005));
#6248=CARTESIAN_POINT('',(0.00125,0.015,-0.005));
#6249=CARTESIAN_POINT('',(0.00125,0.015,-0.0055));
#6250=CARTESIAN_POINT('',(0.00125,0.0155,-0.0055));
#6251=CARTESIAN_POINT('',(0.00125,0.0155,-0.0065));
#6252=CARTESIAN_POINT('',(0.00125,0.0155,-0.0075));
#6253=CARTESIAN_POINT('',(0.00125,0.015,-0.0075));
#6254=CARTESIAN_POINT('',(0.00125,0.02475,-0.006498));
#6255=CARTESIAN_POINT('',(0.00125,0.02475,-0.0065));
#6256=CARTESIAN_POINT('',(0.00125,0.0145,-0.0065));
#6257=CARTESIAN_POINT('',(0.00125,0.02725,-0.0065));
#6258=CARTESIAN_POINT('',(0.00125,0.02725,4.85510673944435E-18));
#6259=CARTESIAN_POINT('',(0.00125,0.02725,-0.00565));
#6260=CARTESIAN_POINT('',(0.00125,0.0227605967420157,-0.00565));
#6261=CARTESIAN_POINT('',(0.00125,0.0175,-0.00565));
#6262=CARTESIAN_POINT('',(0.00125,0.0175,-0.00425));
#6263=CARTESIAN_POINT('',(0.00125,0.0161,-0.00425));
#6264=CARTESIAN_POINT('',(0.00125,0.0161,-0.00421947685217239));
#6265=CARTESIAN_POINT('',(0.00125,0.0161,-0.00325));
#6266=CARTESIAN_POINT('',(0.00125,0.0175,-0.00325));
#6267=CARTESIAN_POINT('',(0.00125,0.0175,-0.00185));
#6268=CARTESIAN_POINT('',(0.00125,0.0234123861488632,-0.00185));
#6269=CARTESIAN_POINT('',(0.00125,0.02725,-0.00185));
#6270=CARTESIAN_POINT('',(0.00125,0.02725,4.85510673944435E-18));
#6271=CARTESIAN_POINT('',(0.00125,0.02725,4.87849157999511E-18));
#6272=CARTESIAN_POINT('',(0.00125,0.0145,3.31706691108223E-18));
#6273=CARTESIAN_POINT('',(0.00125,0.0225,4.29678435040012E-18));
#6274=CARTESIAN_POINT('',(0.00125,0.0227886751345948,-0.000499999999999969));
#6275=CARTESIAN_POINT('',(0.00125,0.0230773502691896,-0.000999999999999973));
#6276=CARTESIAN_POINT('',(0.00125,0.0205,-0.001));
#6277=CARTESIAN_POINT('',(0.00125,0.0179226497308103,-0.001));
#6278=CARTESIAN_POINT('',(0.00125,0.0182113248654052,-0.0005));
#6279=CARTESIAN_POINT('',(0.00125,0.0185,3.80692563074117E-18));
#6280=CARTESIAN_POINT('',(0.00125,0.0145,3.31706691108223E-18));
#6281=CARTESIAN_POINT('',(0.00125,0.0105,2.8230669199428E-18));
#6282=CARTESIAN_POINT('',(0.00125,0.0107886751345948,-0.000499999999999948));
#6283=CARTESIAN_POINT('',(0.00125,0.0110773502691896,-0.001));
#6284=CARTESIAN_POINT('',(0.00125,0.0085,-0.001));
#6285=CARTESIAN_POINT('',(0.00125,0.00592264973081038,-0.001));
#6286=CARTESIAN_POINT('',(0.00125,0.00621132486540518,-0.0005));
#6287=CARTESIAN_POINT('',(0.00125,0.0065,2.33734947176435E-18));
#6288=CARTESIAN_POINT('',(0.00125,0.0145,3.31706691108223E-18));
#6289=CARTESIAN_POINT('',(0.0295,0.0145,3.31706691108223E-18));
#6290=CARTESIAN_POINT('',(0.0295,0.,0.));
#6291=CARTESIAN_POINT('',(0.00440533008588992,0.,0.));
#6292=CARTESIAN_POINT('',(0.00075,0.,0.));
#6293=CARTESIAN_POINT('',(0.00440533008588991,0.00125,1.69440990221199E-18));
#6294=CARTESIAN_POINT('',(-2.00000000000005E-06,0.0065,2.33734947176435E-18));
#6295=CARTESIAN_POINT('',(0.00075,0.0065,2.33734947176435E-18));
#6296=CARTESIAN_POINT('',(0.00075,0.0145,3.31706691108223E-18));
#6297=CARTESIAN_POINT('',(0.0295,0.,-0.0081875));
#6298=CARTESIAN_POINT('',(0.00385355339059327,0.,-0.000853553390593271));
#6299=CARTESIAN_POINT('',(0.003,0.,-0.00170710678118655));
#6300=CARTESIAN_POINT('',(0.00449371843353823,0.,-0.000213388347648317));
#6301=CARTESIAN_POINT('',(0.00440533008588991,0.,-0.000124999999999998));
#6302=CARTESIAN_POINT('',(0.00075,0.,-0.00075));
#6303=CARTESIAN_POINT('',(0.,0.,-0.00075));
#6304=CARTESIAN_POINT('',(0.,0.,-0.0081875));
#6305=CARTESIAN_POINT('',(0.,0.,-0.016375));
#6306=CARTESIAN_POINT('',(0.0295,0.,-0.016375));
#6307=CARTESIAN_POINT('',(0.02875,0.,-0.00075));
#6308=CARTESIAN_POINT('',(0.02875,0.,0.));
#6309=CARTESIAN_POINT('',(0.0295,0.,0.));
#6310=CARTESIAN_POINT('',(0.0225,0.,0.));
#6311=CARTESIAN_POINT('',(0.02,0.,-0.0025));
#6312=CARTESIAN_POINT('',(0.0177928932188135,0.,-0.00470710678118655));
#6313=CARTESIAN_POINT('',(0.0170857864376269,0.,-0.004));
#6314=CARTESIAN_POINT('',(0.0170857864376269,0.,-0.005));
#6315=CARTESIAN_POINT('',(0.01025,0.,-0.005));
#6316=CARTESIAN_POINT('',(0.004,0.,-0.005));
#6317=CARTESIAN_POINT('',(0.004,0.,-0.004));
#6318=CARTESIAN_POINT('',(0.003,0.,-0.004));
#6319=CARTESIAN_POINT('',(0.003,0.,-0.003));
#6320=CARTESIAN_POINT('',(0.0295,0.0145,3.31706691108223E-18));
#6321=CARTESIAN_POINT('',(0.0225,0.005,0.));
#6322=CARTESIAN_POINT('',(0.02875,0.00275,1.87810692208409E-18));
#6323=CARTESIAN_POINT('',(0.02875,0.00275,1.7830426157777E-18));
#6324=CARTESIAN_POINT('',(-0.229067621135331,0.00275,1.7830426157777E-18));
#6325=CARTESIAN_POINT('',(0.028,0.00275,1.7830426157777E-18));
#6326=CARTESIAN_POINT('',(0.0345390031192946,0.00737377344785326,2.4443558573737E-18));
#6327=CARTESIAN_POINT('',(0.0295,0.0145,3.31706691108223E-18));
#6328=CARTESIAN_POINT('',(0.02075,0.0145,3.31706691108223E-18));
#6329=CARTESIAN_POINT('',(0.0345390031192946,0.0216262265521468,4.18977796479077E-18));
#6330=CARTESIAN_POINT('',(0.028,0.02625,-8.41446835513287E-18));
#6331=CARTESIAN_POINT('',(-0.229067621135331,0.02625,4.85510673944435E-18));
#6332=CARTESIAN_POINT('',(0.02875,0.02625,4.85510673944435E-18));
#6333=CARTESIAN_POINT('',(0.02875,0.029,5.0928047698459E-18));
#6334=CARTESIAN_POINT('',(0.,0.0145,-0.0101875));
#6335=CARTESIAN_POINT('',(0.,0.0175,-0.00325));
#6336=CARTESIAN_POINT('',(0.,0.0164,-0.00325));
#6337=CARTESIAN_POINT('',(0.,0.0275,-0.00185));
#6338=CARTESIAN_POINT('',(0.,0.0275,-0.00185));
#6339=CARTESIAN_POINT('',(0.,0.0234123861488632,-0.00185));
#6340=CARTESIAN_POINT('',(0.,0.0175,-0.00185));
#6341=CARTESIAN_POINT('',(0.,0.0175,-0.00325));
#6342=CARTESIAN_POINT('',(0.,0.0161,-0.00325));
#6343=CARTESIAN_POINT('',(0.,0.0161,-0.00421947685217239));
#6344=CARTESIAN_POINT('',(0.,0.0161,-0.00425));
#6345=CARTESIAN_POINT('',(0.,0.0175,-0.00425));
#6346=CARTESIAN_POINT('',(0.,0.0175,-0.00565));
#6347=CARTESIAN_POINT('',(0.,0.0227605967420157,-0.00565));
#6348=CARTESIAN_POINT('',(0.,0.0275,-0.00565));
#6349=CARTESIAN_POINT('',(0.,0.0275,-0.00535));
#6350=CARTESIAN_POINT('',(0.,0.0275,-0.00535));
#6351=CARTESIAN_POINT('',(0.,0.0227605967420157,-0.00535));
#6352=CARTESIAN_POINT('',(0.,0.0175,-0.00535));
#6353=CARTESIAN_POINT('',(0.,0.0175,-0.00425));
#6354=CARTESIAN_POINT('',(0.,0.0164,-0.00425));
#6355=CARTESIAN_POINT('',(0.,0.0164,-0.00421947685217239));
#6356=CARTESIAN_POINT('',(0.,0.002,-0.01765));
#6357=CARTESIAN_POINT('',(0.,0.002,-0.01725));
#6358=CARTESIAN_POINT('',(0.,0.002,-0.01765));
#6359=CARTESIAN_POINT('',(0.,0.0035,-0.01765));
#6360=CARTESIAN_POINT('',(0.,0.0035,-0.01915));
#6361=CARTESIAN_POINT('',(0.,0.0145,-0.01915));
#6362=CARTESIAN_POINT('',(0.,0.0255,-0.01915));
#6363=CARTESIAN_POINT('',(0.,0.0255,-0.01765));
#6364=CARTESIAN_POINT('',(0.,0.027,-0.01765));
#6365=CARTESIAN_POINT('',(0.,0.027,-0.0101875));
#6366=CARTESIAN_POINT('',(0.,0.027,-0.01725));
#6367=CARTESIAN_POINT('',(0.,0.0255,-0.01725));
#6368=CARTESIAN_POINT('',(0.,0.0255,-0.01575));
#6369=CARTESIAN_POINT('',(0.,0.0035,-0.01575));
#6370=CARTESIAN_POINT('',(0.,0.0035,-0.01575));
#6371=CARTESIAN_POINT('',(0.,0.0035,-0.01725));
#6372=CARTESIAN_POINT('',(0.,0.015,-0.0075));
#6373=CARTESIAN_POINT('',(0.,0.0155,-0.0075));
#6374=CARTESIAN_POINT('',(0.,0.0155,-0.0101875));
#6375=CARTESIAN_POINT('',(0.,0.0155,-0.0055));
#6376=CARTESIAN_POINT('',(0.,0.015,-0.0055));
#6377=CARTESIAN_POINT('',(0.,0.015,-0.005));
#6378=CARTESIAN_POINT('',(0.,0.0145,-0.005));
#6379=CARTESIAN_POINT('',(0.,0.003,-0.005));
#6380=CARTESIAN_POINT('',(0.,0.003,-0.0055));
#6381=CARTESIAN_POINT('',(0.,0.003,-0.0075));
#6382=CARTESIAN_POINT('',(0.,0.0145,-0.00075));
#6383=CARTESIAN_POINT('',(0.,0.00606698729810778,-0.00075));
#6384=CARTESIAN_POINT('',(0.,0.00621132486540518,-0.0005));
#6385=CARTESIAN_POINT('',(-8.470329472543E-22,0.00592264973081038,-0.001));
#6386=CARTESIAN_POINT('',(0.,0.0085,-0.001));
#6387=CARTESIAN_POINT('',(-8.470329472543E-22,0.0110773502691896,-0.001));
#6388=CARTESIAN_POINT('',(0.,0.0107886751345948,-0.000499999999999948));
#6389=CARTESIAN_POINT('',(0.,0.0109330127018922,-0.00075));
#6390=CARTESIAN_POINT('',(0.,0.0145,-0.00075));
#6391=CARTESIAN_POINT('',(0.,0.0180669872981078,-0.00075));
#6392=CARTESIAN_POINT('',(0.,0.0182113248654052,-0.0005));
#6393=CARTESIAN_POINT('',(-8.470329472543E-22,0.0179226497308103,-0.001));
#6394=CARTESIAN_POINT('',(0.,0.0205,-0.001));
#6395=CARTESIAN_POINT('',(-8.470329472543E-22,0.0230773502691896,-0.000999999999999973));
#6396=CARTESIAN_POINT('',(0.,0.0227886751345948,-0.000499999999999969));
#6397=CARTESIAN_POINT('',(0.,0.0229330127018923,-0.00075));
#6398=CARTESIAN_POINT('',(0.,0.0145,-0.00075));
#6399=CARTESIAN_POINT('',(0.,0.025,-0.016375));
#6400=CARTESIAN_POINT('',(0.,0.025,-0.020375));
#6401=CARTESIAN_POINT('',(0.,0.0145,-0.020375));
#6402=CARTESIAN_POINT('',(0.,0.004,-0.020375));
#6403=CARTESIAN_POINT('',(0.,0.004,-0.016375));
#6404=CARTESIAN_POINT('',(0.0295,0.0145,3.31706691108223E-18));
#6405=CARTESIAN_POINT('',(-2.00000000000005E-06,0.0185,3.80692563074117E-18));
#6406=CARTESIAN_POINT('',(0.00075,0.0185,3.80692563074117E-18));
#6407=CARTESIAN_POINT('',(0.00075,0.0145,3.31706691108223E-18));
#6408=CARTESIAN_POINT('',(0.00075,0.0105,2.8230669199428E-18));
#6409=CARTESIAN_POINT('',(-2.00000000000005E-06,0.0105,2.8230669199428E-18));
#6410=CARTESIAN_POINT('',(0.0295,0.0145,-0.01625));
#6411=CARTESIAN_POINT('',(0.0295,0.0255,-0.01625));
#6412=CARTESIAN_POINT('',(0.029,0.0255,-0.01625));
#6413=CARTESIAN_POINT('',(0.0277679491924312,0.0255,-0.01625));
#6414=CARTESIAN_POINT('',(0.029,0.0145,-0.01625));
#6415=CARTESIAN_POINT('',(0.029,0.0247886751345948,-0.01625));
#6416=CARTESIAN_POINT('',(0.028625,0.0250051814855409,-0.01625));
#6417=CARTESIAN_POINT('',(0.0295,0.0145,-0.01625));
#6418=CARTESIAN_POINT('',(0.028625,0.0189948185144591,-0.01625));
#6419=CARTESIAN_POINT('',(0.02775,0.0184896370289182,-0.01625));
#6420=CARTESIAN_POINT('',(0.029,0.0192113248654052,-0.01625));
#6421=CARTESIAN_POINT('',(0.029,0.0145,-0.01625));
#6422=CARTESIAN_POINT('',(0.029,0.00978867513459482,-0.01625));
#6423=CARTESIAN_POINT('',(0.028625,0.0100051814855409,-0.01625));
#6424=CARTESIAN_POINT('',(0.02775,0.0105103629710818,-0.01625));
#6425=CARTESIAN_POINT('',(0.02775,0.007,-0.01625));
#6426=CARTESIAN_POINT('',(0.02775,0.0035,-0.01625));
#6427=CARTESIAN_POINT('',(0.0295,0.0035,-0.01625));
#6428=CARTESIAN_POINT('',(0.000500000000000007,0.0035,-0.01625));
#6429=CARTESIAN_POINT('',(0.0005,0.0255,-0.01625));
#6430=CARTESIAN_POINT('',(0.000500000000000011,0.0255,-0.01625));
#6431=CARTESIAN_POINT('',(0.0295,0.0255,-0.01625));
#6432=CARTESIAN_POINT('',(0.02775,0.0255,-0.01625));
#6433=CARTESIAN_POINT('',(0.02775,0.022,-0.01625));
#6434=CARTESIAN_POINT('',(0.0295,0.0145,-0.01625));
#6435=CARTESIAN_POINT('',(0.028625,0.00399481851445909,-0.01625));
#6436=CARTESIAN_POINT('',(0.0277679491924312,0.0035,-0.01625));
#6437=CARTESIAN_POINT('',(0.029,0.0042113248654052,-0.01625));
#6438=CARTESIAN_POINT('',(0.029,0.0145,-0.01625));
#6439=CARTESIAN_POINT('',(0.029,0.0035,-0.01625));
#6440=CARTESIAN_POINT('',(0.0295,0.0035,-0.01625));
#6441=CARTESIAN_POINT('',(0.0295,0.0145,-0.0101875));
#6442=CARTESIAN_POINT('',(0.0295,0.0095,-0.020377));
#6443=CARTESIAN_POINT('',(0.0295,0.0095,-0.01575));
#6444=CARTESIAN_POINT('',(0.0295,0.0095,-0.015));
#6445=CARTESIAN_POINT('',(0.0295,0.0145,-0.01575));
#6446=CARTESIAN_POINT('',(0.0295,0.0195,-0.01575));
#6447=CARTESIAN_POINT('',(0.0295,0.0195,-0.020377));
#6448=CARTESIAN_POINT('',(0.0295,0.0195,-0.015));
#6449=CARTESIAN_POINT('',(0.0295,0.0145,-0.015));
#6450=CARTESIAN_POINT('',(0.0295,0.0255,-0.01725));
#6451=CARTESIAN_POINT('',(0.0295,0.0265,-0.01725));
#6452=CARTESIAN_POINT('',(0.029,0.0265,-0.01725));
#6453=CARTESIAN_POINT('',(0.000500000000000007,0.0265,-0.01725));
#6454=CARTESIAN_POINT('',(0.029,0.0255,-0.01725));
#6455=CARTESIAN_POINT('',(0.0277679491924312,0.0255,-0.01725));
#6456=CARTESIAN_POINT('',(0.02775,0.0255103629710818,-0.0162500536970265));
#6457=CARTESIAN_POINT('',(0.02775,0.0255,-0.01725));
#6458=CARTESIAN_POINT('',(0.0005,0.0255,-0.01725));
#6459=CARTESIAN_POINT('',(0.0295,0.0035,-0.01725));
#6460=CARTESIAN_POINT('',(0.029,0.0035,-0.01725));
#6461=CARTESIAN_POINT('',(0.029,0.0025,-0.01725));
#6462=CARTESIAN_POINT('',(0.0295,0.0025,-0.01725));
#6463=CARTESIAN_POINT('',(0.000500000000000011,0.0025,-0.01725));
#6464=CARTESIAN_POINT('',(0.0005,0.0035,-0.01725));
#6465=CARTESIAN_POINT('',(0.02775,0.0035,-0.01725));
#6466=CARTESIAN_POINT('',(0.02775,0.00348963702891817,-0.0162500536970265));
#6467=CARTESIAN_POINT('',(0.0277679491924312,0.0035,-0.01725));
#6468=CARTESIAN_POINT('',(-0.229067621135331,0.0145,-0.015));
#6469=CARTESIAN_POINT('',(0.028625,0.0250051814855409,-0.015));
#6470=CARTESIAN_POINT('',(0.02775,0.0255103629710818,-0.015));
#6471=CARTESIAN_POINT('',(-0.229067621135331,0.02725,-0.015));
#6472=CARTESIAN_POINT('',(0.00125,0.02725,-0.015));
#6473=CARTESIAN_POINT('',(0.00125,0.0145,-0.015));
#6474=CARTESIAN_POINT('',(0.00125,0.00175,-0.015));
#6475=CARTESIAN_POINT('',(-0.229067621135331,0.00175,-0.015));
#6476=CARTESIAN_POINT('',(0.028625,0.00399481851445909,-0.015));
#6477=CARTESIAN_POINT('',(0.02775,0.00348963702891817,-0.015));
#6478=CARTESIAN_POINT('',(0.02775,0.007,-0.015));
#6479=CARTESIAN_POINT('',(0.02775,0.0105103629710818,-0.015));
#6480=CARTESIAN_POINT('',(0.028625,0.0100051814855409,-0.015));
#6481=CARTESIAN_POINT('',(0.028625,0.0189948185144591,-0.015));
#6482=CARTESIAN_POINT('',(0.02775,0.0184896370289182,-0.015));
#6483=CARTESIAN_POINT('',(0.02775,0.022,-0.015));
#6484=CARTESIAN_POINT('',(0.0145,0.0145,-0.0065));
#6485=CARTESIAN_POINT('',(0.025625,0.0195,-0.0065));
#6486=CARTESIAN_POINT('',(0.0235,0.0195,-0.0065));
#6487=CARTESIAN_POINT('',(0.02775,0.0195,-0.0065));
#6488=CARTESIAN_POINT('',(0.0235,0.017125,-0.0065));
#6489=CARTESIAN_POINT('',(0.0235,0.01475,-0.0065));
#6490=CARTESIAN_POINT('',(-0.229067621135331,0.01475,-0.0065));
#6491=CARTESIAN_POINT('',(0.02775,0.01475,-0.0065));
#6492=CARTESIAN_POINT('',(0.02775,0.0145,-0.0065));
#6493=CARTESIAN_POINT('',(0.02435,0.0173,-0.0065));
#6494=CARTESIAN_POINT('',(0.02435,0.01805,-0.0065));
#6495=CARTESIAN_POINT('',(0.02435,0.01655,-0.0065));
#6496=CARTESIAN_POINT('',(0.0251,0.01805,-0.0065));
#6497=CARTESIAN_POINT('',(0.02585,0.01805,-0.0065));
#6498=CARTESIAN_POINT('',(0.02585,0.0173,-0.0065));
#6499=CARTESIAN_POINT('',(0.02585,0.01655,-0.0065));
#6500=CARTESIAN_POINT('',(0.0251,0.01655,-0.0065));
#6501=CARTESIAN_POINT('',(-0.229067621135331,0.0145,-0.00925));
#6502=CARTESIAN_POINT('',(0.0185,0.01375,-0.00925));
#6503=CARTESIAN_POINT('',(0.0185,0.01475,-0.00925));
#6504=CARTESIAN_POINT('',(-0.229067621135331,0.00175,-0.00925));
#6505=CARTESIAN_POINT('',(0.00125,0.00175,-0.00925));
#6506=CARTESIAN_POINT('',(0.00125,0.0145,-0.00925));
#6507=CARTESIAN_POINT('',(0.00125,0.02725,-0.00925));
#6508=CARTESIAN_POINT('',(-0.229067621135331,0.02725,-0.00925));
#6509=CARTESIAN_POINT('',(0.02775,0.02725,-0.00925));
#6510=CARTESIAN_POINT('',(0.02775,0.02125,-0.00925));
#6511=CARTESIAN_POINT('',(0.02775,0.01475,-0.00925));
#6512=CARTESIAN_POINT('',(0.023125,0.01475,-0.00925));
#6513=CARTESIAN_POINT('',(-0.229067621135331,0.02725,-0.00975));
#6514=CARTESIAN_POINT('',(0.02775,0.02725,-0.00975));
#6515=CARTESIAN_POINT('',(0.00125,0.02725,-0.00975));
#6516=CARTESIAN_POINT('',(0.0295,0.0145,3.31706691108223E-18));
#6517=CARTESIAN_POINT('',(0.009,0.035,5.82759284933431E-18));
#6518=CARTESIAN_POINT('',(0.00475,0.0145,3.31706691108223E-18));
#6519=CARTESIAN_POINT('',(0.00075,0.0145,3.31706691108223E-18));
#6520=CARTESIAN_POINT('',(0.00075,0.0225,4.29678435040012E-18));
#6521=CARTESIAN_POINT('',(-2.00000000000005E-06,0.0225,4.29678435040012E-18));
#6522=CARTESIAN_POINT('',(0.0295,0.0145,-0.0101875));
#6523=CARTESIAN_POINT('',(0.0295,0.026375,-0.007875));
#6524=CARTESIAN_POINT('',(0.0295,0.0285520833333333,-0.00619487852828366));
#6525=CARTESIAN_POINT('',(0.0295,0.0283289473684211,-0.00593990576936406));
#6526=CARTESIAN_POINT('',(0.0295,0.02875,-0.00604214021267309));
#6527=CARTESIAN_POINT('',(0.0295,0.02625,-0.00075));
#6528=CARTESIAN_POINT('',(0.0295,0.02625,-0.00075));
#6529=CARTESIAN_POINT('',(0.0295,0.02625,-0.012125));
#6530=CARTESIAN_POINT('',(0.0295,0.02625,-0.0015));
#6531=CARTESIAN_POINT('',(0.0295,0.0258964466094067,-0.001));
#6532=CARTESIAN_POINT('',(0.0295,0.02975,-0.00453256451071975));
#6533=CARTESIAN_POINT('',(0.0295,0.0145,-0.020375));
#6534=CARTESIAN_POINT('',(0.0112492012117406,0.0190614589600392,-0.020375));
#6535=CARTESIAN_POINT('',(0.011705827140644,0.018466486052208,-0.020375));
#6536=CARTESIAN_POINT('',(0.0107925752828372,0.0196564318678704,-0.020375));
#6537=CARTESIAN_POINT('',(0.01475,0.0145,-0.020375));
#6538=CARTESIAN_POINT('',(0.011705827140644,0.010533513947792,-0.020375));
#6539=CARTESIAN_POINT('',(0.0112492012117406,0.00993854103996082,-0.020375));
#6540=CARTESIAN_POINT('',(0.0107925752828372,0.00934356813212962,-0.020375));
#6541=CARTESIAN_POINT('',(0.01475,0.0145,-0.020375));
#6542=CARTESIAN_POINT('',(0.0085,0.0145,-0.020375));
#6543=CARTESIAN_POINT('',(0.00914951905283833,0.014125,-0.020375));
#6544=CARTESIAN_POINT('',(0.0085,0.01375,-0.020375));
#6545=CARTESIAN_POINT('',(0.00947951440606827,0.0146965687180559,-0.020375));
#6546=CARTESIAN_POINT('',(0.00980950975929822,0.0152681374361118,-0.020375));
#6547=CARTESIAN_POINT('',(0.0107822608140111,0.0135832831862329,-0.020375));
#6548=CARTESIAN_POINT('',(0.0117550118687239,0.011898428936354,-0.020375));
#6549=CARTESIAN_POINT('',(0.0124045309215623,0.012273428936354,-0.020375));
#6550=CARTESIAN_POINT('',(0.0130540499744006,0.011898428936354,-0.020375));
#6551=CARTESIAN_POINT('',(0.0139020249872003,0.013367164742072,-0.020375));
#6552=CARTESIAN_POINT('',(0.01475,0.0148359005477899,-0.020375));
#6553=CARTESIAN_POINT('',(0.0154851981490527,0.0135625,-0.020375));
#6554=CARTESIAN_POINT('',(0.0162203962981055,0.0122890994522101,-0.020375));
#6555=CARTESIAN_POINT('',(0.0168699153509438,0.0126640994522101,-0.020375));
#6556=CARTESIAN_POINT('',(0.0175194344037822,0.0130390994522101,-0.020375));
#6557=CARTESIAN_POINT('',(0.0164594767283102,0.014875,-0.020375));
#6558=CARTESIAN_POINT('',(0.0153995190528383,0.0167109005477899,-0.020375));
#6559=CARTESIAN_POINT('',(0.01475,0.0163359005477899,-0.020375));
#6560=CARTESIAN_POINT('',(0.0141004809471617,0.0167109005477899,-0.020375));
#6561=CARTESIAN_POINT('',(0.013252505934362,0.0152421647420719,-0.020375));
#6562=CARTESIAN_POINT('',(0.0124045309215623,0.013773428936354,-0.020375));
#6563=CARTESIAN_POINT('',(0.0114317798668494,0.0154582831862329,-0.020375));
#6564=CARTESIAN_POINT('',(0.0104590288121365,0.0171431374361118,-0.020375));
#6565=CARTESIAN_POINT('',(0.00980950975929822,0.0167681374361118,-0.020375));
#6566=CARTESIAN_POINT('',(0.00915999070645989,0.0171431374361118,-0.020375));
#6567=CARTESIAN_POINT('',(0.00861348900228384,0.0161965687180559,-0.020375));
#6568=CARTESIAN_POINT('',(0.00806698729810778,0.01525,-0.020375));
#6569=CARTESIAN_POINT('',(0.00715849364905389,0.01525,-0.020375));
#6570=CARTESIAN_POINT('',(0.00625,0.01525,-0.020375));
#6571=CARTESIAN_POINT('',(0.00625,0.0145,-0.020375));
#6572=CARTESIAN_POINT('',(0.00625,0.01375,-0.020375));
#6573=CARTESIAN_POINT('',(0.007375,0.01375,-0.020375));
#6574=CARTESIAN_POINT('',(0.0295,0.025,-0.020375));
#6575=CARTESIAN_POINT('',(0.0295,0.004,-0.020375));
#6576=CARTESIAN_POINT('',(0.00876112768068727,0.0215495324910926,-0.020375));
#6577=CARTESIAN_POINT('',(0.00924671192279371,0.0209779487755986,-0.020375));
#6578=CARTESIAN_POINT('',(0.00827554343858084,0.0221211162065865,-0.020375));
#6579=CARTESIAN_POINT('',(0.01475,0.0145,-0.020375));
#6580=CARTESIAN_POINT('',(0.0092467119227937,0.00802205122440143,-0.020375));
#6581=CARTESIAN_POINT('',(0.00876112768068726,0.00745046750890744,-0.020375));
#6582=CARTESIAN_POINT('',(0.00827554343858082,0.00687888379341345,-0.020375));
#6583=CARTESIAN_POINT('',(0.01475,0.0145,-0.020375));
#6584=CARTESIAN_POINT('',(0.0295,0.004,-0.016375));
#6585=CARTESIAN_POINT('',(0.0295,0.0265,-0.01745));
#6586=CARTESIAN_POINT('',(0.0295,0.0265,-0.01765));
#6587=CARTESIAN_POINT('',(0.029,0.0265,-0.01765));
#6588=CARTESIAN_POINT('',(0.000500000000000011,0.0265,-0.01765));
#6589=CARTESIAN_POINT('',(0.029,0.0265,-0.01725));
#6590=CARTESIAN_POINT('',(0.0005,0.0265,-0.01745));
#6591=CARTESIAN_POINT('',(0.0295,0.0255,-0.01765));
#6592=CARTESIAN_POINT('',(0.0295,0.0255,-0.01865));
#6593=CARTESIAN_POINT('',(0.029,0.0255,-0.01865));
#6594=CARTESIAN_POINT('',(0.000500000000000007,0.0255,-0.01865));
#6595=CARTESIAN_POINT('',(0.029,0.0255,-0.01765));
#6596=CARTESIAN_POINT('',(0.0005,0.0255,-0.01765));
#6597=CARTESIAN_POINT('',(0.0295,0.0145,-0.01865));
#6598=CARTESIAN_POINT('',(0.0295,0.0035,-0.01865));
#6599=CARTESIAN_POINT('',(0.029,0.0035,-0.01865));
#6600=CARTESIAN_POINT('',(0.000500000000000007,0.0035,-0.01865));
#6601=CARTESIAN_POINT('',(0.029,0.0255,-0.01865));
#6602=CARTESIAN_POINT('',(0.0005,0.0145,-0.01865));
#6603=CARTESIAN_POINT('',(0.0295,0.0035,-0.01765));
#6604=CARTESIAN_POINT('',(0.0295,0.0025,-0.01765));
#6605=CARTESIAN_POINT('',(0.029,0.0025,-0.01765));
#6606=CARTESIAN_POINT('',(0.000500000000000007,0.0025,-0.01765));
#6607=CARTESIAN_POINT('',(0.029,0.0035,-0.01765));
#6608=CARTESIAN_POINT('',(0.0005,0.0035,-0.01765));
#6609=CARTESIAN_POINT('',(0.0295,0.0025,-0.01745));
#6610=CARTESIAN_POINT('',(0.029,0.0025,-0.01745));
#6611=CARTESIAN_POINT('',(0.0005,0.0025,-0.01725));
#6612=CARTESIAN_POINT('',(0.0295,0.025,-0.016375));
#6613=CARTESIAN_POINT('',(-0.229067621135331,0.00175,-0.0075));
#6614=CARTESIAN_POINT('',(0.0175,0.00175,-0.0075));
#6615=CARTESIAN_POINT('',(0.0175558841422568,0.00169411585774323,-0.00799686714788182));
#6616=CARTESIAN_POINT('',(0.0170590169943749,0.00175,-0.0075));
#6617=CARTESIAN_POINT('',(0.00125,0.0145,-0.0101875));
#6618=CARTESIAN_POINT('',(0.00125,0.00175,-0.00975));
#6619=CARTESIAN_POINT('',(0.00125,0.00175,-0.0145));
#6620=CARTESIAN_POINT('',(0.00125,0.02725,-0.0145));
#6621=CARTESIAN_POINT('',(-0.229067621135331,0.02725,-0.0145));
#6622=CARTESIAN_POINT('',(-0.229067621135331,0.00175,-0.0145));
#6623=CARTESIAN_POINT('',(-0.229067621135331,0.00175,-0.00975));
#6624=CARTESIAN_POINT('',(0.0175,0.00175,-0.00975));
#6625=CARTESIAN_POINT('',(0.0185,0.01375,-0.020377));
#6626=CARTESIAN_POINT('',(0.0185,0.01475,-0.020377));
#6627=CARTESIAN_POINT('',(0.023125,0.01475,-0.020377));
#6628=CARTESIAN_POINT('',(0.02775,0.01475,-0.020377));
#6629=CARTESIAN_POINT('',(0.022,0.01475,-0.008));
#6630=CARTESIAN_POINT('',(0.0175,0.0075,-0.008));
#6631=CARTESIAN_POINT('',(0.0175,0.006,-0.008));
#6632=CARTESIAN_POINT('',(0.0149472135955,0.006,-0.00672360679774997));
#6633=CARTESIAN_POINT('',(0.0149472135955,0.0025,-0.00672360679774997));
#6634=CARTESIAN_POINT('',(0.0145,0.006,-0.0065));
#6635=CARTESIAN_POINT('',(0.0145,0.0015,-0.0065));
#6636=CARTESIAN_POINT('',(0.0165,0.0015,-0.0075));
#6637=CARTESIAN_POINT('',(0.0169472135955,0.0015,-0.00772360679774997));
#6638=CARTESIAN_POINT('',(0.0169472135955,0.00175,-0.00772360679774996));
#6639=CARTESIAN_POINT('',(0.0174227346184385,0.00182726538154879,-0.00796136730921922));
#6640=CARTESIAN_POINT('',(0.018861111111111,0.000388888888888878,-0.00868055555555552));
#6641=CARTESIAN_POINT('',(0.02775,0.02125,-0.020377));
#6642=CARTESIAN_POINT('',(0.02775,0.02975,-0.0112174354892802));
#6643=CARTESIAN_POINT('',(0.02775,0.0283289473684211,-0.00981009423063592));
#6644=CARTESIAN_POINT('',(0.02775,0.026375,-0.007875));
#6645=CARTESIAN_POINT('',(0.02775,0.0285520833333333,-0.00955512147171631));
#6646=CARTESIAN_POINT('',(0.02775,0.02875,-0.00970785978732689));
#6647=CARTESIAN_POINT('',(0.02775,0.02875,-0.00604214021267309));
#6648=CARTESIAN_POINT('',(0.02775,0.0285520833333333,-0.00619487852828366));
#6649=CARTESIAN_POINT('',(0.02775,0.026375,-0.007875));
#6650=CARTESIAN_POINT('',(0.02775,0.0283289473684211,-0.00593990576936406));
#6651=CARTESIAN_POINT('',(0.02775,0.02975,-0.00453256451071975));
#6652=CARTESIAN_POINT('',(0.02775,0.0145,-0.0065));
#6653=CARTESIAN_POINT('',(0.02775,0.02475,-0.0065));
#6654=CARTESIAN_POINT('',(0.02775,0.02475,-0.006498));
#6655=CARTESIAN_POINT('',(0.02775,0.0195,-0.0065));
#6656=CARTESIAN_POINT('',(0.02775,0.026375,-0.007875));
#6657=CARTESIAN_POINT('',(0.02775,0.027175,-0.007875));
#6658=CARTESIAN_POINT('',(0.017,0.02325,-0.0065));
#6659=CARTESIAN_POINT('',(0.017,0.02325,-0.0065));
#6660=CARTESIAN_POINT('',(0.0145,0.0145,-0.0065));
#6661=CARTESIAN_POINT('',(0.0145,0.027,-0.0065));
#6662=CARTESIAN_POINT('',(0.00281066017177983,0.027,-0.0065));
#6663=CARTESIAN_POINT('',(0.0266893398282202,0.027,-0.0065));
#6664=CARTESIAN_POINT('',(0.00341666666666667,0.0265714886980224,-0.0065));
#6665=CARTESIAN_POINT('',(0.00125,0.02725,-0.0065));
#6666=CARTESIAN_POINT('',(0.0145,0.02475,-0.0065));
#6667=CARTESIAN_POINT('',(0.0145,0.02475,-0.0065));
#6668=CARTESIAN_POINT('',(0.0260833333333334,0.0265714886980224,-0.0065));
#6669=CARTESIAN_POINT('',(0.025625,0.0195,-0.0065));
#6670=CARTESIAN_POINT('',(0.022,0.0195,-0.008));
#6671=CARTESIAN_POINT('',(-0.02375,0.0155,-0.0065));
#6672=CARTESIAN_POINT('',(0.,0.0155,-0.0055));
#6673=CARTESIAN_POINT('',(0.00125,0.0155,-0.0075));
#6674=CARTESIAN_POINT('',(-0.02375,0.009,-0.005));
#6675=CARTESIAN_POINT('',(0.00125,0.015,-0.005));
#6676=CARTESIAN_POINT('',(-0.02375,0.003,-0.005));
#6677=CARTESIAN_POINT('',(0.0251,0.01805,-0.0027));
#6678=CARTESIAN_POINT('',(0.02435,0.01805,-0.0027));
#6679=CARTESIAN_POINT('',(0.02435,0.01805,-0.0027));
#6680=CARTESIAN_POINT('',(0.0251,0.01805,-0.0027));
#6681=CARTESIAN_POINT('',(0.02585,0.01805,-0.0027));
#6682=CARTESIAN_POINT('',(0.02585,0.01805,-0.0027));
#6683=CARTESIAN_POINT('',(0.02435,0.0173,-0.0027));
#6684=CARTESIAN_POINT('',(0.02435,0.01655,-0.0027));
#6685=CARTESIAN_POINT('',(0.02435,0.01655,-0.0027));
#6686=CARTESIAN_POINT('',(0.02435,0.0173,-0.0027));
#6687=CARTESIAN_POINT('',(0.0251,0.01655,-0.0027));
#6688=CARTESIAN_POINT('',(0.02585,0.01655,-0.0027));
#6689=CARTESIAN_POINT('',(0.02585,0.01655,-0.0027));
#6690=CARTESIAN_POINT('',(0.0251,0.01655,-0.0027));
#6691=CARTESIAN_POINT('',(0.02585,0.0173,-0.0027));
#6692=CARTESIAN_POINT('',(0.02585,0.0173,-0.0027));
#6693=CARTESIAN_POINT('',(0.025625,0.017125,-0.0027));
#6694=CARTESIAN_POINT('',(0.028625,0.00399481851445909,-0.020377));
#6695=CARTESIAN_POINT('',(0.0315457868679556,0.00568113559891873,-0.0137042131320444));
#6696=CARTESIAN_POINT('',(0.02775,0.00348963702891817,-0.020377));
#6697=CARTESIAN_POINT('',(0.028625,0.0100051814855409,-0.020377));
#6698=CARTESIAN_POINT('',(0.0278342494231651,0.0104617215439384,-0.0174157505768349));
#6699=CARTESIAN_POINT('',(0.02775,0.0105103629710818,-0.020377));
#6700=CARTESIAN_POINT('',(0.02775,0.007,-0.020377));
#6701=CARTESIAN_POINT('',(0.028625,0.0189948185144591,-0.020377));
#6702=CARTESIAN_POINT('',(0.0278342494231651,0.0185382784560616,-0.0174157505768349));
#6703=CARTESIAN_POINT('',(0.02775,0.0184896370289182,-0.020377));
#6704=CARTESIAN_POINT('',(0.02775,0.022,-0.020377));
#6705=CARTESIAN_POINT('',(0.02775,0.0255103629710818,-0.020377));
#6706=CARTESIAN_POINT('',(0.028625,0.0250051814855409,-0.020377));
#6707=CARTESIAN_POINT('',(0.0315457868679556,0.0233188644010812,-0.0137042131320444));
#6708=CARTESIAN_POINT('',(-2.00000000000005E-06,0.00621132486540518,-0.0005));
#6709=CARTESIAN_POINT('',(0.00075,0.00606698729810778,-0.00075));
#6710=CARTESIAN_POINT('',(-2.00000000000005E-06,0.00592264973081038,-0.001));
#6711=CARTESIAN_POINT('',(-2.00000000000005E-06,0.0085,-0.001));
#6712=CARTESIAN_POINT('',(-2.00000000000005E-06,0.0110773502691896,-0.001));
#6713=CARTESIAN_POINT('',(-2.00000000000005E-06,0.0107886751345948,-0.000499999999999948));
#6714=CARTESIAN_POINT('',(0.00075,0.0109330127018922,-0.00075));
#6715=CARTESIAN_POINT('',(-2.00000000000005E-06,0.0182113248654052,-0.0005));
#6716=CARTESIAN_POINT('',(0.00075,0.0180669872981078,-0.00075));
#6717=CARTESIAN_POINT('',(-2.00000000000005E-06,0.0179226497308103,-0.001));
#6718=CARTESIAN_POINT('',(-2.00000000000005E-06,0.0205,-0.001));
#6719=CARTESIAN_POINT('',(-2.00000000000005E-06,0.0230773502691896,-0.000999999999999973));
#6720=CARTESIAN_POINT('',(-2.00000000000005E-06,0.0227886751345948,-0.000499999999999969));
#6721=CARTESIAN_POINT('',(0.00075,0.0229330127018923,-0.00075));
#6722=CARTESIAN_POINT('',(0.015375,0.00275,-0.00725));
#6723=CARTESIAN_POINT('',(0.02875,0.00275,-0.00075));
#6724=CARTESIAN_POINT('',(0.02875,0.00275,-0.00075));
#6725=CARTESIAN_POINT('',(0.015375,0.02625,-0.00725));
#6726=CARTESIAN_POINT('',(0.02875,0.02625,-0.00075));
#6727=CARTESIAN_POINT('',(0.02875,0.02625,-0.00075));
#6728=CARTESIAN_POINT('',(0.01475,-0.0171228032654707,-0.001));
#6729=CARTESIAN_POINT('',(0.01975,-0.0171228032654707,-0.001));
#6730=CARTESIAN_POINT('',(0.00575,-0.0171228032654707,-0.001));
#6731=CARTESIAN_POINT('',(0.00075,0.0145,-0.00075));
#6732=CARTESIAN_POINT('',(0.00075,0.0145,-0.00075));
#6733=CARTESIAN_POINT('',(0.00075,0.0145,-0.00075));
#6734=CARTESIAN_POINT('',(0.02875,0.0145,-0.00075));
#6735=CARTESIAN_POINT('',(0.02875,0.0145,-0.00075));
#6736=CARTESIAN_POINT('',(0.029,0.0145,-0.01625));
#6737=CARTESIAN_POINT('',(0.029,0.0145,-0.01625));
#6738=CARTESIAN_POINT('',(0.0295,0.0255,-0.01575));
#6739=CARTESIAN_POINT('',(0.029,0.0255,-0.01725));
#6740=CARTESIAN_POINT('',(0.0295,0.027,-0.01725));
#6741=CARTESIAN_POINT('',(0.0295,0.027,-0.0101875));
#6742=CARTESIAN_POINT('',(0.0295,0.027,-0.01765));
#6743=CARTESIAN_POINT('',(0.029,0.0255,-0.01765));
#6744=CARTESIAN_POINT('',(0.0295,0.0255,-0.01915));
#6745=CARTESIAN_POINT('',(0.0295,0.0145,-0.01915));
#6746=CARTESIAN_POINT('',(0.0295,0.0035,-0.01915));
#6747=CARTESIAN_POINT('',(0.029,0.0035,-0.01765));
#6748=CARTESIAN_POINT('',(0.0295,0.002,-0.01765));
#6749=CARTESIAN_POINT('',(0.029,0.0025,-0.01745));
#6750=CARTESIAN_POINT('',(0.0295,0.002,-0.01725));
#6751=CARTESIAN_POINT('',(0.029,0.0035,-0.01725));
#6752=CARTESIAN_POINT('',(0.0295,0.0035,-0.01575));
#6753=CARTESIAN_POINT('',(0.029,0.0145,-0.01625));
#6754=CARTESIAN_POINT('',(0.,0.0255,-0.01725));
#6755=CARTESIAN_POINT('',(0.0005,0.0265,-0.01725));
#6756=CARTESIAN_POINT('',(0.,0.0255,-0.01575));
#6757=CARTESIAN_POINT('',(0.,0.0145,-0.01575));
#6758=CARTESIAN_POINT('',(0.,0.0035,-0.01575));
#6759=CARTESIAN_POINT('',(0.0005,0.0265,-0.01745));
#6760=CARTESIAN_POINT('',(0.0005,0.0265,-0.01765));
#6761=CARTESIAN_POINT('',(0.,0.0035,-0.01725));
#6762=CARTESIAN_POINT('',(0.,0.002,-0.01725));
#6763=CARTESIAN_POINT('',(0.,0.0255,-0.01765));
#6764=CARTESIAN_POINT('',(0.0005,0.0255,-0.01865));
#6765=CARTESIAN_POINT('',(0.,0.002,-0.0101875));
#6766=CARTESIAN_POINT('',(0.,0.002,-0.01765));
#6767=CARTESIAN_POINT('',(0.0005,0.0145,-0.01865));
#6768=CARTESIAN_POINT('',(0.0005,0.0035,-0.01865));
#6769=CARTESIAN_POINT('',(0.,0.0035,-0.01765));
#6770=CARTESIAN_POINT('',(0.0168699153509438,0.0126640994522101,-0.020375));
#6771=CARTESIAN_POINT('',(0.0175194344037822,0.0130390994522101,-0.020375));
#6772=CARTESIAN_POINT('',(0.0168699153509438,0.0126640994522101,-0.019625));
#6773=CARTESIAN_POINT('',(0.0168699153509438,0.0126640994522101,-0.019625));
#6774=CARTESIAN_POINT('',(0.0155449682566039,0.0149589751369475,-0.019625));
#6775=CARTESIAN_POINT('',(0.0155449682566039,0.0149589751369475,-0.019625));
#6776=CARTESIAN_POINT('',(0.01475,0.0163359005477899,-0.019625));
#6777=CARTESIAN_POINT('',(0.0153995190528383,0.0167109005477899,-0.020375));
#6778=CARTESIAN_POINT('',(0.0155449682566039,0.0149589751369475,-0.019625));
#6779=CARTESIAN_POINT('',(0.01475,0.0152343602191159,-0.0201757701643369));
#6780=CARTESIAN_POINT('',(0.01475,0.0163359005477899,-0.020375));
#6781=CARTESIAN_POINT('',(0.0141004809471617,0.0167109005477899,-0.020375));
#6782=CARTESIAN_POINT('',(0.00625,0.0145,-0.020375));
#6783=CARTESIAN_POINT('',(0.00625,0.01375,-0.020375));
#6784=CARTESIAN_POINT('',(0.00625,0.0145,-0.019625));
#6785=CARTESIAN_POINT('',(0.00625,0.0145,-0.019625));
#6786=CARTESIAN_POINT('',(0.0139020249872003,0.013367164742072,-0.020375));
#6787=CARTESIAN_POINT('',(0.0124045309215623,0.012273428936354,-0.019625));
#6788=CARTESIAN_POINT('',(0.0124045309215623,0.012273428936354,-0.019625));
#6789=CARTESIAN_POINT('',(0.0124045309215623,0.012273428936354,-0.019625));
#6790=CARTESIAN_POINT('',(0.0139550317433961,0.0149589751369475,-0.019625));
#6791=CARTESIAN_POINT('',(0.0124045309215623,0.0127968772522544,-0.0198867241579502));
#6792=CARTESIAN_POINT('',(0.00980950975929822,0.0167681374361118,-0.020375));
#6793=CARTESIAN_POINT('',(0.00915999070645989,0.0171431374361118,-0.020375));
#6794=CARTESIAN_POINT('',(0.00980950975929822,0.0167681374361118,-0.019625));
#6795=CARTESIAN_POINT('',(0.00980950975929822,0.0167681374361118,-0.019625));
#6796=CARTESIAN_POINT('',(0.01475,0.0145,-0.019625));
#6797=CARTESIAN_POINT('',(0.01475,0.0145,-0.019625));
#6798=CARTESIAN_POINT('',(0.0085,0.0145,-0.019625));
#6799=CARTESIAN_POINT('',(0.00939285714285715,0.0129535260646706,-0.0180785260646706));
#6800=CARTESIAN_POINT('',(0.007375,0.01375,-0.020375));
#6801=CARTESIAN_POINT('',(0.0085,0.01375,-0.020375));
#6802=CARTESIAN_POINT('',(0.0124045309215623,0.012273428936354,-0.020375));
#6803=CARTESIAN_POINT('',(0.0124045309215623,0.012273428936354,-0.019625));
#6804=CARTESIAN_POINT('',(0.0120267646389473,0.0129277393312295,-0.019625));
#6805=CARTESIAN_POINT('',(0.0120267646389473,0.0129277393312295,-0.019625));
#6806=CARTESIAN_POINT('',(0.0100625,0.0172063293868263,-0.019625));
#6807=CARTESIAN_POINT('',(0.0100625,0.0172063293868263,-0.019625));
#6808=CARTESIAN_POINT('',(0.0085,0.0145,-0.020375));
#6809=CARTESIAN_POINT('',(0.00914951905283833,0.014125,-0.020375));
#6810=CARTESIAN_POINT('',(0.0120267646389473,0.0129277393312295,-0.019625));
#6811=CARTESIAN_POINT('',(0.00980950975929822,0.013695818952206,-0.0211611592419529));
#6812=CARTESIAN_POINT('',(0.00947951440606827,0.0146965687180559,-0.020375));
#6813=CARTESIAN_POINT('',(0.0112492012117406,0.0190614589600392,-0.020375));
#6814=CARTESIAN_POINT('',(0.011705827140644,0.018466486052208,-0.020375));
#6815=CARTESIAN_POINT('',(0.0112492012117406,0.0190614589600392,-0.019625));
#6816=CARTESIAN_POINT('',(0.0112492012117406,0.0190614589600392,-0.019625));
#6817=CARTESIAN_POINT('',(0.01475,0.0145,-0.019625));
#6818=CARTESIAN_POINT('',(0.01475,0.0145,-0.019625));
#6819=CARTESIAN_POINT('',(0.0112492012117406,0.00993854103996082,-0.019625));
#6820=CARTESIAN_POINT('',(0.0112492012117406,0.00993854103996082,-0.019625));
#6821=CARTESIAN_POINT('',(0.01475,0.0145,-0.020375));
#6822=CARTESIAN_POINT('',(0.011705827140644,0.010533513947792,-0.020375));
#6823=CARTESIAN_POINT('',(0.0112492012117406,0.00993854103996082,-0.020375));
#6824=CARTESIAN_POINT('',(0.00876112768068727,0.0215495324910926,-0.020375));
#6825=CARTESIAN_POINT('',(0.00924671192279371,0.0209779487755986,-0.020375));
#6826=CARTESIAN_POINT('',(0.00876112768068727,0.0215495324910926,-0.019625));
#6827=CARTESIAN_POINT('',(0.00876112768068728,0.0215495324910926,-0.019625));
#6828=CARTESIAN_POINT('',(0.01475,0.0145,-0.019625));
#6829=CARTESIAN_POINT('',(0.01475,0.0145,-0.019625));
#6830=CARTESIAN_POINT('',(0.00876112768068726,0.00745046750890744,-0.019625));
#6831=CARTESIAN_POINT('',(0.00876112768068727,0.00745046750890745,-0.019625));
#6832=CARTESIAN_POINT('',(0.01475,0.0145,-0.020375));
#6833=CARTESIAN_POINT('',(0.0092467119227937,0.00802205122440143,-0.020375));
#6834=CARTESIAN_POINT('',(0.00876112768068726,0.00745046750890744,-0.020375));
#6835=CARTESIAN_POINT('',(0.02875,0.02625,-0.00075));
#6836=CARTESIAN_POINT('',(0.02875,0.00275,-0.00075));
#6837=CARTESIAN_POINT('',(0.02,0.005,-0.0025));
#6838=CARTESIAN_POINT('',(0.0177928932188135,0.,-0.00470710678118655));
#6839=CARTESIAN_POINT('',(0.003,0.005,-0.003));
#6840=CARTESIAN_POINT('',(0.003,0.001252,-0.00170710678118655));
#6841=CARTESIAN_POINT('',(0.003,0.00125,-0.004));
#6842=CARTESIAN_POINT('',(0.01025,0.005,-0.005));
#6843=CARTESIAN_POINT('',(0.0170857864376269,0.00125,-0.005));
#6844=CARTESIAN_POINT('',(0.01025,0.00125,-0.005));
#6845=CARTESIAN_POINT('',(0.004,0.,-0.005));
#6846=CARTESIAN_POINT('',(0.004,0.005,-0.004));
#6847=CARTESIAN_POINT('',(0.0170857864376269,0.005,-0.004));
#6848=CARTESIAN_POINT('',(0.00475,0.0145,3.31706691108223E-18));
#6849=CARTESIAN_POINT('',(0.01975,-0.0171228032654707,-0.001));
#6850=CARTESIAN_POINT('',(-0.02375,0.015,-0.0055));
#6851=CARTESIAN_POINT('',(-0.02375,0.015,-0.0075));
#6852=CARTESIAN_POINT('',(-0.229067621135331,0.003,-0.0075));
#6853=CARTESIAN_POINT('',(0.0145,0.003,-0.0075));
#6854=CARTESIAN_POINT('',(0.0145,0.00256698729810777,-0.00775));
#6855=CARTESIAN_POINT('',(0.0145,0.00256698729810777,-0.00775));
#6856=CARTESIAN_POINT('',(0.0145,0.00266668713642188,-0.00792268518546644));
#6857=CARTESIAN_POINT('',(0.0143626508231513,0.00284068661598391,-0.008));
#6858=CARTESIAN_POINT('',(0.01425,0.003,-0.008));
#6859=CARTESIAN_POINT('',(-0.02375,0.003,-0.0055));
#6860=CARTESIAN_POINT('',(0.022,0.0145,-0.008));
#6861=CARTESIAN_POINT('',(0.029502,0.0234123861488632,-0.00185));
#6862=CARTESIAN_POINT('',(0.029502,0.0175,-0.00185));
#6863=CARTESIAN_POINT('',(0.029502,0.0275,-0.00185));
#6864=CARTESIAN_POINT('',(0.0015,0.0275,-0.00185));
#6865=CARTESIAN_POINT('',(0.0134571930744316,0.0394571930744316,-0.00185));
#6866=CARTESIAN_POINT('',(0.029502,0.0175,-0.00325));
#6867=CARTESIAN_POINT('',(0.029502,0.0161,-0.00325));
#6868=CARTESIAN_POINT('',(0.029502,0.0275,-0.00185));
#6869=CARTESIAN_POINT('',(0.0015,0.0275,-0.00185));
#6870=CARTESIAN_POINT('',(0.029502,0.0161,-0.00421947685217239));
#6871=CARTESIAN_POINT('',(0.029502,0.0161,-0.00425));
#6872=CARTESIAN_POINT('',(0.029502,0.0175,-0.00425));
#6873=CARTESIAN_POINT('',(0.029502,0.0175,-0.00565));
#6874=CARTESIAN_POINT('',(0.029502,0.0227605967420157,-0.00565));
#6875=CARTESIAN_POINT('',(0.029502,0.0275,-0.00565));
#6876=CARTESIAN_POINT('',(0.0015,0.0275,-0.00565));
#6877=CARTESIAN_POINT('',(0.0131312983710079,0.0391312983710079,-0.00565));
#6878=CARTESIAN_POINT('',(0.029502,0.0275,-0.00535));
#6879=CARTESIAN_POINT('',(0.029502,0.0275,-0.00535));
#6880=CARTESIAN_POINT('',(0.0015,0.0275,-0.00535));
#6881=CARTESIAN_POINT('',(0.0015,0.0275,-0.00535));
#6882=CARTESIAN_POINT('',(0.029502,0.0227605967420157,-0.00535));
#6883=CARTESIAN_POINT('',(0.0005,0.024125,-0.00535));
#6884=CARTESIAN_POINT('',(0.0005,0.021,-0.00535));
#6885=CARTESIAN_POINT('',(0.0005,0.0265,-0.00535));
#6886=CARTESIAN_POINT('',(0.00125,0.02025,-0.00535));
#6887=CARTESIAN_POINT('',(0.029502,0.0175,-0.00535));
#6888=CARTESIAN_POINT('',(0.0131312983710079,0.0391312983710079,-0.00535));
#6889=CARTESIAN_POINT('',(0.029502,0.0175,-0.00425));
#6890=CARTESIAN_POINT('',(0.029502,0.0164,-0.00425));
#6891=CARTESIAN_POINT('',(0.029502,0.0164,-0.00421947685217239));
#6892=CARTESIAN_POINT('',(0.029502,0.0164,-0.00325));
#6893=CARTESIAN_POINT('',(0.029502,0.0175,-0.00325));
#6894=CARTESIAN_POINT('',(0.018,0.00125,-0.012125));
#6895=CARTESIAN_POINT('',(0.0174227346184385,0.00182726538154879,-0.00796136730921922));
#6896=CARTESIAN_POINT('',(0.0174656286102987,0.00178437138968863,-0.0079828143051493));
#6897=CARTESIAN_POINT('',(0.0175099517241864,0.00174004827581357,-0.00800203330506606));
#6898=CARTESIAN_POINT('',(0.0175558841422568,0.00169411585774322,-0.00799686714788182));
#6899=CARTESIAN_POINT('',(0.00125,0.02725,-0.0101875));
#6900=CARTESIAN_POINT('',(0.0005,0.0265,-0.0101875));
#6901=CARTESIAN_POINT('',(0.0005,0.0145,-0.0101875));
#6902=CARTESIAN_POINT('',(0.0005,0.021,-0.00375));
#6903=CARTESIAN_POINT('',(0.00125,0.02025,-0.0101875));
#6904=CARTESIAN_POINT('',(0.00385355339059327,0.001252,-0.000853553390593271));
#6905=CARTESIAN_POINT('',(0.00449371843353823,0.,-0.000213388347648317));
#6906=CARTESIAN_POINT('',(0.00440533008588991,0.001252,-0.000124999999999998));
#6907=CARTESIAN_POINT('',(0.0145,0.02475,-0.006498));
#6908=CARTESIAN_POINT('',(0.0145,0.02475,-0.006498));
#6909=CARTESIAN_POINT('',(0.00275,0.026375,-0.007875));
#6910=CARTESIAN_POINT('',(0.00275,0.026375,-0.007875));
#6911=CARTESIAN_POINT('',(0.00275,0.027175,-0.007875));
#6912=CARTESIAN_POINT('',(0.00275,0.02125,-0.008125));
#6913=CARTESIAN_POINT('',(0.02775,0.026375,-0.007875));
#6914=CARTESIAN_POINT('',(0.02775,0.0285520833333333,-0.00955512147171631));
#6915=CARTESIAN_POINT('',(0.02775,0.0283289473684211,-0.00981009423063592));
#6916=CARTESIAN_POINT('',(0.02775,0.026375,-0.007875));
#6917=CARTESIAN_POINT('',(0.02775,0.0285520833333333,-0.00619487852828366));
#6918=CARTESIAN_POINT('',(0.02775,0.0283289473684211,-0.00593990576936406));
#6919=CARTESIAN_POINT('',(0.02775,0.02975,-0.00453256451071975));
#6920=CARTESIAN_POINT('',(0.02775,0.02975,-0.0112174354892802));
#6921=CARTESIAN_POINT('',(0.0145,0.0145,-0.0065));
#6922=CARTESIAN_POINT('',(0.0095,0.0015,-0.0065));
#6923=CARTESIAN_POINT('',(0.02775,0.02875,-0.00604214021267309));
#6924=CARTESIAN_POINT('',(0.02775,0.02875,-0.00970785978732689));
#6925=CARTESIAN_POINT('',(0.015625,0.027,-0.00325));
#6926=CARTESIAN_POINT('',(0.0195321699141101,0.027,0.000657169914110104));
#6927=CARTESIAN_POINT('',(0.0224393398282202,0.027,-0.00225));
#6928=CARTESIAN_POINT('',(0.015625,0.027,-0.00225));
#6929=CARTESIAN_POINT('',(0.00706066017177982,0.027,-0.00225));
#6930=CARTESIAN_POINT('',(0.0108428300858899,0.027,0.0015321699141101));
#6931=CARTESIAN_POINT('',(0.00425,0.02775,-0.004));
#6932=CARTESIAN_POINT('',(0.00702933749067818,0.0270756196415254,-0.00217438035847453));
#6933=CARTESIAN_POINT('',(0.01475,0.02775,-0.00149999999999999));
#6934=CARTESIAN_POINT('',(0.0221179314115258,0.0262240514413557,-0.00302594855864434));
#6935=CARTESIAN_POINT('',(0.02525,0.02775,-0.004));
#6936=CARTESIAN_POINT('',(0.0095,0.0015,-0.004998));
#6937=CARTESIAN_POINT('',(0.0095,0.0015,-0.00525));
#6938=CARTESIAN_POINT('',(0.012,0.0015,-0.00525));
#6939=CARTESIAN_POINT('',(0.0098992,0.0015,-0.0041996));
#6940=CARTESIAN_POINT('',(0.0095,0.0015,-0.00525));
#6941=CARTESIAN_POINT('',(0.012559016994375,0.0015,-0.00525));
#6942=CARTESIAN_POINT('',(0.0145,0.00425,-0.0065));
#6943=CARTESIAN_POINT('',(0.0145,0.006,-0.0065));
#6944=CARTESIAN_POINT('',(0.0145,0.006,-0.007));
#6945=CARTESIAN_POINT('',(0.0145,0.006,-0.00775));
#6946=CARTESIAN_POINT('',(0.0145,0.00425,-0.00775));
#6947=CARTESIAN_POINT('',(0.0145,0.006,-0.007));
#6948=CARTESIAN_POINT('',(0.016,0.006,-0.0065));
#6949=CARTESIAN_POINT('',(0.0145,0.006,-0.007));
#6950=CARTESIAN_POINT('',(0.01425,0.006,-0.00775));
#6951=CARTESIAN_POINT('',(0.016,0.01025,-0.0065));
#6952=CARTESIAN_POINT('',(0.0157,0.01025,-0.0071));
#6953=CARTESIAN_POINT('',(0.0149472135955,0.01025,-0.00672360679774997));
#6954=CARTESIAN_POINT('',(0.0158090169943749,0.01025,-0.00619098300562504));
#6955=CARTESIAN_POINT('',(0.0145,0.01025,-0.007));
#6956=CARTESIAN_POINT('',(0.0145,0.01025,-0.0065));
#6957=CARTESIAN_POINT('',(0.0145,0.01025,-0.00775));
#6958=CARTESIAN_POINT('',(0.01425,0.01025,-0.00775));
#6959=CARTESIAN_POINT('',(0.016,0.01375,-0.0065));
#6960=CARTESIAN_POINT('',(0.0145,0.01375,-0.0065));
#6961=CARTESIAN_POINT('',(0.0145,0.01375,-0.007));
#6962=CARTESIAN_POINT('',(0.0145,0.01375,-0.00775));
#6963=CARTESIAN_POINT('',(0.0145,0.01375,-0.007));
#6964=CARTESIAN_POINT('',(0.0149472135955,0.01375,-0.00672360679774997));
#6965=CARTESIAN_POINT('',(0.0145,0.01375,-0.0065));
#6966=CARTESIAN_POINT('',(0.01425,0.01375,-0.00775));
#6967=CARTESIAN_POINT('',(0.0145,0.012,-0.0065));
#6968=CARTESIAN_POINT('',(0.0145,0.012,-0.00775));
#6969=CARTESIAN_POINT('',(0.0145,0.012,-0.007));
#6970=CARTESIAN_POINT('',(0.0145,0.013625,-0.0065));
#6971=CARTESIAN_POINT('',(0.0149472135955,0.013625,-0.00672360679774997));
#6972=CARTESIAN_POINT('',(0.017611803398875,0.0015,-0.00777639320225001));
#6973=CARTESIAN_POINT('',(0.0170590169943749,0.0015,-0.0075));
#6974=CARTESIAN_POINT('',(0.0169472135955,0.00149999999999999,-0.00772360679774998));
#6975=CARTESIAN_POINT('',(0.0169472135955,0.00124999999999999,-0.00772360679774998));
#6976=CARTESIAN_POINT('',(0.0170590169943749,0.00124999999999999,-0.0075));
#6977=CARTESIAN_POINT('',(0.0171052397999383,0.00150000000011311,-0.00780261989996913));
#6978=CARTESIAN_POINT('',(0.0171133612937936,0.00131191945909549,-0.00780668064689718));
#6979=CARTESIAN_POINT('',(0.0172170431988131,0.00124999999999999,-0.0076580262044388));
#6980=CARTESIAN_POINT('',(0.0174184023801662,0.00158086633798461,-0.00795920119008309));
#6981=CARTESIAN_POINT('',(0.0174573518624846,0.00148477208304704,-0.00797867593124215));
#6982=CARTESIAN_POINT('',(0.0175302057790412,0.00141173267584063,-0.00797118878394971));
#6983=CARTESIAN_POINT('',(0.0174714930704837,0.00175508546094163,-0.00798574653524183));
#6984=CARTESIAN_POINT('',(0.0175244629329228,0.00175852674322206,-0.00801223146646138));
#6985=CARTESIAN_POINT('',(0.0175832964693586,0.00176017092236665,-0.00802427947641622));
#6986=CARTESIAN_POINT('',(0.0174209564973772,0.0018299494573479,-0.00796047824868863));
#6987=CARTESIAN_POINT('',(0.0174722424417821,0.00187322486483682,-0.00798612122089106));
#6988=CARTESIAN_POINT('',(0.0175327598962522,0.0019098989146958,-0.00797374290187729));
#6989=CARTESIAN_POINT('',(0.0145,0.00425,-0.007));
#6990=CARTESIAN_POINT('',(0.0145,0.012,-0.007));
#6991=CARTESIAN_POINT('',(0.01425,0.0145,-0.00775));
#6992=CARTESIAN_POINT('',(0.01425,0.0145,-0.00775));
#6993=CARTESIAN_POINT('',(0.00806811862835959,0.0289,-0.0106877896200185));
#6994=CARTESIAN_POINT('',(0.00806811862835959,0.029,-0.0106877896200185));
#6995=CARTESIAN_POINT('',(0.00843296261970961,0.0289,-0.0110526336113685));
#6996=CARTESIAN_POINT('',(0.00843296261970961,0.029,-0.0110526336113685));
#6997=CARTESIAN_POINT('',(0.00861538461538462,0.0289,-0.0115625193080012));
#6998=CARTESIAN_POINT('',(0.00861538461538462,0.029,-0.0115625193080012));
#6999=CARTESIAN_POINT('',(0.00861538461538462,0.0289,-0.0122174467099166));
#7000=CARTESIAN_POINT('',(0.00861538461538462,0.029,-0.0122174467099166));
#7001=CARTESIAN_POINT('',(0.00861538461538462,0.0287,-0.0122174467099166));
#7002=CARTESIAN_POINT('',(0.00861538461538462,0.0289,-0.0122174467099166));
#7003=CARTESIAN_POINT('',(0.00861538461538462,0.0289,-0.0122174467099166));
#7004=CARTESIAN_POINT('',(0.00861538461538462,0.0289,-0.0116604481132599));
#7005=CARTESIAN_POINT('',(0.00846476536171449,0.0289,-0.0110844363533734));
#7006=CARTESIAN_POINT('',(0.00806811862835959,0.0289,-0.0106877896200185));
#7007=CARTESIAN_POINT('',(0.00806811862835959,0.0289,-0.0106877896200185));
#7008=CARTESIAN_POINT('',(0.00806811862835959,0.0287,-0.0106877896200185));
#7009=CARTESIAN_POINT('',(0.00861538461538462,0.0289,-0.0122174467099166));
#7010=CARTESIAN_POINT('',(0.00861538461538462,0.029,-0.0122174467099166));
#7011=CARTESIAN_POINT('',(0.00861538461538462,0.0289,-0.0129162418906395));
#7012=CARTESIAN_POINT('',(0.00861538461538462,0.029,-0.0129162418906395));
#7013=CARTESIAN_POINT('',(0.00842570281124498,0.0289,-0.0134505329008341));
#7014=CARTESIAN_POINT('',(0.00842570281124498,0.029,-0.0134505329008341));
#7015=CARTESIAN_POINT('',(0.00804633920296571,0.0289,-0.0138203197405004));
#7016=CARTESIAN_POINT('',(0.00804633920296571,0.029,-0.0138203197405004));
#7017=CARTESIAN_POINT('',(0.00804633920296571,0.0287,-0.0138203197405004));
#7018=CARTESIAN_POINT('',(0.00804633920296571,0.0289,-0.0138203197405004));
#7019=CARTESIAN_POINT('',(0.00804633920296571,0.0289,-0.0138203197405004));
#7020=CARTESIAN_POINT('',(0.00846402244413751,0.0289,-0.0134131806202377));
#7021=CARTESIAN_POINT('',(0.00861538461538462,0.0289,-0.0128028064927612));
#7022=CARTESIAN_POINT('',(0.00861538461538462,0.0289,-0.0122174467099166));
#7023=CARTESIAN_POINT('',(0.00804633920296571,0.0289,-0.0138203197405004));
#7024=CARTESIAN_POINT('',(0.00804633920296571,0.029,-0.0138203197405004));
#7025=CARTESIAN_POINT('',(0.00766697559468644,0.0289,-0.0141901065801668));
#7026=CARTESIAN_POINT('',(0.00766697559468644,0.029,-0.0141901065801668));
#7027=CARTESIAN_POINT('',(0.00712109978375038,0.0289,-0.014375));
#7028=CARTESIAN_POINT('',(0.00712109978375038,0.029,-0.014375));
#7029=CARTESIAN_POINT('',(0.00640871177015755,0.0289,-0.014375));
#7030=CARTESIAN_POINT('',(0.00640871177015755,0.029,-0.014375));
#7031=CARTESIAN_POINT('',(0.00640871177015755,0.0287,-0.014375));
#7032=CARTESIAN_POINT('',(0.00640871177015755,0.0289,-0.014375));
#7033=CARTESIAN_POINT('',(0.00640871177015755,0.0289,-0.014375));
#7034=CARTESIAN_POINT('',(0.00700134654856411,0.0289,-0.014375));
#7035=CARTESIAN_POINT('',(0.00761883591938241,0.0289,-0.0142370310030812));
#7036=CARTESIAN_POINT('',(0.00804633920296571,0.0289,-0.0138203197405004));
#7037=CARTESIAN_POINT('',(0.00582205746061168,0.0287,-0.014375));
#7038=CARTESIAN_POINT('',(0.0052354031510658,0.0287,-0.014375));
#7039=CARTESIAN_POINT('',(0.0052354031510658,0.0289,-0.014375));
#7040=CARTESIAN_POINT('',(0.00582205746061168,0.0289,-0.014375));
#7041=CARTESIAN_POINT('',(0.0052354031510658,0.0287,-0.0122577618164967));
#7042=CARTESIAN_POINT('',(0.0052354031510658,0.0287,-0.0101405236329935));
#7043=CARTESIAN_POINT('',(0.0052354031510658,0.0289,-0.0101405236329935));
#7044=CARTESIAN_POINT('',(0.0052354031510658,0.0289,-0.0122577618164967));
#7045=CARTESIAN_POINT('',(0.00588415199258573,0.0287,-0.0101405236329935));
#7046=CARTESIAN_POINT('',(0.00653290083410565,0.0287,-0.0101405236329935));
#7047=CARTESIAN_POINT('',(0.00653290083410565,0.0289,-0.0101405236329935));
#7048=CARTESIAN_POINT('',(0.00588415199258573,0.0289,-0.0101405236329935));
#7049=CARTESIAN_POINT('',(0.00765106580166821,0.0289,-0.0135163345690454));
#7050=CARTESIAN_POINT('',(0.00765106580166821,0.029,-0.0135163345690454));
#7051=CARTESIAN_POINT('',(0.00794670991658944,0.0289,-0.0132274868705591));
#7052=CARTESIAN_POINT('',(0.00794670991658944,0.029,-0.0132274868705591));
#7053=CARTESIAN_POINT('',(0.00809453197405005,0.0289,-0.0128003938832252));
#7054=CARTESIAN_POINT('',(0.00809453197405005,0.029,-0.0128003938832252));
#7055=CARTESIAN_POINT('',(0.00809453197405005,0.0289,-0.0122350556070435));
#7056=CARTESIAN_POINT('',(0.00809453197405005,0.029,-0.0122350556070435));
#7057=CARTESIAN_POINT('',(0.00809453197405005,0.0287,-0.0122350556070435));
#7058=CARTESIAN_POINT('',(0.00809453197405005,0.0289,-0.0122350556070435));
#7059=CARTESIAN_POINT('',(0.00809453197405005,0.029,-0.0122350556070435));
#7060=CARTESIAN_POINT('',(0.00809453197405005,0.0289,-0.0122350556070435));
#7061=CARTESIAN_POINT('',(0.00809453197405005,0.0289,-0.0126983191439371));
#7062=CARTESIAN_POINT('',(0.0079861994538506,0.0289,-0.0131889051387523));
#7063=CARTESIAN_POINT('',(0.00765106580166821,0.0289,-0.0135163345690454));
#7064=CARTESIAN_POINT('',(0.00765106580166821,0.0289,-0.0135163345690454));
#7065=CARTESIAN_POINT('',(0.00765106580166821,0.0287,-0.0135163345690454));
#7066=CARTESIAN_POINT('',(0.00765106580166821,0.029,-0.0135163345690454));
#7067=CARTESIAN_POINT('',(0.00765106580166821,0.029,-0.0135163345690454));
#7068=CARTESIAN_POINT('',(0.00809453197405005,0.029,-0.013083063021316));
#7069=CARTESIAN_POINT('',(0.00809453197405005,0.029,-0.0122350556070435));
#7070=CARTESIAN_POINT('',(0.00809453197405005,0.0289,-0.0122350556070435));
#7071=CARTESIAN_POINT('',(0.00809453197405005,0.029,-0.0122350556070435));
#7072=CARTESIAN_POINT('',(0.00809453197405005,0.0289,-0.0116826923076923));
#7073=CARTESIAN_POINT('',(0.00809453197405005,0.029,-0.0116826923076923));
#7074=CARTESIAN_POINT('',(0.00795597775718258,0.0289,-0.0112665662650602));
#7075=CARTESIAN_POINT('',(0.00795597775718258,0.029,-0.0112665662650602));
#7076=CARTESIAN_POINT('',(0.00767886932344764,0.0289,-0.0109866774791473));
#7077=CARTESIAN_POINT('',(0.00767886932344764,0.029,-0.0109866774791473));
#7078=CARTESIAN_POINT('',(0.00767886932344764,0.0287,-0.0109866774791473));
#7079=CARTESIAN_POINT('',(0.00767886932344764,0.0289,-0.0109866774791473));
#7080=CARTESIAN_POINT('',(0.00767886932344764,0.029,-0.0109866774791473));
#7081=CARTESIAN_POINT('',(0.00767886932344764,0.0289,-0.0109866774791473));
#7082=CARTESIAN_POINT('',(0.00799513895333537,0.0289,-0.0113061203829135));
#7083=CARTESIAN_POINT('',(0.00809453197405005,0.0289,-0.0117838862832857));
#7084=CARTESIAN_POINT('',(0.00809453197405005,0.0289,-0.0122350556070435));
#7085=CARTESIAN_POINT('',(0.00809453197405005,0.029,-0.0122350556070435));
#7086=CARTESIAN_POINT('',(0.00809453197405005,0.029,-0.0114065106580167));
#7087=CARTESIAN_POINT('',(0.00767886932344764,0.029,-0.0109866774791473));
#7088=CARTESIAN_POINT('',(0.00767886932344764,0.0289,-0.0109866774791473));
#7089=CARTESIAN_POINT('',(0.00767886932344764,0.029,-0.0109866774791473));
#7090=CARTESIAN_POINT('',(0.0074017608897127,0.0289,-0.0107067886932345));
#7091=CARTESIAN_POINT('',(0.0074017608897127,0.029,-0.0107067886932345));
#7092=CARTESIAN_POINT('',(0.00698980537534755,0.0289,-0.010566844300278));
#7093=CARTESIAN_POINT('',(0.00698980537534755,0.029,-0.010566844300278));
#7094=CARTESIAN_POINT('',(0.00644300278035218,0.0289,-0.010566844300278));
#7095=CARTESIAN_POINT('',(0.00644300278035218,0.029,-0.010566844300278));
#7096=CARTESIAN_POINT('',(0.00644300278035218,0.0287,-0.010566844300278));
#7097=CARTESIAN_POINT('',(0.00644300278035218,0.0289,-0.010566844300278));
#7098=CARTESIAN_POINT('',(0.00644300278035218,0.029,-0.010566844300278));
#7099=CARTESIAN_POINT('',(0.00644300278035218,0.0289,-0.010566844300278));
#7100=CARTESIAN_POINT('',(0.00688885160300914,0.0289,-0.010566844300278));
#7101=CARTESIAN_POINT('',(0.00736169972157056,0.0289,-0.0106663255735725));
#7102=CARTESIAN_POINT('',(0.00767886932344764,0.0289,-0.0109866774791473));
#7103=CARTESIAN_POINT('',(0.00767886932344764,0.029,-0.0109866774791473));
#7104=CARTESIAN_POINT('',(0.00726320667284523,0.029,-0.010566844300278));
#7105=CARTESIAN_POINT('',(0.00644300278035218,0.029,-0.010566844300278));
#7106=CARTESIAN_POINT('',(0.0060852641334569,0.0287,-0.010566844300278));
#7107=CARTESIAN_POINT('',(0.00572752548656163,0.0287,-0.010566844300278));
#7108=CARTESIAN_POINT('',(0.00572752548656163,0.0289,-0.010566844300278));
#7109=CARTESIAN_POINT('',(0.00572752548656163,0.029,-0.010566844300278));
#7110=CARTESIAN_POINT('',(0.0060852641334569,0.0289,-0.010566844300278));
#7111=CARTESIAN_POINT('',(0.0060852641334569,0.029,-0.010566844300278));
#7112=CARTESIAN_POINT('',(0.00572752548656163,0.0287,-0.0122582252085264));
#7113=CARTESIAN_POINT('',(0.00572752548656163,0.0287,-0.0139496061167748));
#7114=CARTESIAN_POINT('',(0.00572752548656163,0.0289,-0.0139496061167748));
#7115=CARTESIAN_POINT('',(0.00572752548656163,0.029,-0.0139496061167748));
#7116=CARTESIAN_POINT('',(0.00572752548656163,0.0289,-0.0122582252085264));
#7117=CARTESIAN_POINT('',(0.00572752548656163,0.029,-0.0122582252085264));
#7118=CARTESIAN_POINT('',(0.00602734012974977,0.0287,-0.0139496061167748));
#7119=CARTESIAN_POINT('',(0.0063271547729379,0.0287,-0.0139496061167748));
#7120=CARTESIAN_POINT('',(0.0063271547729379,0.0289,-0.0139496061167748));
#7121=CARTESIAN_POINT('',(0.0063271547729379,0.029,-0.0139496061167748));
#7122=CARTESIAN_POINT('',(0.00602734012974977,0.0289,-0.0139496061167748));
#7123=CARTESIAN_POINT('',(0.00602734012974977,0.029,-0.0139496061167748));
#7124=CARTESIAN_POINT('',(0.0063271547729379,0.0289,-0.0139496061167748));
#7125=CARTESIAN_POINT('',(0.0063271547729379,0.029,-0.0139496061167748));
#7126=CARTESIAN_POINT('',(0.00691411801050355,0.0289,-0.0139496061167748));
#7127=CARTESIAN_POINT('',(0.00691411801050355,0.029,-0.0139496061167748));
#7128=CARTESIAN_POINT('',(0.00735542168674699,0.0289,-0.0138051822675317));
#7129=CARTESIAN_POINT('',(0.00735542168674699,0.029,-0.0138051822675317));
#7130=CARTESIAN_POINT('',(0.00765106580166821,0.0289,-0.0135163345690454));
#7131=CARTESIAN_POINT('',(0.00765106580166821,0.029,-0.0135163345690454));
#7132=CARTESIAN_POINT('',(0.00765106580166821,0.0289,-0.0135163345690454));
#7133=CARTESIAN_POINT('',(0.0073106544663781,0.0289,-0.0138489203563978));
#7134=CARTESIAN_POINT('',(0.0068044792850233,0.0289,-0.0139496061167748));
#7135=CARTESIAN_POINT('',(0.0063271547729379,0.0289,-0.0139496061167748));
#7136=CARTESIAN_POINT('',(0.0063271547729379,0.029,-0.0139496061167748));
#7137=CARTESIAN_POINT('',(0.00720759962928638,0.029,-0.0139496061167748));
#7138=CARTESIAN_POINT('',(0.00765106580166821,0.029,-0.0135163345690454));
#7139=CARTESIAN_POINT('',(0.00653290083410565,0.0289,-0.0101405236329935));
#7140=CARTESIAN_POINT('',(0.00653290083410565,0.029,-0.0101405236329935));
#7141=CARTESIAN_POINT('',(0.00719153537225826,0.0289,-0.0101405236329935));
#7142=CARTESIAN_POINT('',(0.00719153537225826,0.029,-0.0101405236329935));
#7143=CARTESIAN_POINT('',(0.00770327463700958,0.0289,-0.0103229456286685));
#7144=CARTESIAN_POINT('',(0.00770327463700958,0.029,-0.0103229456286685));
#7145=CARTESIAN_POINT('',(0.00806811862835959,0.0289,-0.0106877896200185));
#7146=CARTESIAN_POINT('',(0.00806811862835959,0.029,-0.0106877896200185));
#7147=CARTESIAN_POINT('',(0.00806811862835959,0.0289,-0.0106877896200185));
#7148=CARTESIAN_POINT('',(0.00767315450234956,0.0289,-0.0102928254940085));
#7149=CARTESIAN_POINT('',(0.00709342615963566,0.0289,-0.0101405236329935));
#7150=CARTESIAN_POINT('',(0.00653290083410565,0.0289,-0.0101405236329935));
#7151=CARTESIAN_POINT('',(0.01475,0.0287,-0.0081875));
#7152=CARTESIAN_POINT('',(0.01475,0.0287,-0.010366844300278));
#7153=CARTESIAN_POINT('',(0.00644300278035218,0.0287,-0.010366844300278));
#7154=CARTESIAN_POINT('',(0.00552752548656163,0.0287,-0.010366844300278));
#7155=CARTESIAN_POINT('',(0.00552752548656163,0.0287,-0.0081875));
#7156=CARTESIAN_POINT('',(0.00552752548656163,0.0287,-0.0141496061167748));
#7157=CARTESIAN_POINT('',(0.01475,0.0287,-0.0141496061167748));
#7158=CARTESIAN_POINT('',(0.0063271547729379,0.0287,-0.0141496061167748));
#7159=CARTESIAN_POINT('',(0.0063271547729379,0.0287,-0.0141496061167748));
#7160=CARTESIAN_POINT('',(0.00685629624805837,0.0287,-0.0141496061167748));
#7161=CARTESIAN_POINT('',(0.00741009074259423,0.0287,-0.0140313805193086));
#7162=CARTESIAN_POINT('',(0.00779083327499435,0.0287,-0.0136593906888027));
#7163=CARTESIAN_POINT('',(0.00779083327499435,0.0287,-0.0136593906888027));
#7164=CARTESIAN_POINT('',(0.00779083327499435,0.0287,-0.0136593906888027));
#7165=CARTESIAN_POINT('',(0.00816418919682217,0.0287,-0.0132946176617296));
#7166=CARTESIAN_POINT('',(0.00829453197405005,0.0287,-0.0127543314310242));
#7167=CARTESIAN_POINT('',(0.00829453197405005,0.0287,-0.0122350556070435));
#7168=CARTESIAN_POINT('',(0.00829453197405005,0.0287,-0.0122350556070435));
#7169=CARTESIAN_POINT('',(0.00829453197405005,0.0287,-0.0122350556070435));
#7170=CARTESIAN_POINT('',(0.00829453197405005,0.0287,-0.0117316170945337));
#7171=CARTESIAN_POINT('',(0.00817719675162408,0.0287,-0.0112057396507925));
#7172=CARTESIAN_POINT('',(0.00782099483926495,0.0287,-0.0108459638062024));
#7173=CARTESIAN_POINT('',(0.00782099483926495,0.0287,-0.0108459638062024));
#7174=CARTESIAN_POINT('',(0.00782099483926495,0.0287,-0.0108459638062024));
#7175=CARTESIAN_POINT('',(0.00746654701121853,0.0287,-0.0104879596454331));
#7176=CARTESIAN_POINT('',(0.0069441382518238,0.0287,-0.010366844300278));
#7177=CARTESIAN_POINT('',(0.00644300278035218,0.0287,-0.010366844300278));
#7178=CARTESIAN_POINT('',(0.01475,0.0287,-0.014175));
#7179=CARTESIAN_POINT('',(0.00640871177015755,0.0287,-0.014175));
#7180=CARTESIAN_POINT('',(0.0054354031510658,0.0287,-0.014175));
#7181=CARTESIAN_POINT('',(0.0054354031510658,0.0287,-0.0081875));
#7182=CARTESIAN_POINT('',(0.0054354031510658,0.0287,-0.0103405236329935));
#7183=CARTESIAN_POINT('',(0.01475,0.0287,-0.0103405236329935));
#7184=CARTESIAN_POINT('',(0.00653290083410565,0.0287,-0.0103405236329935));
#7185=CARTESIAN_POINT('',(0.00653290083410565,0.0287,-0.0103405236329935));
#7186=CARTESIAN_POINT('',(0.00704070447662951,0.0287,-0.0103405236329935));
#7187=CARTESIAN_POINT('',(0.00756558947740042,0.0287,-0.010468103181534));
#7188=CARTESIAN_POINT('',(0.00792669727212228,0.0287,-0.0108292109762558));
#7189=CARTESIAN_POINT('',(0.00792669727212228,0.0287,-0.0108292109762558));
#7190=CARTESIAN_POINT('',(0.00792669727212228,0.0287,-0.0108292109762558));
#7191=CARTESIAN_POINT('',(0.00828607925523057,0.0287,-0.0111885929593641));
#7192=CARTESIAN_POINT('',(0.00841538461538462,0.0287,-0.0117114809944271));
#7193=CARTESIAN_POINT('',(0.00841538461538462,0.0287,-0.0122174467099166));
#7194=CARTESIAN_POINT('',(0.00841538461538462,0.0287,-0.0122174467099166));
#7195=CARTESIAN_POINT('',(0.00841538461538462,0.0287,-0.0122174467099166));
#7196=CARTESIAN_POINT('',(0.00841538461538462,0.0287,-0.0127492143279887));
#7197=CARTESIAN_POINT('',(0.00829009579926568,0.0287,-0.013303421161232));
#7198=CARTESIAN_POINT('',(0.00790673711364626,0.0287,-0.0136771022253089));
#7199=CARTESIAN_POINT('',(0.00790673711364626,0.0287,-0.0136771022253089));
#7200=CARTESIAN_POINT('',(0.00790673711364626,0.0287,-0.0136771022253089));
#7201=CARTESIAN_POINT('',(0.00751636165458896,0.0287,-0.0140576229292923));
#7202=CARTESIAN_POINT('',(0.00695064258775184,0.0287,-0.014175));
#7203=CARTESIAN_POINT('',(0.00640871177015755,0.0287,-0.014175));
#7204=CARTESIAN_POINT('',(0.0295,0.029,-0.0081875));
#7205=CARTESIAN_POINT('',(0.00382808155699722,0.0287,-0.014375));
#7206=CARTESIAN_POINT('',(0.00358202038924931,0.0287,-0.014375));
#7207=CARTESIAN_POINT('',(0.00358202038924931,0.0289,-0.014375));
#7208=CARTESIAN_POINT('',(0.00382808155699722,0.0289,-0.014375));
#7209=CARTESIAN_POINT('',(0.00407414272474513,0.0289,-0.014375));
#7210=CARTESIAN_POINT('',(0.00407414272474513,0.0287,-0.014375));
#7211=CARTESIAN_POINT('',(0.00358202038924931,0.0287,-0.0122577618164967));
#7212=CARTESIAN_POINT('',(0.00358202038924931,0.0287,-0.0101405236329935));
#7213=CARTESIAN_POINT('',(0.00358202038924931,0.0289,-0.0101405236329935));
#7214=CARTESIAN_POINT('',(0.00358202038924931,0.0289,-0.0122577618164967));
#7215=CARTESIAN_POINT('',(0.00382808155699722,0.0287,-0.0101405236329935));
#7216=CARTESIAN_POINT('',(0.00407414272474513,0.0287,-0.0101405236329935));
#7217=CARTESIAN_POINT('',(0.00407414272474513,0.0289,-0.0101405236329935));
#7218=CARTESIAN_POINT('',(0.00382808155699722,0.0289,-0.0101405236329935));
#7219=CARTESIAN_POINT('',(0.00407414272474513,0.0287,-0.0122577618164967));
#7220=CARTESIAN_POINT('',(0.00407414272474513,0.0289,-0.0122577618164967));
#7221=CARTESIAN_POINT('',(0.01475,0.0287,-0.0081875));
#7222=CARTESIAN_POINT('',(0.00387414272474513,0.0287,-0.0081875));
#7223=CARTESIAN_POINT('',(0.00387414272474513,0.0287,-0.0103405236329935));
#7224=CARTESIAN_POINT('',(0.00387414272474513,0.0287,-0.014175));
#7225=CARTESIAN_POINT('',(0.01475,0.0287,-0.014175));
#7226=CARTESIAN_POINT('',(0.0037820203892493,0.0287,-0.014175));
#7227=CARTESIAN_POINT('',(0.0037820203892493,0.0287,-0.0081875));
#7228=CARTESIAN_POINT('',(0.0037820203892493,0.0287,-0.0103405236329935));
#7229=CARTESIAN_POINT('',(0.01475,0.0287,-0.0103405236329935));
#7230=CARTESIAN_POINT('',(0.017875,0.0287,-0.014375));
#7231=CARTESIAN_POINT('',(0.012,0.0287,-0.014375));
#7232=CARTESIAN_POINT('',(0.012,0.0289,-0.014375));
#7233=CARTESIAN_POINT('',(0.02375,0.0289,-0.014375));
#7234=CARTESIAN_POINT('',(0.02375,0.0289,-0.014375));
#7235=CARTESIAN_POINT('',(0.02375,0.029,-0.014375));
#7236=CARTESIAN_POINT('',(0.01,0.0287,-0.0086875));
#7237=CARTESIAN_POINT('',(0.01,0.0287,-0.005));
#7238=CARTESIAN_POINT('',(0.01,0.0289,-0.005));
#7239=CARTESIAN_POINT('',(0.01,0.0289,-0.0086875));
#7240=CARTESIAN_POINT('',(0.01,0.0289,-0.012375));
#7241=CARTESIAN_POINT('',(0.01,0.0287,-0.012375));
#7242=CARTESIAN_POINT('',(0.017875,0.0287,-0.003));
#7243=CARTESIAN_POINT('',(0.02375,0.0287,-0.003));
#7244=CARTESIAN_POINT('',(0.02375,0.0289,-0.003));
#7245=CARTESIAN_POINT('',(0.017875,0.0289,-0.003));
#7246=CARTESIAN_POINT('',(0.012,0.0289,-0.003));
#7247=CARTESIAN_POINT('',(0.012,0.029,-0.003));
#7248=CARTESIAN_POINT('',(0.02575,0.0287,-0.0086875));
#7249=CARTESIAN_POINT('',(0.02575,0.0287,-0.012375));
#7250=CARTESIAN_POINT('',(0.02575,0.0289,-0.012375));
#7251=CARTESIAN_POINT('',(0.02575,0.0289,-0.005));
#7252=CARTESIAN_POINT('',(0.02575,0.0289,-0.005));
#7253=CARTESIAN_POINT('',(0.02575,0.0287,-0.005));
#7254=CARTESIAN_POINT('',(0.01475,0.0287,-0.0081875));
#7255=CARTESIAN_POINT('',(0.02375,0.0287,-0.012375));
#7256=CARTESIAN_POINT('',(0.02555,0.0287,-0.012375));
#7257=CARTESIAN_POINT('',(0.02375,0.0287,-0.014175));
#7258=CARTESIAN_POINT('',(0.012,0.0287,-0.014175));
#7259=CARTESIAN_POINT('',(0.012,0.0287,-0.014175));
#7260=CARTESIAN_POINT('',(0.012,0.0287,-0.012375));
#7261=CARTESIAN_POINT('',(0.0102,0.0287,-0.012375));
#7262=CARTESIAN_POINT('',(0.0102,0.0287,-0.0081875));
#7263=CARTESIAN_POINT('',(0.0102,0.0287,-0.005));
#7264=CARTESIAN_POINT('',(0.012,0.0287,-0.005));
#7265=CARTESIAN_POINT('',(0.012,0.0287,-0.0032));
#7266=CARTESIAN_POINT('',(0.01475,0.0287,-0.0032));
#7267=CARTESIAN_POINT('',(0.02375,0.0287,-0.0032));
#7268=CARTESIAN_POINT('',(0.02375,0.0287,-0.005));
#7269=CARTESIAN_POINT('',(0.02555,0.0287,-0.005));
#7270=CARTESIAN_POINT('',(0.02555,0.0287,-0.012375));
#7271=CARTESIAN_POINT('',(0.012,0.0287,-0.005));
#7272=CARTESIAN_POINT('',(0.012,0.0289,-0.005));
#7273=CARTESIAN_POINT('',(0.02375,0.0287,-0.005));
#7274=CARTESIAN_POINT('',(0.02375,0.0289,-0.005));
#7275=CARTESIAN_POINT('',(0.02375,0.0287,-0.012375));
#7276=CARTESIAN_POINT('',(0.02375,0.0289,-0.012375));
#7277=CARTESIAN_POINT('',(0.012,0.0287,-0.012375));
#7278=CARTESIAN_POINT('',(0.012,0.0289,-0.012375));
#7279=CARTESIAN_POINT('',(0.01475,0.0289,-0.0103405236329935));
#7280=CARTESIAN_POINT('',(0.0037820203892493,0.0289,-0.0103405236329935));
#7281=CARTESIAN_POINT('',(0.00387414272474513,0.0289,-0.0103405236329935));
#7282=CARTESIAN_POINT('',(0.00387414272474513,0.0289,-0.0081875));
#7283=CARTESIAN_POINT('',(0.00387414272474513,0.0289,-0.014175));
#7284=CARTESIAN_POINT('',(0.0037820203892493,0.0289,-0.0081875));
#7285=CARTESIAN_POINT('',(0.0037820203892493,0.0289,-0.014175));
#7286=CARTESIAN_POINT('',(0.01475,0.0289,-0.014175));
#7287=CARTESIAN_POINT('',(0.00829453197405005,0.0287,-0.0122350556070435));
#7288=CARTESIAN_POINT('',(0.00809453197405005,0.0287,-0.0122350556070435));
#7289=CARTESIAN_POINT('',(0.00809453197405005,0.0289,-0.0122350556070435));
#7290=CARTESIAN_POINT('',(0.00829453200677927,0.0287,-0.0117316170902792));
#7291=CARTESIAN_POINT('',(0.00809453200056114,0.0286999999999901,-0.0117603595776375));
#7292=CARTESIAN_POINT('',(0.00809453197405005,0.028899999999993,-0.0117603595776352));
#7293=CARTESIAN_POINT('',(0.0081771967227426,0.0287,-0.0112057396723275));
#7294=CARTESIAN_POINT('',(0.00798409432098184,0.0287000000000845,-0.0112949649785471));
#7295=CARTESIAN_POINT('',(0.00798409434279982,0.0289,-0.0112949649568877));
#7296=CARTESIAN_POINT('',(0.00782099483926495,0.0287,-0.0108459638062024));
#7297=CARTESIAN_POINT('',(0.00767886932344763,0.0287,-0.0109866774791473));
#7298=CARTESIAN_POINT('',(0.00767886932344763,0.0289,-0.0109866774791473));
#7299=CARTESIAN_POINT('',(0.00782099483926495,0.0289,-0.0108459638062024));
#7300=CARTESIAN_POINT('',(0.00829453197405005,0.0289,-0.0122350556070435));
#7301=CARTESIAN_POINT('',(0.00779083327499435,0.0287,-0.0136593906888027));
#7302=CARTESIAN_POINT('',(0.00765106580166821,0.0287,-0.0135163345690454));
#7303=CARTESIAN_POINT('',(0.00765106580166821,0.0289,-0.0135163345690454));
#7304=CARTESIAN_POINT('',(0.00816418918027765,0.0287,-0.01329461764857));
#7305=CARTESIAN_POINT('',(0.0079735357993344,0.0287000000004456,-0.0132012776462285));
#7306=CARTESIAN_POINT('',(0.00797353581364577,0.0289000000000145,-0.0132012776607915));
#7307=CARTESIAN_POINT('',(0.00829453200799264,0.0287,-0.012754331434645));
#7308=CARTESIAN_POINT('',(0.00809453200153176,0.0287,-0.0127241687210779));
#7309=CARTESIAN_POINT('',(0.00809453197405005,0.0289,-0.0127241687210747));
#7310=CARTESIAN_POINT('',(0.00829453197405005,0.0287,-0.0122350556070435));
#7311=CARTESIAN_POINT('',(0.00809453197405005,0.0287,-0.0122350556070435));
#7312=CARTESIAN_POINT('',(0.00809453197405005,0.0289,-0.0122350556070435));
#7313=CARTESIAN_POINT('',(0.00779083327499435,0.0289,-0.0136593906888027));
#7314=CARTESIAN_POINT('',(0.00782099483926495,0.0287,-0.0108459638062024));
#7315=CARTESIAN_POINT('',(0.00767886932344763,0.0287,-0.0109866774791473));
#7316=CARTESIAN_POINT('',(0.00767886932344763,0.0289,-0.0109866774791473));
#7317=CARTESIAN_POINT('',(0.00746654699406255,0.0287,-0.0104879596673716));
#7318=CARTESIAN_POINT('',(0.00737514148469968,0.028700000000262,-0.0106799022396041));
#7319=CARTESIAN_POINT('',(0.00737514150247431,0.028900000000007,-0.0106799022218432));
#7320=CARTESIAN_POINT('',(0.00694413825539878,0.0287,-0.0103668442654787));
#7321=CARTESIAN_POINT('',(0.0069147010051326,0.0287,-0.0105668442721372));
#7322=CARTESIAN_POINT('',(0.00691470100513275,0.0289,-0.010566844300278));
#7323=CARTESIAN_POINT('',(0.00644300278035218,0.0287,-0.010366844300278));
#7324=CARTESIAN_POINT('',(0.00644300278035218,0.0287,-0.010566844300278));
#7325=CARTESIAN_POINT('',(0.00644300278035218,0.0289,-0.010566844300278));
#7326=CARTESIAN_POINT('',(0.00644300278035218,0.0289,-0.010366844300278));
#7327=CARTESIAN_POINT('',(0.0063271547729379,0.0287,-0.0141496061167748));
#7328=CARTESIAN_POINT('',(0.0063271547729379,0.0287,-0.0139496061167748));
#7329=CARTESIAN_POINT('',(0.0063271547729379,0.0289,-0.0139496061167748));
#7330=CARTESIAN_POINT('',(0.00685629625207546,0.0287,-0.0141496061473285));
#7331=CARTESIAN_POINT('',(0.00682828659855849,0.0286999999999312,-0.0139496061419234));
#7332=CARTESIAN_POINT('',(0.00682828659857141,0.0288999999999982,-0.0139496061167748));
#7333=CARTESIAN_POINT('',(0.00741009071955967,0.0287,-0.0140313804881542));
#7334=CARTESIAN_POINT('',(0.00732285931243144,0.0287,-0.0138369960366669));
#7335=CARTESIAN_POINT('',(0.00732285933485205,0.0289,-0.0138369960596129));
#7336=CARTESIAN_POINT('',(0.00779083327499435,0.0287,-0.0136593906888027));
#7337=CARTESIAN_POINT('',(0.00765106580166821,0.0287,-0.0135163345690454));
#7338=CARTESIAN_POINT('',(0.00765106580166821,0.0289,-0.0135163345690454));
#7339=CARTESIAN_POINT('',(0.0063271547729379,0.0289,-0.0141496061167748));
#7340=CARTESIAN_POINT('',(0.01475,0.0289,-0.010366844300278));
#7341=CARTESIAN_POINT('',(0.00552752548656163,0.0289,-0.010366844300278));
#7342=CARTESIAN_POINT('',(0.01475,0.0289,-0.0141496061167748));
#7343=CARTESIAN_POINT('',(0.00552752548656163,0.0289,-0.0141496061167748));
#7344=CARTESIAN_POINT('',(0.00552752548656163,0.0289,-0.0081875));
#7345=CARTESIAN_POINT('',(0.00841538461538462,0.0287,-0.0122174467099166));
#7346=CARTESIAN_POINT('',(0.00861538461538462,0.0287,-0.0122174467099166));
#7347=CARTESIAN_POINT('',(0.00861538461538462,0.0289,-0.0122174467099166));
#7348=CARTESIAN_POINT('',(0.00841538463210438,0.0287,-0.0124833305201622));
#7349=CARTESIAN_POINT('',(0.00861538463500273,0.0287,-0.0124978534048539));
#7350=CARTESIAN_POINT('',(0.00861538461538462,0.0289,-0.012497853404853));
#7351=CARTESIAN_POINT('',(0.00836136921331943,0.0287,-0.0130164456102295));
#7352=CARTESIAN_POINT('',(0.00856070884180144,0.0287,-0.0130685969300422));
#7353=CARTESIAN_POINT('',(0.00856070885054372,0.0289,-0.0130685969289476));
#7354=CARTESIAN_POINT('',(0.00809841645212374,0.0287,-0.0134902616899131));
#7355=CARTESIAN_POINT('',(0.00826387551648713,0.0287,-0.0136082749745978));
#7356=CARTESIAN_POINT('',(0.0082638755186207,0.0289,-0.0136082749767879));
#7357=CARTESIAN_POINT('',(0.00790673711364625,0.0287,-0.0136771022253089));
#7358=CARTESIAN_POINT('',(0.00804633920296571,0.0287,-0.0138203197405004));
#7359=CARTESIAN_POINT('',(0.00804633920296571,0.0289,-0.0138203197405004));
#7360=CARTESIAN_POINT('',(0.00790673711364626,0.0289,-0.0136771022253089));
#7361=CARTESIAN_POINT('',(0.00841538461538462,0.0289,-0.0122174467099166));
#7362=CARTESIAN_POINT('',(0.00792669727212228,0.0287,-0.0108292109762558));
#7363=CARTESIAN_POINT('',(0.00806811862835959,0.0287,-0.0106877896200185));
#7364=CARTESIAN_POINT('',(0.00806811862835959,0.0289,-0.0106877896200185));
#7365=CARTESIAN_POINT('',(0.00828607925105401,0.0287,-0.0111885929624335));
#7366=CARTESIAN_POINT('',(0.00847464517371493,0.02869999999999,-0.0110943161631569));
#7367=CARTESIAN_POINT('',(0.00847464517260656,0.0288999999999929,-0.0110943161642655));
#7368=CARTESIAN_POINT('',(0.00841538465042327,0.0287,-0.0117114809917294));
#7369=CARTESIAN_POINT('',(0.00861538465717074,0.0287,-0.0116810648883326));
#7370=CARTESIAN_POINT('',(0.00861538461538462,0.0289,-0.0116810648883304));
#7371=CARTESIAN_POINT('',(0.00841538461538462,0.0287,-0.0122174467099166));
#7372=CARTESIAN_POINT('',(0.00861538461538462,0.0287,-0.0122174467099166));
#7373=CARTESIAN_POINT('',(0.00861538461538462,0.0289,-0.0122174467099166));
#7374=CARTESIAN_POINT('',(0.00792669727212228,0.0289,-0.0108292109762558));
#7375=CARTESIAN_POINT('',(0.00790673711364626,0.0287,-0.0136771022253089));
#7376=CARTESIAN_POINT('',(0.00804633920296572,0.0287,-0.0138203197405004));
#7377=CARTESIAN_POINT('',(0.00804633920296572,0.0289,-0.0138203197405005));
#7378=CARTESIAN_POINT('',(0.0077115493754309,0.0287,-0.0138673625647811));
#7379=CARTESIAN_POINT('',(0.00782500882642101,0.0287,-0.0140360627649038));
#7380=CARTESIAN_POINT('',(0.00782500883731201,0.0289,-0.0140360627760766));
#7381=CARTESIAN_POINT('',(0.00722293469566058,0.0287,-0.0141225341236663));
#7382=CARTESIAN_POINT('',(0.00727213050093841,0.0287000000000083,-0.0143219371910339));
#7383=CARTESIAN_POINT('',(0.00727213049549128,0.0289,-0.0143219371945137));
#7384=CARTESIAN_POINT('',(0.00667967717886095,0.0287,-0.0141750000156325));
#7385=CARTESIAN_POINT('',(0.00669351178836124,0.0286999999999834,-0.0143750000181324));
#7386=CARTESIAN_POINT('',(0.00669351178836452,0.0289,-0.014375));
#7387=CARTESIAN_POINT('',(0.00640871177015755,0.0287,-0.014175));
#7388=CARTESIAN_POINT('',(0.00640871177015755,0.0287,-0.014375));
#7389=CARTESIAN_POINT('',(0.00640871177015755,0.0289,-0.014375));
#7390=CARTESIAN_POINT('',(0.00640871177015755,0.0289,-0.014175));
#7391=CARTESIAN_POINT('',(0.00653290083410565,0.0287,-0.0103405236329935));
#7392=CARTESIAN_POINT('',(0.00653290083410565,0.0287,-0.0101405236329935));
#7393=CARTESIAN_POINT('',(0.00653290083410565,0.0289,-0.0101405236329935));
#7394=CARTESIAN_POINT('',(0.00678680265669028,0.0287,-0.0103405236155704));
#7395=CARTESIAN_POINT('',(0.00680188443851535,0.028699999999995,-0.0101405236122625));
#7396=CARTESIAN_POINT('',(0.00680188443851503,0.0288999999999965,-0.0101405236329935));
#7397=CARTESIAN_POINT('',(0.00729597630161004,0.0287,-0.010394958307971));
#7398=CARTESIAN_POINT('',(0.00735042060236854,0.0286999999999969,-0.0101962572356691));
#7399=CARTESIAN_POINT('',(0.00735042060318526,0.0289000000000018,-0.0101962572244904));
#7400=CARTESIAN_POINT('',(0.00774614337407839,0.0287,-0.0106486570797848));
#7401=CARTESIAN_POINT('',(0.00786372748485056,0.0287000000000113,-0.0104833984732499));
#7402=CARTESIAN_POINT('',(0.00786372748321744,0.0289,-0.0104833984748763));
#7403=CARTESIAN_POINT('',(0.00792669727212228,0.0287,-0.0108292109762558));
#7404=CARTESIAN_POINT('',(0.00806811862835959,0.0287,-0.0106877896200185));
#7405=CARTESIAN_POINT('',(0.00806811862835959,0.0289,-0.0106877896200185));
#7406=CARTESIAN_POINT('',(0.00653290083410565,0.0289,-0.0103405236329935));
#7407=CARTESIAN_POINT('',(0.01475,0.0289,-0.014175));
#7408=CARTESIAN_POINT('',(0.0054354031510658,0.0289,-0.014175));
#7409=CARTESIAN_POINT('',(0.01475,0.0289,-0.0103405236329935));
#7410=CARTESIAN_POINT('',(0.0054354031510658,0.0289,-0.0103405236329935));
#7411=CARTESIAN_POINT('',(0.0054354031510658,0.0289,-0.0081875));
#7412=CARTESIAN_POINT('',(0.01475,0.0289,-0.0032));
#7413=CARTESIAN_POINT('',(0.02375,0.0289,-0.0032));
#7414=CARTESIAN_POINT('',(0.012,0.0289,-0.0032));
#7415=CARTESIAN_POINT('',(0.012,0.0289,-0.005));
#7416=CARTESIAN_POINT('',(0.0102,0.0289,-0.005));
#7417=CARTESIAN_POINT('',(0.02375,0.0289,-0.005));
#7418=CARTESIAN_POINT('',(0.02555,0.0289,-0.005));
#7419=CARTESIAN_POINT('',(0.0102,0.0289,-0.0081875));
#7420=CARTESIAN_POINT('',(0.0102,0.0289,-0.012375));
#7421=CARTESIAN_POINT('',(0.02555,0.0289,-0.0086875));
#7422=CARTESIAN_POINT('',(0.02555,0.0289,-0.012375));
#7423=CARTESIAN_POINT('',(0.012,0.0289,-0.012375));
#7424=CARTESIAN_POINT('',(0.012,0.0289,-0.014175));
#7425=CARTESIAN_POINT('',(0.02375,0.0289,-0.012375));
#7426=CARTESIAN_POINT('',(0.02375,0.0289,-0.014175));
#7427=CARTESIAN_POINT('',(0.017875,0.0289,-0.014175));
#7428=MECHANICAL_DESIGN_GEOMETRIC_PRESENTATION_REPRESENTATION('',(#4362),#7429);
#7429=(
GEOMETRIC_REPRESENTATION_CONTEXT(3)
GLOBAL_UNCERTAINTY_ASSIGNED_CONTEXT((#7430))
GLOBAL_UNIT_ASSIGNED_CONTEXT((#7433,#7432,#7431))
REPRESENTATION_CONTEXT('Body','TOP_LEVEL_ASSEMBLY_PART')
);
#7430=UNCERTAINTY_MEASURE_WITH_UNIT(LENGTH_MEASURE(2.E-05),#7433,'DISTANCE_ACCURACY_VALUE','Maximum Tolerance applied to model');
#7431=(
NAMED_UNIT(*)
SI_UNIT($,.STERADIAN.)
SOLID_ANGLE_UNIT()
);
#7432=(
NAMED_UNIT(*)
PLANE_ANGLE_UNIT()
SI_UNIT($,.RADIAN.)
);
#7433=(
LENGTH_UNIT()
NAMED_UNIT(*)
SI_UNIT($,.METRE.)
);
#7434=PRODUCT_DEFINITION_SHAPE('','',#7435);
#7435=PRODUCT_DEFINITION('','',#7437,#7436);
#7436=PRODUCT_DEFINITION_CONTEXT('',#7443,'design');
#7437=PRODUCT_DEFINITION_FORMATION_WITH_SPECIFIED_SOURCE('','',#7439,.NOT_KNOWN.);
#7438=PRODUCT_RELATED_PRODUCT_CATEGORY('','',(#7439));
#7439=PRODUCT('Body','Body','Body',(#7441));
#7440=PRODUCT_CATEGORY('','');
#7441=PRODUCT_CONTEXT('',#7443,'mechanical');
#7442=APPLICATION_PROTOCOL_DEFINITION('international standard','ap242_managed_model_based_3d_engineering',2020,#7443);
#7443=APPLICATION_CONTEXT('managed model based 3d engineering');
ENDSEC;
END-ISO-10303-21;
