ISO-10303-21;
HEADER;
/*Generated by software containing ST-Developer
 * from STEP Tools, Inc. (www.steptools.com) 
 */
/*OPTION: using custom renumber hook */
/*description */
/*implementation_level */
FILE_DESCRIPTION(('STEP AP242 Edition 2','STEP AP242 Edition 2''CAx-IF Rec.Pracs.---Representation and Presentation of Product Manufa
cturing Information (PMI)---4.0---2014-10-13','STEP AP242 Edition 2''CAx-IF Rec.Pracs.---Representation and Presentation of Product Manufa
cturing Information (PMI)---4.0---2014-10-13''CAx-IF Rec.Pracs.---3D Tessellated Geometry---0.4---2014-09-14','STEP AP242 Edition 2''CAx-IF Rec.Pracs.---Representation and Presentation of Product Manufa
cturing Information (PMI)---4.0---2014-10-13''CAx-IF Rec.Pracs.---3D Tessellated Geometry---0.4---2014-09-14''2;1','STEP AP242 Edition 2''CAx-IF Rec.Pracs.---Representation and Presentation of Product Manufa
cturing Information (PMI)---4.0---2014-10-13''CAx-IF Rec.Pracs.---3D Tessellated Geometry---0.4---2014-09-14''2;1''CAx-IF Rec.Pracs.---User Defined Attributes---1.5---2016-08-15'),'2;1');
/*name */
/*time_stamp */
/*author */
/*organization */
/*preprocessor_version */
/*originating_system */
/*authorisation */
FILE_NAME('/vol/tmp/translate-4163742242106825203/TinZrWearableEnclosure - Lid.step','2026-03-25T16:57:37',(''),(''),'ST-DEVELOPER v20','ONSHAPE BY PTC INC, 1.212','  ');
FILE_SCHEMA(('AP242_MANAGED_MODEL_BASED_3D_ENGINEERING_MIM_LF { 1 0 10303 442 3 1 4 }'));
ENDSEC;
DATA;
#10=SHAPE_REPRESENTATION_RELATIONSHIP('','',#1682,#11);
#11=ADVANCED_BREP_SHAPE_REPRESENTATION('',(#1680),#2802);
#12=CYLINDRICAL_SURFACE('',#1778,0.00025);
#13=CYLINDRICAL_SURFACE('',#1779,0.00025);
#14=CYLINDRICAL_SURFACE('',#1780,0.00025);
#15=CYLINDRICAL_SURFACE('',#1781,0.00025);
#16=CYLINDRICAL_SURFACE('',#1782,0.0001);
#17=CYLINDRICAL_SURFACE('',#1783,0.0001);
#18=CYLINDRICAL_SURFACE('',#1784,0.0001);
#19=CYLINDRICAL_SURFACE('',#1785,0.0001);
#20=CYLINDRICAL_SURFACE('',#1786,0.0001);
#21=CYLINDRICAL_SURFACE('',#1788,0.0001);
#22=CYLINDRICAL_SURFACE('',#1790,0.0001);
#23=CYLINDRICAL_SURFACE('',#1792,0.0001);
#24=CYLINDRICAL_SURFACE('',#1796,0.001);
#25=CYLINDRICAL_SURFACE('',#1797,0.001);
#26=CYLINDRICAL_SURFACE('',#1798,0.001);
#27=CYLINDRICAL_SURFACE('',#1799,0.001);
#28=CYLINDRICAL_SURFACE('',#1803,0.0005);
#29=CYLINDRICAL_SURFACE('',#1805,0.0005);
#30=CYLINDRICAL_SURFACE('',#1807,0.000500000000000007);
#31=CYLINDRICAL_SURFACE('',#1810,0.000500000000000009);
#32=CYLINDRICAL_SURFACE('',#1811,0.00125);
#33=CYLINDRICAL_SURFACE('',#1813,0.00125);
#34=CYLINDRICAL_SURFACE('',#1815,0.00125);
#35=CYLINDRICAL_SURFACE('',#1819,0.001);
#36=CYLINDRICAL_SURFACE('',#1820,0.001);
#37=CYLINDRICAL_SURFACE('',#1822,0.001);
#38=CYLINDRICAL_SURFACE('',#1827,0.0002);
#39=CYLINDRICAL_SURFACE('',#1829,0.005);
#40=CYLINDRICAL_SURFACE('',#1830,0.00085);
#41=CYLINDRICAL_SURFACE('',#1831,0.002625);
#42=CYLINDRICAL_SURFACE('',#1832,0.00175);
#43=CYLINDRICAL_SURFACE('',#1833,0.00175);
#44=ELLIPSE('',#1755,0.000288675134594813,0.00025);
#45=ELLIPSE('',#1757,0.000288675134594813,0.00025);
#46=ELLIPSE('',#1760,0.000288675134594813,0.00025);
#47=ELLIPSE('',#1762,0.000288675134594813,0.00025);
#48=ELLIPSE('',#1765,0.000288675134594815,0.00025);
#49=ELLIPSE('',#1767,0.000288675134594813,0.00025);
#50=ELLIPSE('',#1772,0.000288675134594815,0.00025);
#51=ELLIPSE('',#1774,0.000288675134594813,0.00025);
#52=ELLIPSE('',#1787,0.000141421356237309,0.0001);
#53=ELLIPSE('',#1789,0.000141421356237309,0.0001);
#54=ELLIPSE('',#1791,0.000141421356237309,0.0001);
#55=ELLIPSE('',#1793,0.000141421356237309,0.0001);
#56=CIRCLE('',#1686,0.005);
#57=CIRCLE('',#1688,0.001);
#58=CIRCLE('',#1689,0.001);
#59=CIRCLE('',#1690,0.001);
#60=CIRCLE('',#1691,0.00125);
#61=CIRCLE('',#1692,0.00125);
#62=CIRCLE('',#1693,0.00125);
#63=CIRCLE('',#1694,0.0005);
#64=CIRCLE('',#1695,0.000500000000000009);
#65=CIRCLE('',#1696,0.000500000000000007);
#66=CIRCLE('',#1697,0.0005);
#67=CIRCLE('',#1698,0.001);
#68=CIRCLE('',#1699,0.001);
#69=CIRCLE('',#1701,0.0002);
#70=CIRCLE('',#1702,0.005);
#71=CIRCLE('',#1706,0.001);
#72=CIRCLE('',#1707,0.001);
#73=CIRCLE('',#1708,0.0005);
#74=CIRCLE('',#1709,0.0005);
#75=CIRCLE('',#1710,0.000500000000000007);
#76=CIRCLE('',#1711,0.000500000000000009);
#77=CIRCLE('',#1712,0.001);
#78=CIRCLE('',#1713,0.001);
#79=CIRCLE('',#1714,0.00125);
#80=CIRCLE('',#1715,0.00125);
#81=CIRCLE('',#1716,0.00125);
#82=CIRCLE('',#1717,0.001);
#83=CIRCLE('',#1722,0.0001);
#84=CIRCLE('',#1724,0.0001);
#85=CIRCLE('',#1725,0.0001);
#86=CIRCLE('',#1727,0.0001);
#87=CIRCLE('',#1729,0.0001);
#88=CIRCLE('',#1731,0.0001);
#89=CIRCLE('',#1732,0.0001);
#90=CIRCLE('',#1737,0.00085);
#91=CIRCLE('',#1738,0.00175);
#92=CIRCLE('',#1739,0.002625);
#93=CIRCLE('',#1740,0.00175);
#94=CIRCLE('',#1741,0.001);
#95=CIRCLE('',#1742,0.001);
#96=CIRCLE('',#1744,0.00175);
#97=CIRCLE('',#1745,0.002625);
#98=CIRCLE('',#1746,0.00175);
#99=CIRCLE('',#1747,0.001);
#100=CIRCLE('',#1748,0.001);
#101=CIRCLE('',#1749,0.00085);
#102=CIRCLE('',#1751,0.0001);
#103=CIRCLE('',#1769,0.0001);
#104=CIRCLE('',#1770,0.0001);
#105=CIRCLE('',#1776,0.0001);
#106=CIRCLE('',#1777,0.0001);
#107=CIRCLE('',#1825,0.005);
#108=CIRCLE('',#1826,0.0002);
#109=ORIENTED_EDGE('',*,*,#593,.F.);
#110=ORIENTED_EDGE('',*,*,#594,.T.);
#111=ORIENTED_EDGE('',*,*,#595,.T.);
#112=ORIENTED_EDGE('',*,*,#596,.T.);
#113=ORIENTED_EDGE('',*,*,#597,.T.);
#114=ORIENTED_EDGE('',*,*,#598,.T.);
#115=ORIENTED_EDGE('',*,*,#599,.T.);
#116=ORIENTED_EDGE('',*,*,#600,.T.);
#117=ORIENTED_EDGE('',*,*,#601,.F.);
#118=ORIENTED_EDGE('',*,*,#602,.F.);
#119=ORIENTED_EDGE('',*,*,#603,.T.);
#120=ORIENTED_EDGE('',*,*,#604,.T.);
#121=ORIENTED_EDGE('',*,*,#605,.F.);
#122=ORIENTED_EDGE('',*,*,#606,.F.);
#123=ORIENTED_EDGE('',*,*,#607,.F.);
#124=ORIENTED_EDGE('',*,*,#608,.T.);
#125=ORIENTED_EDGE('',*,*,#609,.F.);
#126=ORIENTED_EDGE('',*,*,#610,.F.);
#127=ORIENTED_EDGE('',*,*,#611,.F.);
#128=ORIENTED_EDGE('',*,*,#612,.F.);
#129=ORIENTED_EDGE('',*,*,#613,.F.);
#130=ORIENTED_EDGE('',*,*,#614,.F.);
#131=ORIENTED_EDGE('',*,*,#615,.T.);
#132=ORIENTED_EDGE('',*,*,#616,.F.);
#133=ORIENTED_EDGE('',*,*,#617,.T.);
#134=ORIENTED_EDGE('',*,*,#618,.F.);
#135=ORIENTED_EDGE('',*,*,#619,.F.);
#136=ORIENTED_EDGE('',*,*,#620,.F.);
#137=ORIENTED_EDGE('',*,*,#621,.F.);
#138=ORIENTED_EDGE('',*,*,#622,.T.);
#139=ORIENTED_EDGE('',*,*,#623,.T.);
#140=ORIENTED_EDGE('',*,*,#624,.T.);
#141=ORIENTED_EDGE('',*,*,#625,.F.);
#142=ORIENTED_EDGE('',*,*,#626,.T.);
#143=ORIENTED_EDGE('',*,*,#601,.T.);
#144=ORIENTED_EDGE('',*,*,#627,.T.);
#145=ORIENTED_EDGE('',*,*,#628,.F.);
#146=ORIENTED_EDGE('',*,*,#629,.T.);
#147=ORIENTED_EDGE('',*,*,#630,.F.);
#148=ORIENTED_EDGE('',*,*,#631,.F.);
#149=ORIENTED_EDGE('',*,*,#632,.T.);
#150=ORIENTED_EDGE('',*,*,#633,.T.);
#151=ORIENTED_EDGE('',*,*,#634,.F.);
#152=ORIENTED_EDGE('',*,*,#635,.T.);
#153=ORIENTED_EDGE('',*,*,#636,.T.);
#154=ORIENTED_EDGE('',*,*,#637,.F.);
#155=ORIENTED_EDGE('',*,*,#638,.T.);
#156=ORIENTED_EDGE('',*,*,#639,.T.);
#157=ORIENTED_EDGE('',*,*,#640,.T.);
#158=ORIENTED_EDGE('',*,*,#641,.F.);
#159=ORIENTED_EDGE('',*,*,#642,.T.);
#160=ORIENTED_EDGE('',*,*,#643,.T.);
#161=ORIENTED_EDGE('',*,*,#644,.T.);
#162=ORIENTED_EDGE('',*,*,#645,.F.);
#163=ORIENTED_EDGE('',*,*,#646,.F.);
#164=ORIENTED_EDGE('',*,*,#647,.F.);
#165=ORIENTED_EDGE('',*,*,#648,.T.);
#166=ORIENTED_EDGE('',*,*,#649,.F.);
#167=ORIENTED_EDGE('',*,*,#650,.F.);
#168=ORIENTED_EDGE('',*,*,#625,.T.);
#169=ORIENTED_EDGE('',*,*,#649,.T.);
#170=ORIENTED_EDGE('',*,*,#651,.T.);
#171=ORIENTED_EDGE('',*,*,#597,.F.);
#172=ORIENTED_EDGE('',*,*,#652,.F.);
#173=ORIENTED_EDGE('',*,*,#653,.F.);
#174=ORIENTED_EDGE('',*,*,#654,.T.);
#175=ORIENTED_EDGE('',*,*,#603,.F.);
#176=ORIENTED_EDGE('',*,*,#655,.F.);
#177=ORIENTED_EDGE('',*,*,#656,.F.);
#178=ORIENTED_EDGE('',*,*,#657,.T.);
#179=ORIENTED_EDGE('',*,*,#658,.T.);
#180=ORIENTED_EDGE('',*,*,#659,.T.);
#181=ORIENTED_EDGE('',*,*,#599,.F.);
#182=ORIENTED_EDGE('',*,*,#660,.F.);
#183=ORIENTED_EDGE('',*,*,#661,.F.);
#184=ORIENTED_EDGE('',*,*,#662,.T.);
#185=ORIENTED_EDGE('',*,*,#663,.F.);
#186=ORIENTED_EDGE('',*,*,#664,.T.);
#187=ORIENTED_EDGE('',*,*,#665,.F.);
#188=ORIENTED_EDGE('',*,*,#666,.T.);
#189=ORIENTED_EDGE('',*,*,#667,.F.);
#190=ORIENTED_EDGE('',*,*,#668,.T.);
#191=ORIENTED_EDGE('',*,*,#669,.F.);
#192=ORIENTED_EDGE('',*,*,#670,.T.);
#193=ORIENTED_EDGE('',*,*,#671,.T.);
#194=ORIENTED_EDGE('',*,*,#672,.F.);
#195=ORIENTED_EDGE('',*,*,#673,.F.);
#196=ORIENTED_EDGE('',*,*,#674,.F.);
#197=ORIENTED_EDGE('',*,*,#675,.F.);
#198=ORIENTED_EDGE('',*,*,#676,.F.);
#199=ORIENTED_EDGE('',*,*,#677,.T.);
#200=ORIENTED_EDGE('',*,*,#678,.F.);
#201=ORIENTED_EDGE('',*,*,#679,.F.);
#202=ORIENTED_EDGE('',*,*,#680,.T.);
#203=ORIENTED_EDGE('',*,*,#653,.T.);
#204=ORIENTED_EDGE('',*,*,#681,.F.);
#205=ORIENTED_EDGE('',*,*,#682,.F.);
#206=ORIENTED_EDGE('',*,*,#683,.F.);
#207=ORIENTED_EDGE('',*,*,#684,.F.);
#208=ORIENTED_EDGE('',*,*,#685,.F.);
#209=ORIENTED_EDGE('',*,*,#686,.T.);
#210=ORIENTED_EDGE('',*,*,#687,.F.);
#211=ORIENTED_EDGE('',*,*,#688,.F.);
#212=ORIENTED_EDGE('',*,*,#661,.T.);
#213=ORIENTED_EDGE('',*,*,#689,.F.);
#214=ORIENTED_EDGE('',*,*,#623,.F.);
#215=ORIENTED_EDGE('',*,*,#690,.T.);
#216=ORIENTED_EDGE('',*,*,#691,.F.);
#217=ORIENTED_EDGE('',*,*,#692,.T.);
#218=ORIENTED_EDGE('',*,*,#693,.T.);
#219=ORIENTED_EDGE('',*,*,#694,.T.);
#220=ORIENTED_EDGE('',*,*,#634,.T.);
#221=ORIENTED_EDGE('',*,*,#695,.T.);
#222=ORIENTED_EDGE('',*,*,#696,.F.);
#223=ORIENTED_EDGE('',*,*,#697,.T.);
#224=ORIENTED_EDGE('',*,*,#630,.T.);
#225=ORIENTED_EDGE('',*,*,#698,.T.);
#226=ORIENTED_EDGE('',*,*,#658,.F.);
#227=ORIENTED_EDGE('',*,*,#699,.T.);
#228=ORIENTED_EDGE('',*,*,#663,.T.);
#229=ORIENTED_EDGE('',*,*,#700,.T.);
#230=ORIENTED_EDGE('',*,*,#644,.F.);
#231=ORIENTED_EDGE('',*,*,#701,.F.);
#232=ORIENTED_EDGE('',*,*,#702,.T.);
#233=ORIENTED_EDGE('',*,*,#703,.F.);
#234=ORIENTED_EDGE('',*,*,#640,.F.);
#235=ORIENTED_EDGE('',*,*,#704,.F.);
#236=ORIENTED_EDGE('',*,*,#705,.T.);
#237=ORIENTED_EDGE('',*,*,#667,.T.);
#238=ORIENTED_EDGE('',*,*,#706,.T.);
#239=ORIENTED_EDGE('',*,*,#636,.F.);
#240=ORIENTED_EDGE('',*,*,#707,.T.);
#241=ORIENTED_EDGE('',*,*,#656,.T.);
#242=ORIENTED_EDGE('',*,*,#708,.T.);
#243=ORIENTED_EDGE('',*,*,#709,.F.);
#244=ORIENTED_EDGE('',*,*,#710,.F.);
#245=ORIENTED_EDGE('',*,*,#711,.T.);
#246=ORIENTED_EDGE('',*,*,#712,.T.);
#247=ORIENTED_EDGE('',*,*,#713,.T.);
#248=ORIENTED_EDGE('',*,*,#714,.T.);
#249=ORIENTED_EDGE('',*,*,#715,.F.);
#250=ORIENTED_EDGE('',*,*,#716,.T.);
#251=ORIENTED_EDGE('',*,*,#717,.T.);
#252=ORIENTED_EDGE('',*,*,#718,.T.);
#253=ORIENTED_EDGE('',*,*,#719,.T.);
#254=ORIENTED_EDGE('',*,*,#720,.T.);
#255=ORIENTED_EDGE('',*,*,#721,.T.);
#256=ORIENTED_EDGE('',*,*,#722,.T.);
#257=ORIENTED_EDGE('',*,*,#723,.F.);
#258=ORIENTED_EDGE('',*,*,#724,.T.);
#259=ORIENTED_EDGE('',*,*,#659,.F.);
#260=ORIENTED_EDGE('',*,*,#725,.T.);
#261=ORIENTED_EDGE('',*,*,#726,.T.);
#262=ORIENTED_EDGE('',*,*,#727,.F.);
#263=ORIENTED_EDGE('',*,*,#728,.F.);
#264=ORIENTED_EDGE('',*,*,#729,.T.);
#265=ORIENTED_EDGE('',*,*,#628,.T.);
#266=ORIENTED_EDGE('',*,*,#730,.T.);
#267=ORIENTED_EDGE('',*,*,#731,.T.);
#268=ORIENTED_EDGE('',*,*,#723,.T.);
#269=ORIENTED_EDGE('',*,*,#732,.T.);
#270=ORIENTED_EDGE('',*,*,#733,.T.);
#271=ORIENTED_EDGE('',*,*,#734,.T.);
#272=ORIENTED_EDGE('',*,*,#593,.T.);
#273=ORIENTED_EDGE('',*,*,#735,.T.);
#274=ORIENTED_EDGE('',*,*,#710,.T.);
#275=ORIENTED_EDGE('',*,*,#736,.T.);
#276=ORIENTED_EDGE('',*,*,#737,.T.);
#277=ORIENTED_EDGE('',*,*,#738,.T.);
#278=ORIENTED_EDGE('',*,*,#715,.T.);
#279=ORIENTED_EDGE('',*,*,#739,.T.);
#280=ORIENTED_EDGE('',*,*,#740,.T.);
#281=ORIENTED_EDGE('',*,*,#741,.T.);
#282=ORIENTED_EDGE('',*,*,#742,.T.);
#283=ORIENTED_EDGE('',*,*,#743,.T.);
#284=ORIENTED_EDGE('',*,*,#693,.F.);
#285=ORIENTED_EDGE('',*,*,#726,.F.);
#286=ORIENTED_EDGE('',*,*,#595,.F.);
#287=ORIENTED_EDGE('',*,*,#744,.T.);
#288=ORIENTED_EDGE('',*,*,#745,.T.);
#289=ORIENTED_EDGE('',*,*,#746,.T.);
#290=ORIENTED_EDGE('',*,*,#721,.F.);
#291=ORIENTED_EDGE('',*,*,#747,.T.);
#292=ORIENTED_EDGE('',*,*,#728,.T.);
#293=ORIENTED_EDGE('',*,*,#748,.T.);
#294=ORIENTED_EDGE('',*,*,#691,.T.);
#295=ORIENTED_EDGE('',*,*,#749,.T.);
#296=ORIENTED_EDGE('',*,*,#750,.F.);
#297=ORIENTED_EDGE('',*,*,#751,.F.);
#298=ORIENTED_EDGE('',*,*,#752,.T.);
#299=ORIENTED_EDGE('',*,*,#753,.T.);
#300=ORIENTED_EDGE('',*,*,#718,.F.);
#301=ORIENTED_EDGE('',*,*,#754,.F.);
#302=ORIENTED_EDGE('',*,*,#755,.T.);
#303=ORIENTED_EDGE('',*,*,#756,.T.);
#304=ORIENTED_EDGE('',*,*,#712,.F.);
#305=ORIENTED_EDGE('',*,*,#757,.T.);
#306=ORIENTED_EDGE('',*,*,#758,.F.);
#307=ORIENTED_EDGE('',*,*,#750,.T.);
#308=ORIENTED_EDGE('',*,*,#759,.T.);
#309=ORIENTED_EDGE('',*,*,#742,.F.);
#310=ORIENTED_EDGE('',*,*,#760,.T.);
#311=ORIENTED_EDGE('',*,*,#761,.T.);
#312=ORIENTED_EDGE('',*,*,#762,.F.);
#313=ORIENTED_EDGE('',*,*,#763,.T.);
#314=ORIENTED_EDGE('',*,*,#696,.T.);
#315=ORIENTED_EDGE('',*,*,#764,.F.);
#316=ORIENTED_EDGE('',*,*,#632,.F.);
#317=ORIENTED_EDGE('',*,*,#765,.F.);
#318=ORIENTED_EDGE('',*,*,#762,.T.);
#319=ORIENTED_EDGE('',*,*,#766,.F.);
#320=ORIENTED_EDGE('',*,*,#767,.T.);
#321=ORIENTED_EDGE('',*,*,#768,.T.);
#322=ORIENTED_EDGE('',*,*,#769,.T.);
#323=ORIENTED_EDGE('',*,*,#719,.F.);
#324=ORIENTED_EDGE('',*,*,#753,.F.);
#325=ORIENTED_EDGE('',*,*,#770,.T.);
#326=ORIENTED_EDGE('',*,*,#771,.T.);
#327=ORIENTED_EDGE('',*,*,#772,.T.);
#328=ORIENTED_EDGE('',*,*,#773,.T.);
#329=ORIENTED_EDGE('',*,*,#774,.T.);
#330=ORIENTED_EDGE('',*,*,#751,.T.);
#331=ORIENTED_EDGE('',*,*,#761,.F.);
#332=ORIENTED_EDGE('',*,*,#773,.F.);
#333=ORIENTED_EDGE('',*,*,#775,.T.);
#334=ORIENTED_EDGE('',*,*,#767,.F.);
#335=ORIENTED_EDGE('',*,*,#776,.T.);
#336=ORIENTED_EDGE('',*,*,#777,.T.);
#337=ORIENTED_EDGE('',*,*,#778,.T.);
#338=ORIENTED_EDGE('',*,*,#779,.T.);
#339=ORIENTED_EDGE('',*,*,#713,.F.);
#340=ORIENTED_EDGE('',*,*,#756,.F.);
#341=ORIENTED_EDGE('',*,*,#780,.T.);
#342=ORIENTED_EDGE('',*,*,#781,.T.);
#343=ORIENTED_EDGE('',*,*,#782,.T.);
#344=ORIENTED_EDGE('',*,*,#783,.T.);
#345=ORIENTED_EDGE('',*,*,#784,.T.);
#346=ORIENTED_EDGE('',*,*,#754,.T.);
#347=ORIENTED_EDGE('',*,*,#717,.F.);
#348=ORIENTED_EDGE('',*,*,#783,.F.);
#349=ORIENTED_EDGE('',*,*,#785,.T.);
#350=ORIENTED_EDGE('',*,*,#777,.F.);
#351=ORIENTED_EDGE('',*,*,#786,.T.);
#352=ORIENTED_EDGE('',*,*,#709,.T.);
#353=ORIENTED_EDGE('',*,*,#787,.T.);
#354=ORIENTED_EDGE('',*,*,#788,.F.);
#355=ORIENTED_EDGE('',*,*,#789,.T.);
#356=ORIENTED_EDGE('',*,*,#637,.T.);
#357=ORIENTED_EDGE('',*,*,#790,.F.);
#358=ORIENTED_EDGE('',*,*,#791,.T.);
#359=ORIENTED_EDGE('',*,*,#704,.T.);
#360=ORIENTED_EDGE('',*,*,#639,.F.);
#361=ORIENTED_EDGE('',*,*,#792,.T.);
#362=ORIENTED_EDGE('',*,*,#788,.T.);
#363=ORIENTED_EDGE('',*,*,#793,.T.);
#364=ORIENTED_EDGE('',*,*,#669,.T.);
#365=ORIENTED_EDGE('',*,*,#794,.T.);
#366=ORIENTED_EDGE('',*,*,#790,.T.);
#367=ORIENTED_EDGE('',*,*,#795,.T.);
#368=ORIENTED_EDGE('',*,*,#703,.T.);
#369=ORIENTED_EDGE('',*,*,#796,.T.);
#370=ORIENTED_EDGE('',*,*,#797,.F.);
#371=ORIENTED_EDGE('',*,*,#798,.T.);
#372=ORIENTED_EDGE('',*,*,#641,.T.);
#373=ORIENTED_EDGE('',*,*,#799,.F.);
#374=ORIENTED_EDGE('',*,*,#800,.T.);
#375=ORIENTED_EDGE('',*,*,#701,.T.);
#376=ORIENTED_EDGE('',*,*,#643,.F.);
#377=ORIENTED_EDGE('',*,*,#801,.T.);
#378=ORIENTED_EDGE('',*,*,#797,.T.);
#379=ORIENTED_EDGE('',*,*,#802,.T.);
#380=ORIENTED_EDGE('',*,*,#665,.T.);
#381=ORIENTED_EDGE('',*,*,#803,.T.);
#382=ORIENTED_EDGE('',*,*,#799,.T.);
#383=ORIENTED_EDGE('',*,*,#804,.T.);
#384=ORIENTED_EDGE('',*,*,#789,.F.);
#385=ORIENTED_EDGE('',*,*,#795,.F.);
#386=ORIENTED_EDGE('',*,*,#792,.F.);
#387=ORIENTED_EDGE('',*,*,#638,.F.);
#388=ORIENTED_EDGE('',*,*,#798,.F.);
#389=ORIENTED_EDGE('',*,*,#804,.F.);
#390=ORIENTED_EDGE('',*,*,#801,.F.);
#391=ORIENTED_EDGE('',*,*,#642,.F.);
#392=ORIENTED_EDGE('',*,*,#780,.F.);
#393=ORIENTED_EDGE('',*,*,#755,.F.);
#394=ORIENTED_EDGE('',*,*,#784,.F.);
#395=ORIENTED_EDGE('',*,*,#786,.F.);
#396=ORIENTED_EDGE('',*,*,#770,.F.);
#397=ORIENTED_EDGE('',*,*,#752,.F.);
#398=ORIENTED_EDGE('',*,*,#774,.F.);
#399=ORIENTED_EDGE('',*,*,#776,.F.);
#400=ORIENTED_EDGE('',*,*,#793,.F.);
#401=ORIENTED_EDGE('',*,*,#787,.F.);
#402=ORIENTED_EDGE('',*,*,#708,.F.);
#403=ORIENTED_EDGE('',*,*,#670,.F.);
#404=ORIENTED_EDGE('',*,*,#794,.F.);
#405=ORIENTED_EDGE('',*,*,#668,.F.);
#406=ORIENTED_EDGE('',*,*,#705,.F.);
#407=ORIENTED_EDGE('',*,*,#791,.F.);
#408=ORIENTED_EDGE('',*,*,#802,.F.);
#409=ORIENTED_EDGE('',*,*,#796,.F.);
#410=ORIENTED_EDGE('',*,*,#706,.F.);
#411=ORIENTED_EDGE('',*,*,#666,.F.);
#412=ORIENTED_EDGE('',*,*,#803,.F.);
#413=ORIENTED_EDGE('',*,*,#664,.F.);
#414=ORIENTED_EDGE('',*,*,#702,.F.);
#415=ORIENTED_EDGE('',*,*,#800,.F.);
#416=ORIENTED_EDGE('',*,*,#741,.F.);
#417=ORIENTED_EDGE('',*,*,#805,.T.);
#418=ORIENTED_EDGE('',*,*,#771,.F.);
#419=ORIENTED_EDGE('',*,*,#760,.F.);
#420=ORIENTED_EDGE('',*,*,#769,.F.);
#421=ORIENTED_EDGE('',*,*,#806,.T.);
#422=ORIENTED_EDGE('',*,*,#739,.F.);
#423=ORIENTED_EDGE('',*,*,#720,.F.);
#424=ORIENTED_EDGE('',*,*,#779,.F.);
#425=ORIENTED_EDGE('',*,*,#807,.T.);
#426=ORIENTED_EDGE('',*,*,#736,.F.);
#427=ORIENTED_EDGE('',*,*,#714,.F.);
#428=ORIENTED_EDGE('',*,*,#738,.F.);
#429=ORIENTED_EDGE('',*,*,#808,.T.);
#430=ORIENTED_EDGE('',*,*,#781,.F.);
#431=ORIENTED_EDGE('',*,*,#716,.F.);
#432=ORIENTED_EDGE('',*,*,#768,.F.);
#433=ORIENTED_EDGE('',*,*,#775,.F.);
#434=ORIENTED_EDGE('',*,*,#772,.F.);
#435=ORIENTED_EDGE('',*,*,#805,.F.);
#436=ORIENTED_EDGE('',*,*,#740,.F.);
#437=ORIENTED_EDGE('',*,*,#806,.F.);
#438=ORIENTED_EDGE('',*,*,#778,.F.);
#439=ORIENTED_EDGE('',*,*,#785,.F.);
#440=ORIENTED_EDGE('',*,*,#782,.F.);
#441=ORIENTED_EDGE('',*,*,#808,.F.);
#442=ORIENTED_EDGE('',*,*,#737,.F.);
#443=ORIENTED_EDGE('',*,*,#807,.F.);
#444=ORIENTED_EDGE('',*,*,#635,.F.);
#445=ORIENTED_EDGE('',*,*,#699,.F.);
#446=ORIENTED_EDGE('',*,*,#657,.F.);
#447=ORIENTED_EDGE('',*,*,#707,.F.);
#448=ORIENTED_EDGE('',*,*,#622,.F.);
#449=ORIENTED_EDGE('',*,*,#700,.F.);
#450=ORIENTED_EDGE('',*,*,#662,.F.);
#451=ORIENTED_EDGE('',*,*,#690,.F.);
#452=ORIENTED_EDGE('',*,*,#735,.F.);
#453=ORIENTED_EDGE('',*,*,#596,.F.);
#454=ORIENTED_EDGE('',*,*,#757,.F.);
#455=ORIENTED_EDGE('',*,*,#711,.F.);
#456=ORIENTED_EDGE('',*,*,#743,.F.);
#457=ORIENTED_EDGE('',*,*,#759,.F.);
#458=ORIENTED_EDGE('',*,*,#749,.F.);
#459=ORIENTED_EDGE('',*,*,#694,.F.);
#460=ORIENTED_EDGE('',*,*,#629,.F.);
#461=ORIENTED_EDGE('',*,*,#729,.F.);
#462=ORIENTED_EDGE('',*,*,#747,.F.);
#463=ORIENTED_EDGE('',*,*,#724,.F.);
#464=ORIENTED_EDGE('',*,*,#725,.F.);
#465=ORIENTED_EDGE('',*,*,#698,.F.);
#466=ORIENTED_EDGE('',*,*,#727,.T.);
#467=ORIENTED_EDGE('',*,*,#692,.F.);
#468=ORIENTED_EDGE('',*,*,#748,.F.);
#469=ORIENTED_EDGE('',*,*,#730,.F.);
#470=ORIENTED_EDGE('',*,*,#627,.F.);
#471=ORIENTED_EDGE('',*,*,#600,.F.);
#472=ORIENTED_EDGE('',*,*,#626,.F.);
#473=ORIENTED_EDGE('',*,*,#650,.T.);
#474=ORIENTED_EDGE('',*,*,#652,.T.);
#475=ORIENTED_EDGE('',*,*,#602,.T.);
#476=ORIENTED_EDGE('',*,*,#672,.T.);
#477=ORIENTED_EDGE('',*,*,#809,.T.);
#478=ORIENTED_EDGE('',*,*,#614,.T.);
#479=ORIENTED_EDGE('',*,*,#810,.F.);
#480=ORIENTED_EDGE('',*,*,#673,.T.);
#481=ORIENTED_EDGE('',*,*,#810,.T.);
#482=ORIENTED_EDGE('',*,*,#621,.T.);
#483=ORIENTED_EDGE('',*,*,#811,.F.);
#484=ORIENTED_EDGE('',*,*,#674,.T.);
#485=ORIENTED_EDGE('',*,*,#811,.T.);
#486=ORIENTED_EDGE('',*,*,#620,.T.);
#487=ORIENTED_EDGE('',*,*,#812,.F.);
#488=ORIENTED_EDGE('',*,*,#675,.T.);
#489=ORIENTED_EDGE('',*,*,#812,.T.);
#490=ORIENTED_EDGE('',*,*,#619,.T.);
#491=ORIENTED_EDGE('',*,*,#813,.F.);
#492=ORIENTED_EDGE('',*,*,#676,.T.);
#493=ORIENTED_EDGE('',*,*,#813,.T.);
#494=ORIENTED_EDGE('',*,*,#618,.T.);
#495=ORIENTED_EDGE('',*,*,#814,.F.);
#496=ORIENTED_EDGE('',*,*,#814,.T.);
#497=ORIENTED_EDGE('',*,*,#617,.F.);
#498=ORIENTED_EDGE('',*,*,#815,.F.);
#499=ORIENTED_EDGE('',*,*,#677,.F.);
#500=ORIENTED_EDGE('',*,*,#816,.T.);
#501=ORIENTED_EDGE('',*,*,#615,.F.);
#502=ORIENTED_EDGE('',*,*,#809,.F.);
#503=ORIENTED_EDGE('',*,*,#671,.F.);
#504=ORIENTED_EDGE('',*,*,#678,.T.);
#505=ORIENTED_EDGE('',*,*,#815,.T.);
#506=ORIENTED_EDGE('',*,*,#616,.T.);
#507=ORIENTED_EDGE('',*,*,#816,.F.);
#508=ORIENTED_EDGE('',*,*,#681,.T.);
#509=ORIENTED_EDGE('',*,*,#655,.T.);
#510=ORIENTED_EDGE('',*,*,#613,.T.);
#511=ORIENTED_EDGE('',*,*,#817,.F.);
#512=ORIENTED_EDGE('',*,*,#682,.T.);
#513=ORIENTED_EDGE('',*,*,#817,.T.);
#514=ORIENTED_EDGE('',*,*,#612,.T.);
#515=ORIENTED_EDGE('',*,*,#818,.F.);
#516=ORIENTED_EDGE('',*,*,#683,.T.);
#517=ORIENTED_EDGE('',*,*,#818,.T.);
#518=ORIENTED_EDGE('',*,*,#611,.T.);
#519=ORIENTED_EDGE('',*,*,#819,.F.);
#520=ORIENTED_EDGE('',*,*,#684,.T.);
#521=ORIENTED_EDGE('',*,*,#819,.T.);
#522=ORIENTED_EDGE('',*,*,#610,.T.);
#523=ORIENTED_EDGE('',*,*,#820,.F.);
#524=ORIENTED_EDGE('',*,*,#685,.T.);
#525=ORIENTED_EDGE('',*,*,#820,.T.);
#526=ORIENTED_EDGE('',*,*,#609,.T.);
#527=ORIENTED_EDGE('',*,*,#821,.F.);
#528=ORIENTED_EDGE('',*,*,#821,.T.);
#529=ORIENTED_EDGE('',*,*,#608,.F.);
#530=ORIENTED_EDGE('',*,*,#822,.F.);
#531=ORIENTED_EDGE('',*,*,#686,.F.);
#532=ORIENTED_EDGE('',*,*,#697,.F.);
#533=ORIENTED_EDGE('',*,*,#763,.F.);
#534=ORIENTED_EDGE('',*,*,#765,.T.);
#535=ORIENTED_EDGE('',*,*,#631,.T.);
#536=ORIENTED_EDGE('',*,*,#633,.F.);
#537=ORIENTED_EDGE('',*,*,#766,.T.);
#538=ORIENTED_EDGE('',*,*,#764,.T.);
#539=ORIENTED_EDGE('',*,*,#695,.F.);
#540=ORIENTED_EDGE('',*,*,#687,.T.);
#541=ORIENTED_EDGE('',*,*,#822,.T.);
#542=ORIENTED_EDGE('',*,*,#607,.T.);
#543=ORIENTED_EDGE('',*,*,#823,.F.);
#544=ORIENTED_EDGE('',*,*,#605,.T.);
#545=ORIENTED_EDGE('',*,*,#824,.T.);
#546=ORIENTED_EDGE('',*,*,#679,.T.);
#547=ORIENTED_EDGE('',*,*,#825,.T.);
#548=ORIENTED_EDGE('',*,*,#688,.T.);
#549=ORIENTED_EDGE('',*,*,#823,.T.);
#550=ORIENTED_EDGE('',*,*,#606,.T.);
#551=ORIENTED_EDGE('',*,*,#825,.F.);
#552=ORIENTED_EDGE('',*,*,#680,.F.);
#553=ORIENTED_EDGE('',*,*,#824,.F.);
#554=ORIENTED_EDGE('',*,*,#604,.F.);
#555=ORIENTED_EDGE('',*,*,#654,.F.);
#556=ORIENTED_EDGE('',*,*,#689,.T.);
#557=ORIENTED_EDGE('',*,*,#826,.T.);
#558=ORIENTED_EDGE('',*,*,#827,.F.);
#559=ORIENTED_EDGE('',*,*,#645,.T.);
#560=ORIENTED_EDGE('',*,*,#624,.F.);
#561=ORIENTED_EDGE('',*,*,#826,.F.);
#562=ORIENTED_EDGE('',*,*,#660,.T.);
#563=ORIENTED_EDGE('',*,*,#828,.T.);
#564=ORIENTED_EDGE('',*,*,#829,.F.);
#565=ORIENTED_EDGE('',*,*,#830,.F.);
#566=ORIENTED_EDGE('',*,*,#831,.F.);
#567=ORIENTED_EDGE('',*,*,#646,.T.);
#568=ORIENTED_EDGE('',*,*,#827,.T.);
#569=ORIENTED_EDGE('',*,*,#830,.T.);
#570=ORIENTED_EDGE('',*,*,#829,.T.);
#571=ORIENTED_EDGE('',*,*,#832,.T.);
#572=ORIENTED_EDGE('',*,*,#647,.T.);
#573=ORIENTED_EDGE('',*,*,#831,.T.);
#574=ORIENTED_EDGE('',*,*,#648,.F.);
#575=ORIENTED_EDGE('',*,*,#832,.F.);
#576=ORIENTED_EDGE('',*,*,#828,.F.);
#577=ORIENTED_EDGE('',*,*,#598,.F.);
#578=ORIENTED_EDGE('',*,*,#651,.F.);
#579=ORIENTED_EDGE('',*,*,#758,.T.);
#580=ORIENTED_EDGE('',*,*,#731,.F.);
#581=ORIENTED_EDGE('',*,*,#745,.F.);
#582=ORIENTED_EDGE('',*,*,#833,.T.);
#583=ORIENTED_EDGE('',*,*,#733,.F.);
#584=ORIENTED_EDGE('',*,*,#834,.T.);
#585=ORIENTED_EDGE('',*,*,#734,.F.);
#586=ORIENTED_EDGE('',*,*,#833,.F.);
#587=ORIENTED_EDGE('',*,*,#744,.F.);
#588=ORIENTED_EDGE('',*,*,#594,.F.);
#589=ORIENTED_EDGE('',*,*,#746,.F.);
#590=ORIENTED_EDGE('',*,*,#834,.F.);
#591=ORIENTED_EDGE('',*,*,#732,.F.);
#592=ORIENTED_EDGE('',*,*,#722,.F.);
#593=EDGE_CURVE('',#835,#836,#995,.T.);
#594=EDGE_CURVE('',#835,#837,#996,.T.);
#595=EDGE_CURVE('',#837,#838,#997,.T.);
#596=EDGE_CURVE('',#838,#836,#998,.F.);
#597=EDGE_CURVE('',#839,#840,#999,.T.);
#598=EDGE_CURVE('',#840,#841,#56,.T.);
#599=EDGE_CURVE('',#841,#842,#1000,.T.);
#600=EDGE_CURVE('',#842,#843,#1001,.T.);
#601=EDGE_CURVE('',#844,#843,#1002,.T.);
#602=EDGE_CURVE('',#839,#844,#1003,.T.);
#603=EDGE_CURVE('',#845,#846,#1004,.T.);
#604=EDGE_CURVE('',#846,#847,#57,.T.);
#605=EDGE_CURVE('',#848,#847,#58,.T.);
#606=EDGE_CURVE('',#849,#848,#1005,.T.);
#607=EDGE_CURVE('',#850,#849,#59,.T.);
#608=EDGE_CURVE('',#850,#851,#1006,.T.);
#609=EDGE_CURVE('',#852,#851,#60,.T.);
#610=EDGE_CURVE('',#853,#852,#1007,.T.);
#611=EDGE_CURVE('',#854,#853,#61,.T.);
#612=EDGE_CURVE('',#855,#854,#1008,.T.);
#613=EDGE_CURVE('',#845,#855,#62,.T.);
#614=EDGE_CURVE('',#856,#857,#63,.T.);
#615=EDGE_CURVE('',#856,#858,#1009,.T.);
#616=EDGE_CURVE('',#859,#858,#64,.T.);
#617=EDGE_CURVE('',#859,#860,#1010,.T.);
#618=EDGE_CURVE('',#861,#860,#65,.T.);
#619=EDGE_CURVE('',#862,#861,#1011,.T.);
#620=EDGE_CURVE('',#863,#862,#66,.T.);
#621=EDGE_CURVE('',#857,#863,#1012,.T.);
#622=EDGE_CURVE('',#864,#865,#67,.T.);
#623=EDGE_CURVE('',#865,#866,#1013,.T.);
#624=EDGE_CURVE('',#866,#867,#1014,.T.);
#625=EDGE_CURVE('',#868,#867,#1015,.T.);
#626=EDGE_CURVE('',#868,#844,#1016,.T.);
#627=EDGE_CURVE('',#843,#869,#1017,.F.);
#628=EDGE_CURVE('',#870,#869,#1018,.T.);
#629=EDGE_CURVE('',#870,#871,#1019,.T.);
#630=EDGE_CURVE('',#872,#871,#1020,.T.);
#631=EDGE_CURVE('',#873,#872,#1021,.T.);
#632=EDGE_CURVE('',#873,#874,#1022,.T.);
#633=EDGE_CURVE('',#874,#875,#1023,.T.);
#634=EDGE_CURVE('',#876,#875,#1024,.T.);
#635=EDGE_CURVE('',#876,#877,#68,.T.);
#636=EDGE_CURVE('',#877,#878,#1025,.T.);
#637=EDGE_CURVE('',#879,#878,#1026,.T.);
#638=EDGE_CURVE('',#879,#880,#1027,.T.);
#639=EDGE_CURVE('',#880,#881,#1028,.T.);
#640=EDGE_CURVE('',#881,#882,#1029,.T.);
#641=EDGE_CURVE('',#883,#882,#1030,.T.);
#642=EDGE_CURVE('',#883,#884,#1031,.T.);
#643=EDGE_CURVE('',#884,#885,#1032,.T.);
#644=EDGE_CURVE('',#885,#864,#1033,.T.);
#645=EDGE_CURVE('',#886,#867,#1034,.T.);
#646=EDGE_CURVE('',#887,#886,#69,.T.);
#647=EDGE_CURVE('',#888,#887,#1035,.T.);
#648=EDGE_CURVE('',#888,#889,#70,.T.);
#649=EDGE_CURVE('',#890,#889,#1036,.T.);
#650=EDGE_CURVE('',#868,#890,#1037,.T.);
#651=EDGE_CURVE('',#889,#840,#1038,.T.);
#652=EDGE_CURVE('',#890,#839,#1039,.T.);
#653=EDGE_CURVE('',#891,#892,#1040,.T.);
#654=EDGE_CURVE('',#891,#846,#1041,.F.);
#655=EDGE_CURVE('',#892,#845,#1042,.T.);
#656=EDGE_CURVE('',#893,#894,#1043,.T.);
#657=EDGE_CURVE('',#893,#895,#71,.F.);
#658=EDGE_CURVE('',#895,#896,#1044,.T.);
#659=EDGE_CURVE('',#896,#842,#1045,.T.);
#660=EDGE_CURVE('',#897,#841,#1046,.T.);
#661=EDGE_CURVE('',#898,#897,#1047,.T.);
#662=EDGE_CURVE('',#898,#899,#72,.F.);
#663=EDGE_CURVE('',#900,#899,#1048,.T.);
#664=EDGE_CURVE('',#900,#901,#1049,.F.);
#665=EDGE_CURVE('',#902,#901,#1050,.T.);
#666=EDGE_CURVE('',#902,#903,#1051,.T.);
#667=EDGE_CURVE('',#904,#903,#1052,.T.);
#668=EDGE_CURVE('',#904,#905,#1053,.F.);
#669=EDGE_CURVE('',#906,#905,#1054,.T.);
#670=EDGE_CURVE('',#906,#894,#1055,.T.);
#671=EDGE_CURVE('',#907,#908,#1056,.T.);
#672=EDGE_CURVE('',#909,#908,#73,.F.);
#673=EDGE_CURVE('',#910,#909,#1057,.T.);
#674=EDGE_CURVE('',#911,#910,#74,.F.);
#675=EDGE_CURVE('',#912,#911,#1058,.T.);
#676=EDGE_CURVE('',#913,#912,#75,.F.);
#677=EDGE_CURVE('',#913,#914,#1059,.T.);
#678=EDGE_CURVE('',#907,#914,#76,.F.);
#679=EDGE_CURVE('',#915,#916,#77,.F.);
#680=EDGE_CURVE('',#915,#891,#78,.F.);
#681=EDGE_CURVE('',#917,#892,#79,.F.);
#682=EDGE_CURVE('',#918,#917,#1060,.T.);
#683=EDGE_CURVE('',#919,#918,#80,.F.);
#684=EDGE_CURVE('',#920,#919,#1061,.T.);
#685=EDGE_CURVE('',#921,#920,#81,.F.);
#686=EDGE_CURVE('',#921,#922,#1062,.T.);
#687=EDGE_CURVE('',#923,#922,#82,.F.);
#688=EDGE_CURVE('',#916,#923,#1063,.T.);
#689=EDGE_CURVE('',#866,#897,#1064,.T.);
#690=EDGE_CURVE('',#865,#898,#1065,.T.);
#691=EDGE_CURVE('',#924,#925,#1066,.T.);
#692=EDGE_CURVE('',#924,#926,#1067,.T.);
#693=EDGE_CURVE('',#926,#927,#1068,.T.);
#694=EDGE_CURVE('',#927,#925,#1069,.T.);
#695=EDGE_CURVE('',#875,#928,#1070,.T.);
#696=EDGE_CURVE('',#929,#928,#1071,.T.);
#697=EDGE_CURVE('',#929,#872,#1072,.T.);
#698=EDGE_CURVE('',#871,#896,#1073,.T.);
#699=EDGE_CURVE('',#895,#876,#1074,.F.);
#700=EDGE_CURVE('',#899,#864,#1075,.F.);
#701=EDGE_CURVE('',#930,#885,#1076,.T.);
#702=EDGE_CURVE('',#930,#900,#83,.T.);
#703=EDGE_CURVE('',#882,#931,#1077,.T.);
#704=EDGE_CURVE('',#932,#881,#1078,.T.);
#705=EDGE_CURVE('',#932,#904,#84,.T.);
#706=EDGE_CURVE('',#903,#931,#85,.T.);
#707=EDGE_CURVE('',#877,#893,#1079,.T.);
#708=EDGE_CURVE('',#894,#933,#86,.T.);
#709=EDGE_CURVE('',#878,#933,#1080,.T.);
#710=EDGE_CURVE('',#934,#935,#1081,.T.);
#711=EDGE_CURVE('',#934,#936,#1082,.T.);
#712=EDGE_CURVE('',#936,#937,#1083,.T.);
#713=EDGE_CURVE('',#937,#938,#1084,.T.);
#714=EDGE_CURVE('',#938,#935,#87,.T.);
#715=EDGE_CURVE('',#939,#940,#1085,.T.);
#716=EDGE_CURVE('',#939,#941,#88,.T.);
#717=EDGE_CURVE('',#941,#942,#1086,.T.);
#718=EDGE_CURVE('',#942,#943,#1087,.T.);
#719=EDGE_CURVE('',#943,#944,#1088,.T.);
#720=EDGE_CURVE('',#944,#940,#89,.T.);
#721=EDGE_CURVE('',#945,#946,#1089,.T.);
#722=EDGE_CURVE('',#946,#947,#1090,.F.);
#723=EDGE_CURVE('',#948,#947,#1091,.T.);
#724=EDGE_CURVE('',#948,#945,#1092,.T.);
#725=EDGE_CURVE('',#896,#948,#1093,.T.);
#726=EDGE_CURVE('',#948,#926,#1094,.T.);
#727=EDGE_CURVE('',#842,#926,#1095,.T.);
#728=EDGE_CURVE('',#949,#950,#1096,.T.);
#729=EDGE_CURVE('',#949,#870,#1097,.T.);
#730=EDGE_CURVE('',#869,#950,#1098,.T.);
#731=EDGE_CURVE('',#951,#951,#90,.T.);
#732=EDGE_CURVE('',#947,#952,#91,.T.);
#733=EDGE_CURVE('',#952,#953,#92,.F.);
#734=EDGE_CURVE('',#953,#835,#93,.T.);
#735=EDGE_CURVE('',#836,#934,#94,.F.);
#736=EDGE_CURVE('',#935,#954,#1099,.F.);
#737=EDGE_CURVE('',#954,#955,#1100,.T.);
#738=EDGE_CURVE('',#955,#939,#1101,.T.);
#739=EDGE_CURVE('',#940,#956,#1102,.F.);
#740=EDGE_CURVE('',#956,#957,#1103,.T.);
#741=EDGE_CURVE('',#957,#958,#1104,.T.);
#742=EDGE_CURVE('',#958,#959,#1105,.T.);
#743=EDGE_CURVE('',#959,#927,#95,.F.);
#744=EDGE_CURVE('',#837,#960,#96,.F.);
#745=EDGE_CURVE('',#960,#961,#97,.T.);
#746=EDGE_CURVE('',#961,#946,#98,.F.);
#747=EDGE_CURVE('',#945,#949,#1106,.T.);
#748=EDGE_CURVE('',#950,#924,#1107,.F.);
#749=EDGE_CURVE('',#925,#962,#99,.T.);
#750=EDGE_CURVE('',#963,#962,#1108,.T.);
#751=EDGE_CURVE('',#964,#963,#1109,.T.);
#752=EDGE_CURVE('',#964,#965,#1110,.F.);
#753=EDGE_CURVE('',#965,#943,#1111,.T.);
#754=EDGE_CURVE('',#966,#942,#1112,.T.);
#755=EDGE_CURVE('',#966,#967,#1113,.F.);
#756=EDGE_CURVE('',#967,#937,#1114,.T.);
#757=EDGE_CURVE('',#936,#838,#100,.T.);
#758=EDGE_CURVE('',#968,#968,#101,.T.);
#759=EDGE_CURVE('',#962,#959,#1115,.F.);
#760=EDGE_CURVE('',#958,#969,#102,.T.);
#761=EDGE_CURVE('',#969,#963,#1116,.T.);
#762=EDGE_CURVE('',#970,#971,#1117,.T.);
#763=EDGE_CURVE('',#970,#929,#1118,.T.);
#764=EDGE_CURVE('',#971,#928,#1119,.T.);
#765=EDGE_CURVE('',#970,#873,#1120,.T.);
#766=EDGE_CURVE('',#874,#971,#1121,.T.);
#767=EDGE_CURVE('',#972,#973,#1122,.T.);
#768=EDGE_CURVE('',#973,#974,#1123,.T.);
#769=EDGE_CURVE('',#974,#944,#1124,.T.);
#770=EDGE_CURVE('',#965,#972,#44,.T.);
#771=EDGE_CURVE('',#969,#975,#1125,.F.);
#772=EDGE_CURVE('',#975,#976,#1126,.T.);
#773=EDGE_CURVE('',#976,#977,#1127,.T.);
#774=EDGE_CURVE('',#977,#964,#45,.T.);
#775=EDGE_CURVE('',#976,#973,#1128,.T.);
#776=EDGE_CURVE('',#972,#977,#1129,.T.);
#777=EDGE_CURVE('',#978,#979,#1130,.T.);
#778=EDGE_CURVE('',#979,#980,#1131,.T.);
#779=EDGE_CURVE('',#980,#938,#1132,.T.);
#780=EDGE_CURVE('',#967,#978,#46,.T.);
#781=EDGE_CURVE('',#941,#981,#1133,.F.);
#782=EDGE_CURVE('',#981,#982,#1134,.T.);
#783=EDGE_CURVE('',#982,#983,#1135,.T.);
#784=EDGE_CURVE('',#983,#966,#47,.T.);
#785=EDGE_CURVE('',#982,#979,#1136,.T.);
#786=EDGE_CURVE('',#978,#983,#1137,.T.);
#787=EDGE_CURVE('',#933,#984,#1138,.F.);
#788=EDGE_CURVE('',#985,#984,#1139,.T.);
#789=EDGE_CURVE('',#985,#879,#48,.F.);
#790=EDGE_CURVE('',#986,#987,#1140,.T.);
#791=EDGE_CURVE('',#986,#932,#1141,.T.);
#792=EDGE_CURVE('',#880,#987,#49,.F.);
#793=EDGE_CURVE('',#984,#906,#103,.T.);
#794=EDGE_CURVE('',#905,#986,#104,.T.);
#795=EDGE_CURVE('',#987,#985,#1142,.F.);
#796=EDGE_CURVE('',#931,#988,#1143,.F.);
#797=EDGE_CURVE('',#989,#988,#1144,.T.);
#798=EDGE_CURVE('',#989,#883,#50,.F.);
#799=EDGE_CURVE('',#990,#991,#1145,.T.);
#800=EDGE_CURVE('',#990,#930,#1146,.T.);
#801=EDGE_CURVE('',#884,#991,#51,.F.);
#802=EDGE_CURVE('',#988,#902,#105,.T.);
#803=EDGE_CURVE('',#901,#990,#106,.T.);
#804=EDGE_CURVE('',#991,#989,#1147,.F.);
#805=EDGE_CURVE('',#957,#975,#52,.F.);
#806=EDGE_CURVE('',#974,#956,#53,.F.);
#807=EDGE_CURVE('',#980,#954,#54,.F.);
#808=EDGE_CURVE('',#955,#981,#55,.F.);
#809=EDGE_CURVE('',#908,#856,#1148,.T.);
#810=EDGE_CURVE('',#909,#857,#1149,.T.);
#811=EDGE_CURVE('',#910,#863,#1150,.T.);
#812=EDGE_CURVE('',#911,#862,#1151,.T.);
#813=EDGE_CURVE('',#912,#861,#1152,.T.);
#814=EDGE_CURVE('',#913,#860,#1153,.T.);
#815=EDGE_CURVE('',#914,#859,#1154,.T.);
#816=EDGE_CURVE('',#907,#858,#1155,.T.);
#817=EDGE_CURVE('',#917,#855,#1156,.T.);
#818=EDGE_CURVE('',#918,#854,#1157,.T.);
#819=EDGE_CURVE('',#919,#853,#1158,.T.);
#820=EDGE_CURVE('',#920,#852,#1159,.T.);
#821=EDGE_CURVE('',#921,#851,#1160,.T.);
#822=EDGE_CURVE('',#922,#850,#1161,.T.);
#823=EDGE_CURVE('',#923,#849,#1162,.T.);
#824=EDGE_CURVE('',#847,#915,#1163,.F.);
#825=EDGE_CURVE('',#916,#848,#1164,.T.);
#826=EDGE_CURVE('',#897,#992,#1165,.T.);
#827=EDGE_CURVE('',#886,#992,#1166,.T.);
#828=EDGE_CURVE('',#841,#993,#107,.T.);
#829=EDGE_CURVE('',#994,#993,#1167,.T.);
#830=EDGE_CURVE('',#992,#994,#108,.T.);
#831=EDGE_CURVE('',#887,#994,#1168,.T.);
#832=EDGE_CURVE('',#993,#888,#1169,.F.);
#833=EDGE_CURVE('',#960,#953,#1170,.F.);
#834=EDGE_CURVE('',#952,#961,#1171,.T.);
#835=VERTEX_POINT('',#2316);
#836=VERTEX_POINT('',#2317);
#837=VERTEX_POINT('',#2319);
#838=VERTEX_POINT('',#2321);
#839=VERTEX_POINT('',#2325);
#840=VERTEX_POINT('',#2326);
#841=VERTEX_POINT('',#2328);
#842=VERTEX_POINT('',#2330);
#843=VERTEX_POINT('',#2332);
#844=VERTEX_POINT('',#2334);
#845=VERTEX_POINT('',#2338);
#846=VERTEX_POINT('',#2339);
#847=VERTEX_POINT('',#2341);
#848=VERTEX_POINT('',#2343);
#849=VERTEX_POINT('',#2345);
#850=VERTEX_POINT('',#2347);
#851=VERTEX_POINT('',#2349);
#852=VERTEX_POINT('',#2351);
#853=VERTEX_POINT('',#2353);
#854=VERTEX_POINT('',#2355);
#855=VERTEX_POINT('',#2357);
#856=VERTEX_POINT('',#2360);
#857=VERTEX_POINT('',#2361);
#858=VERTEX_POINT('',#2363);
#859=VERTEX_POINT('',#2365);
#860=VERTEX_POINT('',#2367);
#861=VERTEX_POINT('',#2369);
#862=VERTEX_POINT('',#2371);
#863=VERTEX_POINT('',#2373);
#864=VERTEX_POINT('',#2376);
#865=VERTEX_POINT('',#2377);
#866=VERTEX_POINT('',#2379);
#867=VERTEX_POINT('',#2381);
#868=VERTEX_POINT('',#2383);
#869=VERTEX_POINT('',#2386);
#870=VERTEX_POINT('',#2388);
#871=VERTEX_POINT('',#2390);
#872=VERTEX_POINT('',#2392);
#873=VERTEX_POINT('',#2394);
#874=VERTEX_POINT('',#2396);
#875=VERTEX_POINT('',#2398);
#876=VERTEX_POINT('',#2400);
#877=VERTEX_POINT('',#2402);
#878=VERTEX_POINT('',#2404);
#879=VERTEX_POINT('',#2406);
#880=VERTEX_POINT('',#2408);
#881=VERTEX_POINT('',#2410);
#882=VERTEX_POINT('',#2412);
#883=VERTEX_POINT('',#2414);
#884=VERTEX_POINT('',#2416);
#885=VERTEX_POINT('',#2418);
#886=VERTEX_POINT('',#2422);
#887=VERTEX_POINT('',#2424);
#888=VERTEX_POINT('',#2426);
#889=VERTEX_POINT('',#2428);
#890=VERTEX_POINT('',#2430);
#891=VERTEX_POINT('',#2437);
#892=VERTEX_POINT('',#2438);
#893=VERTEX_POINT('',#2443);
#894=VERTEX_POINT('',#2444);
#895=VERTEX_POINT('',#2446);
#896=VERTEX_POINT('',#2448);
#897=VERTEX_POINT('',#2451);
#898=VERTEX_POINT('',#2453);
#899=VERTEX_POINT('',#2455);
#900=VERTEX_POINT('',#2457);
#901=VERTEX_POINT('',#2459);
#902=VERTEX_POINT('',#2461);
#903=VERTEX_POINT('',#2463);
#904=VERTEX_POINT('',#2465);
#905=VERTEX_POINT('',#2467);
#906=VERTEX_POINT('',#2469);
#907=VERTEX_POINT('',#2472);
#908=VERTEX_POINT('',#2473);
#909=VERTEX_POINT('',#2475);
#910=VERTEX_POINT('',#2477);
#911=VERTEX_POINT('',#2479);
#912=VERTEX_POINT('',#2481);
#913=VERTEX_POINT('',#2483);
#914=VERTEX_POINT('',#2485);
#915=VERTEX_POINT('',#2488);
#916=VERTEX_POINT('',#2489);
#917=VERTEX_POINT('',#2492);
#918=VERTEX_POINT('',#2494);
#919=VERTEX_POINT('',#2496);
#920=VERTEX_POINT('',#2498);
#921=VERTEX_POINT('',#2500);
#922=VERTEX_POINT('',#2502);
#923=VERTEX_POINT('',#2504);
#924=VERTEX_POINT('',#2511);
#925=VERTEX_POINT('',#2512);
#926=VERTEX_POINT('',#2514);
#927=VERTEX_POINT('',#2516);
#928=VERTEX_POINT('',#2520);
#929=VERTEX_POINT('',#2522);
#930=VERTEX_POINT('',#2529);
#931=VERTEX_POINT('',#2533);
#932=VERTEX_POINT('',#2535);
#933=VERTEX_POINT('',#2541);
#934=VERTEX_POINT('',#2545);
#935=VERTEX_POINT('',#2546);
#936=VERTEX_POINT('',#2548);
#937=VERTEX_POINT('',#2550);
#938=VERTEX_POINT('',#2552);
#939=VERTEX_POINT('',#2556);
#940=VERTEX_POINT('',#2557);
#941=VERTEX_POINT('',#2559);
#942=VERTEX_POINT('',#2561);
#943=VERTEX_POINT('',#2563);
#944=VERTEX_POINT('',#2565);
#945=VERTEX_POINT('',#2569);
#946=VERTEX_POINT('',#2570);
#947=VERTEX_POINT('',#2572);
#948=VERTEX_POINT('',#2574);
#949=VERTEX_POINT('',#2582);
#950=VERTEX_POINT('',#2583);
#951=VERTEX_POINT('',#2588);
#952=VERTEX_POINT('',#2590);
#953=VERTEX_POINT('',#2592);
#954=VERTEX_POINT('',#2596);
#955=VERTEX_POINT('',#2598);
#956=VERTEX_POINT('',#2601);
#957=VERTEX_POINT('',#2603);
#958=VERTEX_POINT('',#2605);
#959=VERTEX_POINT('',#2607);
#960=VERTEX_POINT('',#2611);
#961=VERTEX_POINT('',#2613);
#962=VERTEX_POINT('',#2618);
#963=VERTEX_POINT('',#2620);
#964=VERTEX_POINT('',#2622);
#965=VERTEX_POINT('',#2624);
#966=VERTEX_POINT('',#2627);
#967=VERTEX_POINT('',#2629);
#968=VERTEX_POINT('',#2633);
#969=VERTEX_POINT('',#2637);
#970=VERTEX_POINT('',#2641);
#971=VERTEX_POINT('',#2642);
#972=VERTEX_POINT('',#2650);
#973=VERTEX_POINT('',#2651);
#974=VERTEX_POINT('',#2653);
#975=VERTEX_POINT('',#2658);
#976=VERTEX_POINT('',#2660);
#977=VERTEX_POINT('',#2662);
#978=VERTEX_POINT('',#2669);
#979=VERTEX_POINT('',#2670);
#980=VERTEX_POINT('',#2672);
#981=VERTEX_POINT('',#2677);
#982=VERTEX_POINT('',#2679);
#983=VERTEX_POINT('',#2681);
#984=VERTEX_POINT('',#2688);
#985=VERTEX_POINT('',#2690);
#986=VERTEX_POINT('',#2694);
#987=VERTEX_POINT('',#2695);
#988=VERTEX_POINT('',#2704);
#989=VERTEX_POINT('',#2706);
#990=VERTEX_POINT('',#2710);
#991=VERTEX_POINT('',#2711);
#992=VERTEX_POINT('',#2782);
#993=VERTEX_POINT('',#2786);
#994=VERTEX_POINT('',#2788);
#995=LINE('',#2315,#1172);
#996=LINE('',#2318,#1173);
#997=LINE('',#2320,#1174);
#998=LINE('',#2322,#1175);
#999=LINE('',#2324,#1176);
#1000=LINE('',#2329,#1177);
#1001=LINE('',#2331,#1178);
#1002=LINE('',#2333,#1179);
#1003=LINE('',#2335,#1180);
#1004=LINE('',#2337,#1181);
#1005=LINE('',#2344,#1182);
#1006=LINE('',#2348,#1183);
#1007=LINE('',#2352,#1184);
#1008=LINE('',#2356,#1185);
#1009=LINE('',#2362,#1186);
#1010=LINE('',#2366,#1187);
#1011=LINE('',#2370,#1188);
#1012=LINE('',#2374,#1189);
#1013=LINE('',#2378,#1190);
#1014=LINE('',#2380,#1191);
#1015=LINE('',#2382,#1192);
#1016=LINE('',#2384,#1193);
#1017=LINE('',#2385,#1194);
#1018=LINE('',#2387,#1195);
#1019=LINE('',#2389,#1196);
#1020=LINE('',#2391,#1197);
#1021=LINE('',#2393,#1198);
#1022=LINE('',#2395,#1199);
#1023=LINE('',#2397,#1200);
#1024=LINE('',#2399,#1201);
#1025=LINE('',#2403,#1202);
#1026=LINE('',#2405,#1203);
#1027=LINE('',#2407,#1204);
#1028=LINE('',#2409,#1205);
#1029=LINE('',#2411,#1206);
#1030=LINE('',#2413,#1207);
#1031=LINE('',#2415,#1208);
#1032=LINE('',#2417,#1209);
#1033=LINE('',#2419,#1210);
#1034=LINE('',#2421,#1211);
#1035=LINE('',#2425,#1212);
#1036=LINE('',#2429,#1213);
#1037=LINE('',#2431,#1214);
#1038=LINE('',#2433,#1215);
#1039=LINE('',#2434,#1216);
#1040=LINE('',#2436,#1217);
#1041=LINE('',#2439,#1218);
#1042=LINE('',#2440,#1219);
#1043=LINE('',#2442,#1220);
#1044=LINE('',#2447,#1221);
#1045=LINE('',#2449,#1222);
#1046=LINE('',#2450,#1223);
#1047=LINE('',#2452,#1224);
#1048=LINE('',#2456,#1225);
#1049=LINE('',#2458,#1226);
#1050=LINE('',#2460,#1227);
#1051=LINE('',#2462,#1228);
#1052=LINE('',#2464,#1229);
#1053=LINE('',#2466,#1230);
#1054=LINE('',#2468,#1231);
#1055=LINE('',#2470,#1232);
#1056=LINE('',#2471,#1233);
#1057=LINE('',#2476,#1234);
#1058=LINE('',#2480,#1235);
#1059=LINE('',#2484,#1236);
#1060=LINE('',#2493,#1237);
#1061=LINE('',#2497,#1238);
#1062=LINE('',#2501,#1239);
#1063=LINE('',#2505,#1240);
#1064=LINE('',#2507,#1241);
#1065=LINE('',#2508,#1242);
#1066=LINE('',#2510,#1243);
#1067=LINE('',#2513,#1244);
#1068=LINE('',#2515,#1245);
#1069=LINE('',#2517,#1246);
#1070=LINE('',#2519,#1247);
#1071=LINE('',#2521,#1248);
#1072=LINE('',#2523,#1249);
#1073=LINE('',#2524,#1250);
#1074=LINE('',#2525,#1251);
#1075=LINE('',#2527,#1252);
#1076=LINE('',#2528,#1253);
#1077=LINE('',#2532,#1254);
#1078=LINE('',#2534,#1255);
#1079=LINE('',#2539,#1256);
#1080=LINE('',#2542,#1257);
#1081=LINE('',#2544,#1258);
#1082=LINE('',#2547,#1259);
#1083=LINE('',#2549,#1260);
#1084=LINE('',#2551,#1261);
#1085=LINE('',#2555,#1262);
#1086=LINE('',#2560,#1263);
#1087=LINE('',#2562,#1264);
#1088=LINE('',#2564,#1265);
#1089=LINE('',#2568,#1266);
#1090=LINE('',#2571,#1267);
#1091=LINE('',#2573,#1268);
#1092=LINE('',#2575,#1269);
#1093=LINE('',#2577,#1270);
#1094=LINE('',#2578,#1271);
#1095=LINE('',#2579,#1272);
#1096=LINE('',#2581,#1273);
#1097=LINE('',#2584,#1274);
#1098=LINE('',#2585,#1275);
#1099=LINE('',#2595,#1276);
#1100=LINE('',#2597,#1277);
#1101=LINE('',#2599,#1278);
#1102=LINE('',#2600,#1279);
#1103=LINE('',#2602,#1280);
#1104=LINE('',#2604,#1281);
#1105=LINE('',#2606,#1282);
#1106=LINE('',#2615,#1283);
#1107=LINE('',#2616,#1284);
#1108=LINE('',#2619,#1285);
#1109=LINE('',#2621,#1286);
#1110=LINE('',#2623,#1287);
#1111=LINE('',#2625,#1288);
#1112=LINE('',#2626,#1289);
#1113=LINE('',#2628,#1290);
#1114=LINE('',#2630,#1291);
#1115=LINE('',#2635,#1292);
#1116=LINE('',#2638,#1293);
#1117=LINE('',#2640,#1294);
#1118=LINE('',#2643,#1295);
#1119=LINE('',#2644,#1296);
#1120=LINE('',#2646,#1297);
#1121=LINE('',#2647,#1298);
#1122=LINE('',#2649,#1299);
#1123=LINE('',#2652,#1300);
#1124=LINE('',#2654,#1301);
#1125=LINE('',#2657,#1302);
#1126=LINE('',#2659,#1303);
#1127=LINE('',#2661,#1304);
#1128=LINE('',#2665,#1305);
#1129=LINE('',#2666,#1306);
#1130=LINE('',#2668,#1307);
#1131=LINE('',#2671,#1308);
#1132=LINE('',#2673,#1309);
#1133=LINE('',#2676,#1310);
#1134=LINE('',#2678,#1311);
#1135=LINE('',#2680,#1312);
#1136=LINE('',#2684,#1313);
#1137=LINE('',#2685,#1314);
#1138=LINE('',#2687,#1315);
#1139=LINE('',#2689,#1316);
#1140=LINE('',#2693,#1317);
#1141=LINE('',#2696,#1318);
#1142=LINE('',#2701,#1319);
#1143=LINE('',#2703,#1320);
#1144=LINE('',#2705,#1321);
#1145=LINE('',#2709,#1322);
#1146=LINE('',#2712,#1323);
#1147=LINE('',#2717,#1324);
#1148=LINE('',#2744,#1325);
#1149=LINE('',#2745,#1326);
#1150=LINE('',#2747,#1327);
#1151=LINE('',#2749,#1328);
#1152=LINE('',#2751,#1329);
#1153=LINE('',#2753,#1330);
#1154=LINE('',#2755,#1331);
#1155=LINE('',#2757,#1332);
#1156=LINE('',#2760,#1333);
#1157=LINE('',#2762,#1334);
#1158=LINE('',#2764,#1335);
#1159=LINE('',#2766,#1336);
#1160=LINE('',#2768,#1337);
#1161=LINE('',#2770,#1338);
#1162=LINE('',#2774,#1339);
#1163=LINE('',#2776,#1340);
#1164=LINE('',#2777,#1341);
#1165=LINE('',#2781,#1342);
#1166=LINE('',#2783,#1343);
#1167=LINE('',#2787,#1344);
#1168=LINE('',#2791,#1345);
#1169=LINE('',#2793,#1346);
#1170=LINE('',#2797,#1347);
#1171=LINE('',#2798,#1348);
#1172=VECTOR('',#1838,1.);
#1173=VECTOR('',#1839,1.);
#1174=VECTOR('',#1840,1.);
#1175=VECTOR('',#1841,1.);
#1176=VECTOR('',#1844,1.);
#1177=VECTOR('',#1847,1.);
#1178=VECTOR('',#1848,1.);
#1179=VECTOR('',#1849,1.);
#1180=VECTOR('',#1850,1.);
#1181=VECTOR('',#1853,1.);
#1182=VECTOR('',#1858,1.);
#1183=VECTOR('',#1861,1.);
#1184=VECTOR('',#1864,1.);
#1185=VECTOR('',#1867,1.);
#1186=VECTOR('',#1872,1.);
#1187=VECTOR('',#1875,1.);
#1188=VECTOR('',#1878,1.);
#1189=VECTOR('',#1881,1.);
#1190=VECTOR('',#1884,1.);
#1191=VECTOR('',#1885,1.);
#1192=VECTOR('',#1886,1.);
#1193=VECTOR('',#1887,1.);
#1194=VECTOR('',#1888,1.);
#1195=VECTOR('',#1889,1.);
#1196=VECTOR('',#1890,1.);
#1197=VECTOR('',#1891,1.);
#1198=VECTOR('',#1892,1.);
#1199=VECTOR('',#1893,1.);
#1200=VECTOR('',#1894,1.);
#1201=VECTOR('',#1895,1.);
#1202=VECTOR('',#1898,1.);
#1203=VECTOR('',#1899,1.);
#1204=VECTOR('',#1900,1.);
#1205=VECTOR('',#1901,1.);
#1206=VECTOR('',#1902,1.);
#1207=VECTOR('',#1903,1.);
#1208=VECTOR('',#1904,1.);
#1209=VECTOR('',#1905,1.);
#1210=VECTOR('',#1906,1.);
#1211=VECTOR('',#1909,1.);
#1212=VECTOR('',#1912,1.);
#1213=VECTOR('',#1915,1.);
#1214=VECTOR('',#1916,1.);
#1215=VECTOR('',#1919,1.);
#1216=VECTOR('',#1920,1.);
#1217=VECTOR('',#1923,1.);
#1218=VECTOR('',#1924,1.);
#1219=VECTOR('',#1925,1.);
#1220=VECTOR('',#1928,1.);
#1221=VECTOR('',#1931,1.);
#1222=VECTOR('',#1932,1.);
#1223=VECTOR('',#1933,1.);
#1224=VECTOR('',#1934,1.);
#1225=VECTOR('',#1937,1.);
#1226=VECTOR('',#1938,1.);
#1227=VECTOR('',#1939,1.);
#1228=VECTOR('',#1940,1.);
#1229=VECTOR('',#1941,1.);
#1230=VECTOR('',#1942,1.);
#1231=VECTOR('',#1943,1.);
#1232=VECTOR('',#1944,1.);
#1233=VECTOR('',#1945,1.);
#1234=VECTOR('',#1948,1.);
#1235=VECTOR('',#1951,1.);
#1236=VECTOR('',#1954,1.);
#1237=VECTOR('',#1963,1.);
#1238=VECTOR('',#1966,1.);
#1239=VECTOR('',#1969,1.);
#1240=VECTOR('',#1972,1.);
#1241=VECTOR('',#1975,1.);
#1242=VECTOR('',#1976,1.);
#1243=VECTOR('',#1979,1.);
#1244=VECTOR('',#1980,1.);
#1245=VECTOR('',#1981,1.);
#1246=VECTOR('',#1982,1.);
#1247=VECTOR('',#1985,1.);
#1248=VECTOR('',#1986,1.);
#1249=VECTOR('',#1987,1.);
#1250=VECTOR('',#1988,1.);
#1251=VECTOR('',#1989,1.);
#1252=VECTOR('',#1992,1.);
#1253=VECTOR('',#1993,1.);
#1254=VECTOR('',#1998,1.);
#1255=VECTOR('',#1999,1.);
#1256=VECTOR('',#2006,1.);
#1257=VECTOR('',#2009,1.);
#1258=VECTOR('',#2012,1.);
#1259=VECTOR('',#2013,1.);
#1260=VECTOR('',#2014,1.);
#1261=VECTOR('',#2015,1.);
#1262=VECTOR('',#2020,1.);
#1263=VECTOR('',#2023,1.);
#1264=VECTOR('',#2024,1.);
#1265=VECTOR('',#2025,1.);
#1266=VECTOR('',#2030,1.);
#1267=VECTOR('',#2031,1.);
#1268=VECTOR('',#2032,1.);
#1269=VECTOR('',#2033,1.);
#1270=VECTOR('',#2036,1.);
#1271=VECTOR('',#2037,1.);
#1272=VECTOR('',#2038,1.);
#1273=VECTOR('',#2041,1.);
#1274=VECTOR('',#2042,1.);
#1275=VECTOR('',#2043,1.);
#1276=VECTOR('',#2056,1.);
#1277=VECTOR('',#2057,1.);
#1278=VECTOR('',#2058,1.);
#1279=VECTOR('',#2059,1.);
#1280=VECTOR('',#2060,1.);
#1281=VECTOR('',#2061,1.);
#1282=VECTOR('',#2062,1.);
#1283=VECTOR('',#2073,1.);
#1284=VECTOR('',#2074,1.);
#1285=VECTOR('',#2077,1.);
#1286=VECTOR('',#2078,1.);
#1287=VECTOR('',#2079,1.);
#1288=VECTOR('',#2080,1.);
#1289=VECTOR('',#2081,1.);
#1290=VECTOR('',#2082,1.);
#1291=VECTOR('',#2083,1.);
#1292=VECTOR('',#2090,1.);
#1293=VECTOR('',#2093,1.);
#1294=VECTOR('',#2096,1.);
#1295=VECTOR('',#2097,1.);
#1296=VECTOR('',#2098,1.);
#1297=VECTOR('',#2101,1.);
#1298=VECTOR('',#2102,1.);
#1299=VECTOR('',#2105,1.);
#1300=VECTOR('',#2106,1.);
#1301=VECTOR('',#2107,1.);
#1302=VECTOR('',#2112,1.);
#1303=VECTOR('',#2113,1.);
#1304=VECTOR('',#2114,1.);
#1305=VECTOR('',#2119,1.);
#1306=VECTOR('',#2120,1.);
#1307=VECTOR('',#2123,1.);
#1308=VECTOR('',#2124,1.);
#1309=VECTOR('',#2125,1.);
#1310=VECTOR('',#2130,1.);
#1311=VECTOR('',#2131,1.);
#1312=VECTOR('',#2132,1.);
#1313=VECTOR('',#2137,1.);
#1314=VECTOR('',#2138,1.);
#1315=VECTOR('',#2141,1.);
#1316=VECTOR('',#2142,1.);
#1317=VECTOR('',#2147,1.);
#1318=VECTOR('',#2148,1.);
#1319=VECTOR('',#2157,1.);
#1320=VECTOR('',#2160,1.);
#1321=VECTOR('',#2161,1.);
#1322=VECTOR('',#2166,1.);
#1323=VECTOR('',#2167,1.);
#1324=VECTOR('',#2176,1.);
#1325=VECTOR('',#2229,1.);
#1326=VECTOR('',#2230,1.);
#1327=VECTOR('',#2233,1.);
#1328=VECTOR('',#2236,1.);
#1329=VECTOR('',#2239,1.);
#1330=VECTOR('',#2242,1.);
#1331=VECTOR('',#2245,1.);
#1332=VECTOR('',#2248,1.);
#1333=VECTOR('',#2253,1.);
#1334=VECTOR('',#2256,1.);
#1335=VECTOR('',#2259,1.);
#1336=VECTOR('',#2262,1.);
#1337=VECTOR('',#2265,1.);
#1338=VECTOR('',#2268,1.);
#1339=VECTOR('',#2275,1.);
#1340=VECTOR('',#2278,1.);
#1341=VECTOR('',#2279,1.);
#1342=VECTOR('',#2286,1.);
#1343=VECTOR('',#2287,1.);
#1344=VECTOR('',#2292,1.);
#1345=VECTOR('',#2297,1.);
#1346=VECTOR('',#2300,1.);
#1347=VECTOR('',#2307,1.);
#1348=VECTOR('',#2308,1.);
#1349=EDGE_LOOP('',(#109,#110,#111,#112));
#1350=EDGE_LOOP('',(#113,#114,#115,#116,#117,#118));
#1351=EDGE_LOOP('',(#119,#120,#121,#122,#123,#124,#125,#126,#127,#128,#129));
#1352=EDGE_LOOP('',(#130,#131,#132,#133,#134,#135,#136,#137));
#1353=EDGE_LOOP('',(#138,#139,#140,#141,#142,#143,#144,#145,#146,#147,#148,#149,#150,#151,#152,#153,#154,#155,#156,#157,#158,#159,#160,#161));
#1354=EDGE_LOOP('',(#162,#163,#164,#165,#166,#167,#168));
#1355=EDGE_LOOP('',(#169,#170,#171,#172));
#1356=EDGE_LOOP('',(#173,#174,#175,#176));
#1357=EDGE_LOOP('',(#177,#178,#179,#180,#181,#182,#183,#184,#185,#186,#187,#188,#189,#190,#191,#192));
#1358=EDGE_LOOP('',(#193,#194,#195,#196,#197,#198,#199,#200));
#1359=EDGE_LOOP('',(#201,#202,#203,#204,#205,#206,#207,#208,#209,#210,#211));
#1360=EDGE_LOOP('',(#212,#213,#214,#215));
#1361=EDGE_LOOP('',(#216,#217,#218,#219));
#1362=EDGE_LOOP('',(#220,#221,#222,#223,#224,#225,#226,#227));
#1363=EDGE_LOOP('',(#228,#229,#230,#231,#232));
#1364=EDGE_LOOP('',(#233,#234,#235,#236,#237,#238));
#1365=EDGE_LOOP('',(#239,#240,#241,#242,#243));
#1366=EDGE_LOOP('',(#244,#245,#246,#247,#248));
#1367=EDGE_LOOP('',(#249,#250,#251,#252,#253,#254));
#1368=EDGE_LOOP('',(#255,#256,#257,#258));
#1369=EDGE_LOOP('',(#259,#260,#261,#262));
#1370=EDGE_LOOP('',(#263,#264,#265,#266));
#1371=EDGE_LOOP('',(#267));
#1372=EDGE_LOOP('',(#268,#269,#270,#271,#272,#273,#274,#275,#276,#277,#278,#279,#280,#281,#282,#283,#284,#285));
#1373=EDGE_LOOP('',(#286,#287,#288,#289,#290,#291,#292,#293,#294,#295,#296,#297,#298,#299,#300,#301,#302,#303,#304,#305));
#1374=EDGE_LOOP('',(#306));
#1375=EDGE_LOOP('',(#307,#308,#309,#310,#311));
#1376=EDGE_LOOP('',(#312,#313,#314,#315));
#1377=EDGE_LOOP('',(#316,#317,#318,#319));
#1378=EDGE_LOOP('',(#320,#321,#322,#323,#324,#325));
#1379=EDGE_LOOP('',(#326,#327,#328,#329,#330,#331));
#1380=EDGE_LOOP('',(#332,#333,#334,#335));
#1381=EDGE_LOOP('',(#336,#337,#338,#339,#340,#341));
#1382=EDGE_LOOP('',(#342,#343,#344,#345,#346,#347));
#1383=EDGE_LOOP('',(#348,#349,#350,#351));
#1384=EDGE_LOOP('',(#352,#353,#354,#355,#356));
#1385=EDGE_LOOP('',(#357,#358,#359,#360,#361));
#1386=EDGE_LOOP('',(#362,#363,#364,#365,#366,#367));
#1387=EDGE_LOOP('',(#368,#369,#370,#371,#372));
#1388=EDGE_LOOP('',(#373,#374,#375,#376,#377));
#1389=EDGE_LOOP('',(#378,#379,#380,#381,#382,#383));
#1390=EDGE_LOOP('',(#384,#385,#386,#387));
#1391=EDGE_LOOP('',(#388,#389,#390,#391));
#1392=EDGE_LOOP('',(#392,#393,#394,#395));
#1393=EDGE_LOOP('',(#396,#397,#398,#399));
#1394=EDGE_LOOP('',(#400,#401,#402,#403));
#1395=EDGE_LOOP('',(#404,#405,#406,#407));
#1396=EDGE_LOOP('',(#408,#409,#410,#411));
#1397=EDGE_LOOP('',(#412,#413,#414,#415));
#1398=EDGE_LOOP('',(#416,#417,#418,#419));
#1399=EDGE_LOOP('',(#420,#421,#422,#423));
#1400=EDGE_LOOP('',(#424,#425,#426,#427));
#1401=EDGE_LOOP('',(#428,#429,#430,#431));
#1402=EDGE_LOOP('',(#432,#433,#434,#435,#436,#437));
#1403=EDGE_LOOP('',(#438,#439,#440,#441,#442,#443));
#1404=EDGE_LOOP('',(#444,#445,#446,#447));
#1405=EDGE_LOOP('',(#448,#449,#450,#451));
#1406=EDGE_LOOP('',(#452,#453,#454,#455));
#1407=EDGE_LOOP('',(#456,#457,#458,#459));
#1408=EDGE_LOOP('',(#460,#461,#462,#463,#464,#465));
#1409=EDGE_LOOP('',(#466,#467,#468,#469,#470,#471));
#1410=EDGE_LOOP('',(#472,#473,#474,#475));
#1411=EDGE_LOOP('',(#476,#477,#478,#479));
#1412=EDGE_LOOP('',(#480,#481,#482,#483));
#1413=EDGE_LOOP('',(#484,#485,#486,#487));
#1414=EDGE_LOOP('',(#488,#489,#490,#491));
#1415=EDGE_LOOP('',(#492,#493,#494,#495));
#1416=EDGE_LOOP('',(#496,#497,#498,#499));
#1417=EDGE_LOOP('',(#500,#501,#502,#503));
#1418=EDGE_LOOP('',(#504,#505,#506,#507));
#1419=EDGE_LOOP('',(#508,#509,#510,#511));
#1420=EDGE_LOOP('',(#512,#513,#514,#515));
#1421=EDGE_LOOP('',(#516,#517,#518,#519));
#1422=EDGE_LOOP('',(#520,#521,#522,#523));
#1423=EDGE_LOOP('',(#524,#525,#526,#527));
#1424=EDGE_LOOP('',(#528,#529,#530,#531));
#1425=EDGE_LOOP('',(#532,#533,#534,#535));
#1426=EDGE_LOOP('',(#536,#537,#538,#539));
#1427=EDGE_LOOP('',(#540,#541,#542,#543));
#1428=EDGE_LOOP('',(#544,#545,#546,#547));
#1429=EDGE_LOOP('',(#548,#549,#550,#551));
#1430=EDGE_LOOP('',(#552,#553,#554,#555));
#1431=EDGE_LOOP('',(#556,#557,#558,#559,#560));
#1432=EDGE_LOOP('',(#561,#562,#563,#564,#565));
#1433=EDGE_LOOP('',(#566,#567,#568,#569));
#1434=EDGE_LOOP('',(#570,#571,#572,#573));
#1435=EDGE_LOOP('',(#574,#575,#576,#577,#578));
#1436=EDGE_LOOP('',(#579));
#1437=EDGE_LOOP('',(#580));
#1438=EDGE_LOOP('',(#581,#582,#583,#584));
#1439=EDGE_LOOP('',(#585,#586,#587,#588));
#1440=EDGE_LOOP('',(#589,#590,#591,#592));
#1441=FACE_BOUND('',#1349,.T.);
#1442=FACE_BOUND('',#1350,.T.);
#1443=FACE_BOUND('',#1351,.T.);
#1444=FACE_BOUND('',#1352,.T.);
#1445=FACE_BOUND('',#1353,.T.);
#1446=FACE_BOUND('',#1354,.T.);
#1447=FACE_BOUND('',#1355,.T.);
#1448=FACE_BOUND('',#1356,.T.);
#1449=FACE_BOUND('',#1357,.T.);
#1450=FACE_BOUND('',#1358,.T.);
#1451=FACE_BOUND('',#1359,.T.);
#1452=FACE_BOUND('',#1360,.T.);
#1453=FACE_BOUND('',#1361,.T.);
#1454=FACE_BOUND('',#1362,.T.);
#1455=FACE_BOUND('',#1363,.T.);
#1456=FACE_BOUND('',#1364,.T.);
#1457=FACE_BOUND('',#1365,.T.);
#1458=FACE_BOUND('',#1366,.T.);
#1459=FACE_BOUND('',#1367,.T.);
#1460=FACE_BOUND('',#1368,.T.);
#1461=FACE_BOUND('',#1369,.T.);
#1462=FACE_BOUND('',#1370,.T.);
#1463=FACE_BOUND('',#1371,.T.);
#1464=FACE_BOUND('',#1372,.T.);
#1465=FACE_BOUND('',#1373,.T.);
#1466=FACE_BOUND('',#1374,.T.);
#1467=FACE_BOUND('',#1375,.T.);
#1468=FACE_BOUND('',#1376,.T.);
#1469=FACE_BOUND('',#1377,.T.);
#1470=FACE_BOUND('',#1378,.T.);
#1471=FACE_BOUND('',#1379,.T.);
#1472=FACE_BOUND('',#1380,.T.);
#1473=FACE_BOUND('',#1381,.T.);
#1474=FACE_BOUND('',#1382,.T.);
#1475=FACE_BOUND('',#1383,.T.);
#1476=FACE_BOUND('',#1384,.T.);
#1477=FACE_BOUND('',#1385,.T.);
#1478=FACE_BOUND('',#1386,.T.);
#1479=FACE_BOUND('',#1387,.T.);
#1480=FACE_BOUND('',#1388,.T.);
#1481=FACE_BOUND('',#1389,.T.);
#1482=FACE_BOUND('',#1390,.T.);
#1483=FACE_BOUND('',#1391,.T.);
#1484=FACE_BOUND('',#1392,.T.);
#1485=FACE_BOUND('',#1393,.T.);
#1486=FACE_BOUND('',#1394,.T.);
#1487=FACE_BOUND('',#1395,.T.);
#1488=FACE_BOUND('',#1396,.T.);
#1489=FACE_BOUND('',#1397,.T.);
#1490=FACE_BOUND('',#1398,.T.);
#1491=FACE_BOUND('',#1399,.T.);
#1492=FACE_BOUND('',#1400,.T.);
#1493=FACE_BOUND('',#1401,.T.);
#1494=FACE_BOUND('',#1402,.T.);
#1495=FACE_BOUND('',#1403,.T.);
#1496=FACE_BOUND('',#1404,.T.);
#1497=FACE_BOUND('',#1405,.T.);
#1498=FACE_BOUND('',#1406,.T.);
#1499=FACE_BOUND('',#1407,.T.);
#1500=FACE_BOUND('',#1408,.T.);
#1501=FACE_BOUND('',#1409,.T.);
#1502=FACE_BOUND('',#1410,.T.);
#1503=FACE_BOUND('',#1411,.T.);
#1504=FACE_BOUND('',#1412,.T.);
#1505=FACE_BOUND('',#1413,.T.);
#1506=FACE_BOUND('',#1414,.T.);
#1507=FACE_BOUND('',#1415,.T.);
#1508=FACE_BOUND('',#1416,.T.);
#1509=FACE_BOUND('',#1417,.T.);
#1510=FACE_BOUND('',#1418,.T.);
#1511=FACE_BOUND('',#1419,.T.);
#1512=FACE_BOUND('',#1420,.T.);
#1513=FACE_BOUND('',#1421,.T.);
#1514=FACE_BOUND('',#1422,.T.);
#1515=FACE_BOUND('',#1423,.T.);
#1516=FACE_BOUND('',#1424,.T.);
#1517=FACE_BOUND('',#1425,.T.);
#1518=FACE_BOUND('',#1426,.T.);
#1519=FACE_BOUND('',#1427,.T.);
#1520=FACE_BOUND('',#1428,.T.);
#1521=FACE_BOUND('',#1429,.T.);
#1522=FACE_BOUND('',#1430,.T.);
#1523=FACE_BOUND('',#1431,.T.);
#1524=FACE_BOUND('',#1432,.T.);
#1525=FACE_BOUND('',#1433,.T.);
#1526=FACE_BOUND('',#1434,.T.);
#1527=FACE_BOUND('',#1435,.T.);
#1528=FACE_BOUND('',#1436,.T.);
#1529=FACE_BOUND('',#1437,.T.);
#1530=FACE_BOUND('',#1438,.T.);
#1531=FACE_BOUND('',#1439,.T.);
#1532=FACE_BOUND('',#1440,.T.);
#1533=PLANE('',#1684);
#1534=PLANE('',#1685);
#1535=PLANE('',#1687);
#1536=PLANE('',#1700);
#1537=PLANE('',#1703);
#1538=PLANE('',#1704);
#1539=PLANE('',#1705);
#1540=PLANE('',#1718);
#1541=PLANE('',#1719);
#1542=PLANE('',#1720);
#1543=PLANE('',#1721);
#1544=PLANE('',#1723);
#1545=PLANE('',#1726);
#1546=PLANE('',#1728);
#1547=PLANE('',#1730);
#1548=PLANE('',#1733);
#1549=PLANE('',#1734);
#1550=PLANE('',#1735);
#1551=PLANE('',#1736);
#1552=PLANE('',#1743);
#1553=PLANE('',#1750);
#1554=PLANE('',#1752);
#1555=PLANE('',#1753);
#1556=PLANE('',#1754);
#1557=PLANE('',#1756);
#1558=PLANE('',#1758);
#1559=PLANE('',#1759);
#1560=PLANE('',#1761);
#1561=PLANE('',#1763);
#1562=PLANE('',#1764);
#1563=PLANE('',#1766);
#1564=PLANE('',#1768);
#1565=PLANE('',#1771);
#1566=PLANE('',#1773);
#1567=PLANE('',#1775);
#1568=PLANE('',#1794);
#1569=PLANE('',#1795);
#1570=PLANE('',#1800);
#1571=PLANE('',#1801);
#1572=PLANE('',#1802);
#1573=PLANE('',#1804);
#1574=PLANE('',#1806);
#1575=PLANE('',#1808);
#1576=PLANE('',#1809);
#1577=PLANE('',#1812);
#1578=PLANE('',#1814);
#1579=PLANE('',#1816);
#1580=PLANE('',#1817);
#1581=PLANE('',#1818);
#1582=PLANE('',#1821);
#1583=PLANE('',#1823);
#1584=PLANE('',#1824);
#1585=PLANE('',#1828);
#1586=ADVANCED_FACE('',(#1441),#1533,.F.);
#1587=ADVANCED_FACE('',(#1442),#1534,.T.);
#1588=ADVANCED_FACE('',(#1443,#1444,#1445),#1535,.T.);
#1589=ADVANCED_FACE('',(#1446),#1536,.F.);
#1590=ADVANCED_FACE('',(#1447),#1537,.F.);
#1591=ADVANCED_FACE('',(#1448),#1538,.T.);
#1592=ADVANCED_FACE('',(#1449,#1450,#1451),#1539,.F.);
#1593=ADVANCED_FACE('',(#1452),#1540,.T.);
#1594=ADVANCED_FACE('',(#1453),#1541,.T.);
#1595=ADVANCED_FACE('',(#1454),#1542,.F.);
#1596=ADVANCED_FACE('',(#1455),#1543,.F.);
#1597=ADVANCED_FACE('',(#1456),#1544,.F.);
#1598=ADVANCED_FACE('',(#1457),#1545,.F.);
#1599=ADVANCED_FACE('',(#1458),#1546,.F.);
#1600=ADVANCED_FACE('',(#1459),#1547,.F.);
#1601=ADVANCED_FACE('',(#1460),#1548,.F.);
#1602=ADVANCED_FACE('',(#1461),#1549,.F.);
#1603=ADVANCED_FACE('',(#1462),#1550,.T.);
#1604=ADVANCED_FACE('',(#1463,#1464),#1551,.F.);
#1605=ADVANCED_FACE('',(#1465,#1466),#1552,.T.);
#1606=ADVANCED_FACE('',(#1467),#1553,.F.);
#1607=ADVANCED_FACE('',(#1468),#1554,.F.);
#1608=ADVANCED_FACE('',(#1469),#1555,.T.);
#1609=ADVANCED_FACE('',(#1470),#1556,.T.);
#1610=ADVANCED_FACE('',(#1471),#1557,.T.);
#1611=ADVANCED_FACE('',(#1472),#1558,.T.);
#1612=ADVANCED_FACE('',(#1473),#1559,.T.);
#1613=ADVANCED_FACE('',(#1474),#1560,.T.);
#1614=ADVANCED_FACE('',(#1475),#1561,.T.);
#1615=ADVANCED_FACE('',(#1476),#1562,.F.);
#1616=ADVANCED_FACE('',(#1477),#1563,.F.);
#1617=ADVANCED_FACE('',(#1478),#1564,.T.);
#1618=ADVANCED_FACE('',(#1479),#1565,.F.);
#1619=ADVANCED_FACE('',(#1480),#1566,.F.);
#1620=ADVANCED_FACE('',(#1481),#1567,.T.);
#1621=ADVANCED_FACE('',(#1482),#12,.T.);
#1622=ADVANCED_FACE('',(#1483),#13,.T.);
#1623=ADVANCED_FACE('',(#1484),#14,.T.);
#1624=ADVANCED_FACE('',(#1485),#15,.T.);
#1625=ADVANCED_FACE('',(#1486),#16,.T.);
#1626=ADVANCED_FACE('',(#1487),#17,.T.);
#1627=ADVANCED_FACE('',(#1488),#18,.T.);
#1628=ADVANCED_FACE('',(#1489),#19,.T.);
#1629=ADVANCED_FACE('',(#1490),#20,.T.);
#1630=ADVANCED_FACE('',(#1491),#21,.T.);
#1631=ADVANCED_FACE('',(#1492),#22,.T.);
#1632=ADVANCED_FACE('',(#1493),#23,.T.);
#1633=ADVANCED_FACE('',(#1494),#1568,.T.);
#1634=ADVANCED_FACE('',(#1495),#1569,.T.);
#1635=ADVANCED_FACE('',(#1496),#24,.T.);
#1636=ADVANCED_FACE('',(#1497),#25,.T.);
#1637=ADVANCED_FACE('',(#1498),#26,.T.);
#1638=ADVANCED_FACE('',(#1499),#27,.T.);
#1639=ADVANCED_FACE('',(#1500),#1570,.T.);
#1640=ADVANCED_FACE('',(#1501),#1571,.F.);
#1641=ADVANCED_FACE('',(#1502),#1572,.F.);
#1642=ADVANCED_FACE('',(#1503),#28,.F.);
#1643=ADVANCED_FACE('',(#1504),#1573,.F.);
#1644=ADVANCED_FACE('',(#1505),#29,.F.);
#1645=ADVANCED_FACE('',(#1506),#1574,.F.);
#1646=ADVANCED_FACE('',(#1507),#30,.F.);
#1647=ADVANCED_FACE('',(#1508),#1575,.T.);
#1648=ADVANCED_FACE('',(#1509),#1576,.T.);
#1649=ADVANCED_FACE('',(#1510),#31,.F.);
#1650=ADVANCED_FACE('',(#1511),#32,.F.);
#1651=ADVANCED_FACE('',(#1512),#1577,.F.);
#1652=ADVANCED_FACE('',(#1513),#33,.F.);
#1653=ADVANCED_FACE('',(#1514),#1578,.F.);
#1654=ADVANCED_FACE('',(#1515),#34,.F.);
#1655=ADVANCED_FACE('',(#1516),#1579,.T.);
#1656=ADVANCED_FACE('',(#1517),#1580,.T.);
#1657=ADVANCED_FACE('',(#1518),#1581,.T.);
#1658=ADVANCED_FACE('',(#1519),#35,.F.);
#1659=ADVANCED_FACE('',(#1520),#36,.F.);
#1660=ADVANCED_FACE('',(#1521),#1582,.F.);
#1661=ADVANCED_FACE('',(#1522),#37,.T.);
#1662=ADVANCED_FACE('',(#1523),#1583,.F.);
#1663=ADVANCED_FACE('',(#1524),#1584,.F.);
#1664=ADVANCED_FACE('',(#1525),#38,.T.);
#1665=ADVANCED_FACE('',(#1526),#1585,.F.);
#1666=ADVANCED_FACE('',(#1527),#39,.F.);
#1667=ADVANCED_FACE('',(#1528,#1529),#40,.F.);
#1668=ADVANCED_FACE('',(#1530),#41,.T.);
#1669=ADVANCED_FACE('',(#1531),#42,.F.);
#1670=ADVANCED_FACE('',(#1532),#43,.F.);
#1671=CLOSED_SHELL('',(#1586,#1587,#1588,#1589,#1590,#1591,#1592,#1593,#1594,#1595,#1596,#1597,#1598,#1599,#1600,#1601,#1602,#1603,#1604,#1605,#1606,#1607,#1608,#1609,#1610,#1611,#1612,#1613,#1614,#1615,#1616,#1617,#1618,#1619,#1620,#1621,#1622,#1623,#1624,#1625,#1626,#1627,#1628,#1629,#1630,#1631,#1632,#1633,#1634,#1635,#1636,#1637,#1638,#1639,#1640,#1641,#1642,#1643,#1644,#1645,#1646,#1647,#1648,#1649,#1650,#1651,#1652,#1653,#1654,#1655,#1656,#1657,#1658,#1659,#1660,#1661,#1662,#1663,#1664,#1665,#1666,#1667,#1668,#1669,#1670));
#1672=STYLED_ITEM('',(#1673),#1680);
#1673=PRESENTATION_STYLE_ASSIGNMENT((#1674));
#1674=SURFACE_STYLE_USAGE(.BOTH.,#1675);
#1675=SURFACE_SIDE_STYLE('',(#1676));
#1676=SURFACE_STYLE_FILL_AREA(#1677);
#1677=FILL_AREA_STYLE('',(#1678));
#1678=FILL_AREA_STYLE_COLOUR('',#1679);
#1679=COLOUR_RGB('',0.0627450980392157,0.266666666666666,0.490196078431373);
#1680=MANIFOLD_SOLID_BREP('Lid',#1671);
#1681=SHAPE_DEFINITION_REPRESENTATION(#2807,#1682);
#1682=SHAPE_REPRESENTATION('Lid',(#1683),#2802);
#1683=AXIS2_PLACEMENT_3D('',#2313,#1834,#1835);
#1684=AXIS2_PLACEMENT_3D('',#2314,#1836,#1837);
#1685=AXIS2_PLACEMENT_3D('',#2323,#1842,#1843);
#1686=AXIS2_PLACEMENT_3D('',#2327,#1845,#1846);
#1687=AXIS2_PLACEMENT_3D('',#2336,#1851,#1852);
#1688=AXIS2_PLACEMENT_3D('',#2340,#1854,#1855);
#1689=AXIS2_PLACEMENT_3D('',#2342,#1856,#1857);
#1690=AXIS2_PLACEMENT_3D('',#2346,#1859,#1860);
#1691=AXIS2_PLACEMENT_3D('',#2350,#1862,#1863);
#1692=AXIS2_PLACEMENT_3D('',#2354,#1865,#1866);
#1693=AXIS2_PLACEMENT_3D('',#2358,#1868,#1869);
#1694=AXIS2_PLACEMENT_3D('',#2359,#1870,#1871);
#1695=AXIS2_PLACEMENT_3D('',#2364,#1873,#1874);
#1696=AXIS2_PLACEMENT_3D('',#2368,#1876,#1877);
#1697=AXIS2_PLACEMENT_3D('',#2372,#1879,#1880);
#1698=AXIS2_PLACEMENT_3D('',#2375,#1882,#1883);
#1699=AXIS2_PLACEMENT_3D('',#2401,#1896,#1897);
#1700=AXIS2_PLACEMENT_3D('',#2420,#1907,#1908);
#1701=AXIS2_PLACEMENT_3D('',#2423,#1910,#1911);
#1702=AXIS2_PLACEMENT_3D('',#2427,#1913,#1914);
#1703=AXIS2_PLACEMENT_3D('',#2432,#1917,#1918);
#1704=AXIS2_PLACEMENT_3D('',#2435,#1921,#1922);
#1705=AXIS2_PLACEMENT_3D('',#2441,#1926,#1927);
#1706=AXIS2_PLACEMENT_3D('',#2445,#1929,#1930);
#1707=AXIS2_PLACEMENT_3D('',#2454,#1935,#1936);
#1708=AXIS2_PLACEMENT_3D('',#2474,#1946,#1947);
#1709=AXIS2_PLACEMENT_3D('',#2478,#1949,#1950);
#1710=AXIS2_PLACEMENT_3D('',#2482,#1952,#1953);
#1711=AXIS2_PLACEMENT_3D('',#2486,#1955,#1956);
#1712=AXIS2_PLACEMENT_3D('',#2487,#1957,#1958);
#1713=AXIS2_PLACEMENT_3D('',#2490,#1959,#1960);
#1714=AXIS2_PLACEMENT_3D('',#2491,#1961,#1962);
#1715=AXIS2_PLACEMENT_3D('',#2495,#1964,#1965);
#1716=AXIS2_PLACEMENT_3D('',#2499,#1967,#1968);
#1717=AXIS2_PLACEMENT_3D('',#2503,#1970,#1971);
#1718=AXIS2_PLACEMENT_3D('',#2506,#1973,#1974);
#1719=AXIS2_PLACEMENT_3D('',#2509,#1977,#1978);
#1720=AXIS2_PLACEMENT_3D('',#2518,#1983,#1984);
#1721=AXIS2_PLACEMENT_3D('',#2526,#1990,#1991);
#1722=AXIS2_PLACEMENT_3D('',#2530,#1994,#1995);
#1723=AXIS2_PLACEMENT_3D('',#2531,#1996,#1997);
#1724=AXIS2_PLACEMENT_3D('',#2536,#2000,#2001);
#1725=AXIS2_PLACEMENT_3D('',#2537,#2002,#2003);
#1726=AXIS2_PLACEMENT_3D('',#2538,#2004,#2005);
#1727=AXIS2_PLACEMENT_3D('',#2540,#2007,#2008);
#1728=AXIS2_PLACEMENT_3D('',#2543,#2010,#2011);
#1729=AXIS2_PLACEMENT_3D('',#2553,#2016,#2017);
#1730=AXIS2_PLACEMENT_3D('',#2554,#2018,#2019);
#1731=AXIS2_PLACEMENT_3D('',#2558,#2021,#2022);
#1732=AXIS2_PLACEMENT_3D('',#2566,#2026,#2027);
#1733=AXIS2_PLACEMENT_3D('',#2567,#2028,#2029);
#1734=AXIS2_PLACEMENT_3D('',#2576,#2034,#2035);
#1735=AXIS2_PLACEMENT_3D('',#2580,#2039,#2040);
#1736=AXIS2_PLACEMENT_3D('',#2586,#2044,#2045);
#1737=AXIS2_PLACEMENT_3D('',#2587,#2046,#2047);
#1738=AXIS2_PLACEMENT_3D('',#2589,#2048,#2049);
#1739=AXIS2_PLACEMENT_3D('',#2591,#2050,#2051);
#1740=AXIS2_PLACEMENT_3D('',#2593,#2052,#2053);
#1741=AXIS2_PLACEMENT_3D('',#2594,#2054,#2055);
#1742=AXIS2_PLACEMENT_3D('',#2608,#2063,#2064);
#1743=AXIS2_PLACEMENT_3D('',#2609,#2065,#2066);
#1744=AXIS2_PLACEMENT_3D('',#2610,#2067,#2068);
#1745=AXIS2_PLACEMENT_3D('',#2612,#2069,#2070);
#1746=AXIS2_PLACEMENT_3D('',#2614,#2071,#2072);
#1747=AXIS2_PLACEMENT_3D('',#2617,#2075,#2076);
#1748=AXIS2_PLACEMENT_3D('',#2631,#2084,#2085);
#1749=AXIS2_PLACEMENT_3D('',#2632,#2086,#2087);
#1750=AXIS2_PLACEMENT_3D('',#2634,#2088,#2089);
#1751=AXIS2_PLACEMENT_3D('',#2636,#2091,#2092);
#1752=AXIS2_PLACEMENT_3D('',#2639,#2094,#2095);
#1753=AXIS2_PLACEMENT_3D('',#2645,#2099,#2100);
#1754=AXIS2_PLACEMENT_3D('',#2648,#2103,#2104);
#1755=AXIS2_PLACEMENT_3D('',#2655,#2108,#2109);
#1756=AXIS2_PLACEMENT_3D('',#2656,#2110,#2111);
#1757=AXIS2_PLACEMENT_3D('',#2663,#2115,#2116);
#1758=AXIS2_PLACEMENT_3D('',#2664,#2117,#2118);
#1759=AXIS2_PLACEMENT_3D('',#2667,#2121,#2122);
#1760=AXIS2_PLACEMENT_3D('',#2674,#2126,#2127);
#1761=AXIS2_PLACEMENT_3D('',#2675,#2128,#2129);
#1762=AXIS2_PLACEMENT_3D('',#2682,#2133,#2134);
#1763=AXIS2_PLACEMENT_3D('',#2683,#2135,#2136);
#1764=AXIS2_PLACEMENT_3D('',#2686,#2139,#2140);
#1765=AXIS2_PLACEMENT_3D('',#2691,#2143,#2144);
#1766=AXIS2_PLACEMENT_3D('',#2692,#2145,#2146);
#1767=AXIS2_PLACEMENT_3D('',#2697,#2149,#2150);
#1768=AXIS2_PLACEMENT_3D('',#2698,#2151,#2152);
#1769=AXIS2_PLACEMENT_3D('',#2699,#2153,#2154);
#1770=AXIS2_PLACEMENT_3D('',#2700,#2155,#2156);
#1771=AXIS2_PLACEMENT_3D('',#2702,#2158,#2159);
#1772=AXIS2_PLACEMENT_3D('',#2707,#2162,#2163);
#1773=AXIS2_PLACEMENT_3D('',#2708,#2164,#2165);
#1774=AXIS2_PLACEMENT_3D('',#2713,#2168,#2169);
#1775=AXIS2_PLACEMENT_3D('',#2714,#2170,#2171);
#1776=AXIS2_PLACEMENT_3D('',#2715,#2172,#2173);
#1777=AXIS2_PLACEMENT_3D('',#2716,#2174,#2175);
#1778=AXIS2_PLACEMENT_3D('',#2718,#2177,#2178);
#1779=AXIS2_PLACEMENT_3D('',#2719,#2179,#2180);
#1780=AXIS2_PLACEMENT_3D('',#2720,#2181,#2182);
#1781=AXIS2_PLACEMENT_3D('',#2721,#2183,#2184);
#1782=AXIS2_PLACEMENT_3D('',#2722,#2185,#2186);
#1783=AXIS2_PLACEMENT_3D('',#2723,#2187,#2188);
#1784=AXIS2_PLACEMENT_3D('',#2724,#2189,#2190);
#1785=AXIS2_PLACEMENT_3D('',#2725,#2191,#2192);
#1786=AXIS2_PLACEMENT_3D('',#2726,#2193,#2194);
#1787=AXIS2_PLACEMENT_3D('',#2727,#2195,#2196);
#1788=AXIS2_PLACEMENT_3D('',#2728,#2197,#2198);
#1789=AXIS2_PLACEMENT_3D('',#2729,#2199,#2200);
#1790=AXIS2_PLACEMENT_3D('',#2730,#2201,#2202);
#1791=AXIS2_PLACEMENT_3D('',#2731,#2203,#2204);
#1792=AXIS2_PLACEMENT_3D('',#2732,#2205,#2206);
#1793=AXIS2_PLACEMENT_3D('',#2733,#2207,#2208);
#1794=AXIS2_PLACEMENT_3D('',#2734,#2209,#2210);
#1795=AXIS2_PLACEMENT_3D('',#2735,#2211,#2212);
#1796=AXIS2_PLACEMENT_3D('',#2736,#2213,#2214);
#1797=AXIS2_PLACEMENT_3D('',#2737,#2215,#2216);
#1798=AXIS2_PLACEMENT_3D('',#2738,#2217,#2218);
#1799=AXIS2_PLACEMENT_3D('',#2739,#2219,#2220);
#1800=AXIS2_PLACEMENT_3D('',#2740,#2221,#2222);
#1801=AXIS2_PLACEMENT_3D('',#2741,#2223,#2224);
#1802=AXIS2_PLACEMENT_3D('',#2742,#2225,#2226);
#1803=AXIS2_PLACEMENT_3D('',#2743,#2227,#2228);
#1804=AXIS2_PLACEMENT_3D('',#2746,#2231,#2232);
#1805=AXIS2_PLACEMENT_3D('',#2748,#2234,#2235);
#1806=AXIS2_PLACEMENT_3D('',#2750,#2237,#2238);
#1807=AXIS2_PLACEMENT_3D('',#2752,#2240,#2241);
#1808=AXIS2_PLACEMENT_3D('',#2754,#2243,#2244);
#1809=AXIS2_PLACEMENT_3D('',#2756,#2246,#2247);
#1810=AXIS2_PLACEMENT_3D('',#2758,#2249,#2250);
#1811=AXIS2_PLACEMENT_3D('',#2759,#2251,#2252);
#1812=AXIS2_PLACEMENT_3D('',#2761,#2254,#2255);
#1813=AXIS2_PLACEMENT_3D('',#2763,#2257,#2258);
#1814=AXIS2_PLACEMENT_3D('',#2765,#2260,#2261);
#1815=AXIS2_PLACEMENT_3D('',#2767,#2263,#2264);
#1816=AXIS2_PLACEMENT_3D('',#2769,#2266,#2267);
#1817=AXIS2_PLACEMENT_3D('',#2771,#2269,#2270);
#1818=AXIS2_PLACEMENT_3D('',#2772,#2271,#2272);
#1819=AXIS2_PLACEMENT_3D('',#2773,#2273,#2274);
#1820=AXIS2_PLACEMENT_3D('',#2775,#2276,#2277);
#1821=AXIS2_PLACEMENT_3D('',#2778,#2280,#2281);
#1822=AXIS2_PLACEMENT_3D('',#2779,#2282,#2283);
#1823=AXIS2_PLACEMENT_3D('',#2780,#2284,#2285);
#1824=AXIS2_PLACEMENT_3D('',#2784,#2288,#2289);
#1825=AXIS2_PLACEMENT_3D('',#2785,#2290,#2291);
#1826=AXIS2_PLACEMENT_3D('',#2789,#2293,#2294);
#1827=AXIS2_PLACEMENT_3D('',#2790,#2295,#2296);
#1828=AXIS2_PLACEMENT_3D('',#2792,#2298,#2299);
#1829=AXIS2_PLACEMENT_3D('',#2794,#2301,#2302);
#1830=AXIS2_PLACEMENT_3D('',#2795,#2303,#2304);
#1831=AXIS2_PLACEMENT_3D('',#2796,#2305,#2306);
#1832=AXIS2_PLACEMENT_3D('',#2799,#2309,#2310);
#1833=AXIS2_PLACEMENT_3D('',#2800,#2311,#2312);
#1834=DIRECTION('',(0.,0.,1.));
#1835=DIRECTION('',(1.,0.,0.));
#1836=DIRECTION('',(0.,-1.,0.));
#1837=DIRECTION('',(0.,0.,-1.));
#1838=DIRECTION('',(0.,0.,-1.));
#1839=DIRECTION('',(1.,0.,0.));
#1840=DIRECTION('',(0.,0.,-1.));
#1841=DIRECTION('',(1.,0.,0.));
#1842=DIRECTION('',(0.,-1.,-4.56506177888634E-17));
#1843=DIRECTION('',(0.,4.56506177888634E-17,-1.));
#1844=DIRECTION('',(-1.,-5.93933987783893E-33,1.3010426069826E-16));
#1845=DIRECTION('',(0.,-1.,-4.56506177888634E-17));
#1846=DIRECTION('',(0.,4.56506177888634E-17,-1.));
#1847=DIRECTION('',(1.,0.,0.));
#1848=DIRECTION('',(-0.707106781186546,-3.22798614038606E-17,0.707106781186549));
#1849=DIRECTION('',(1.,0.,0.));
#1850=DIRECTION('',(0.707106781186547,-3.22798614038605E-17,0.707106781186548));
#1851=DIRECTION('',(0.,0.,1.));
#1852=DIRECTION('',(1.,0.,0.));
#1853=DIRECTION('',(1.,0.,0.));
#1854=DIRECTION('',(0.,0.,1.));
#1855=DIRECTION('',(1.,0.,0.));
#1856=DIRECTION('',(0.,0.,1.));
#1857=DIRECTION('',(1.,0.,0.));
#1858=DIRECTION('',(-1.,0.,0.));
#1859=DIRECTION('',(0.,0.,1.));
#1860=DIRECTION('',(1.,0.,0.));
#1861=DIRECTION('',(0.,-1.,0.));
#1862=DIRECTION('',(0.,0.,1.));
#1863=DIRECTION('',(1.,0.,0.));
#1864=DIRECTION('',(1.,0.,0.));
#1865=DIRECTION('',(0.,0.,1.));
#1866=DIRECTION('',(1.,0.,0.));
#1867=DIRECTION('',(0.,-1.,0.));
#1868=DIRECTION('',(0.,0.,1.));
#1869=DIRECTION('',(1.,0.,0.));
#1870=DIRECTION('',(0.,0.,1.));
#1871=DIRECTION('',(1.,0.,0.));
#1872=DIRECTION('',(1.,0.,0.));
#1873=DIRECTION('',(0.,0.,1.));
#1874=DIRECTION('',(1.,0.,0.));
#1875=DIRECTION('',(0.,-1.,0.));
#1876=DIRECTION('',(0.,0.,1.));
#1877=DIRECTION('',(1.,0.,0.));
#1878=DIRECTION('',(1.,0.,0.));
#1879=DIRECTION('',(0.,0.,1.));
#1880=DIRECTION('',(1.,0.,0.));
#1881=DIRECTION('',(0.,-1.,0.));
#1882=DIRECTION('',(0.,0.,1.));
#1883=DIRECTION('',(1.,0.,0.));
#1884=DIRECTION('',(1.,0.,0.));
#1885=DIRECTION('',(0.,-1.,0.));
#1886=DIRECTION('',(-1.,0.,0.));
#1887=DIRECTION('',(0.,1.,4.56506177888634E-17));
#1888=DIRECTION('',(-0.816496580927735,-0.577350269189614,0.));
#1889=DIRECTION('',(0.,-1.,0.));
#1890=DIRECTION('',(-0.816496580927732,0.577350269189617,0.));
#1891=DIRECTION('',(1.,0.,0.));
#1892=DIRECTION('',(0.,-1.,0.));
#1893=DIRECTION('',(-1.,0.,0.));
#1894=DIRECTION('',(0.,-1.,0.));
#1895=DIRECTION('',(1.,0.,0.));
#1896=DIRECTION('',(0.,0.,1.));
#1897=DIRECTION('',(1.,0.,0.));
#1898=DIRECTION('',(0.,-1.,0.));
#1899=DIRECTION('',(1.,0.,-2.16840434497102E-16));
#1900=DIRECTION('',(0.,-1.,0.));
#1901=DIRECTION('',(1.,0.,-2.16840434497102E-16));
#1902=DIRECTION('',(0.,-1.,0.));
#1903=DIRECTION('',(1.,0.,-2.16840434497102E-16));
#1904=DIRECTION('',(0.,-1.,0.));
#1905=DIRECTION('',(1.,0.,-2.16840434497102E-16));
#1906=DIRECTION('',(0.,-1.,0.));
#1907=DIRECTION('',(0.,1.,0.));
#1908=DIRECTION('',(0.,0.,1.));
#1909=DIRECTION('',(0.707106781186548,0.,0.707106781186548));
#1910=DIRECTION('',(0.,1.,0.));
#1911=DIRECTION('',(0.,0.,1.));
#1912=DIRECTION('',(-0.939692620785908,0.,-0.342020143325669));
#1913=DIRECTION('',(0.,1.,0.));
#1914=DIRECTION('',(0.,0.,1.));
#1915=DIRECTION('',(-1.,0.,1.3010426069826E-16));
#1916=DIRECTION('',(-0.707106781186547,0.,-0.707106781186548));
#1917=DIRECTION('',(1.3010426069826E-16,0.,1.));
#1918=DIRECTION('',(1.,0.,-1.3010426069826E-16));
#1919=DIRECTION('',(-1.25424041559055E-16,1.,1.63182022008288E-32));
#1920=DIRECTION('',(0.,1.,4.56506177888634E-17));
#1921=DIRECTION('',(0.,-1.,0.));
#1922=DIRECTION('',(0.,0.,-1.));
#1923=DIRECTION('',(-1.,0.,0.));
#1924=DIRECTION('',(0.,0.,-1.));
#1925=DIRECTION('',(0.,0.,1.));
#1926=DIRECTION('',(0.,0.,1.));
#1927=DIRECTION('',(1.,0.,0.));
#1928=DIRECTION('',(0.,-1.,0.));
#1929=DIRECTION('',(0.,0.,1.));
#1930=DIRECTION('',(1.,0.,0.));
#1931=DIRECTION('',(1.,0.,0.));
#1932=DIRECTION('',(0.,-1.,0.));
#1933=DIRECTION('',(1.,0.,0.));
#1934=DIRECTION('',(1.,0.,0.));
#1935=DIRECTION('',(0.,0.,1.));
#1936=DIRECTION('',(1.,0.,0.));
#1937=DIRECTION('',(0.,-1.,0.));
#1938=DIRECTION('',(1.,1.25192883228098E-16,0.));
#1939=DIRECTION('',(0.,-1.,0.));
#1940=DIRECTION('',(1.,-1.25192883228101E-16,0.));
#1941=DIRECTION('',(0.,-1.,0.));
#1942=DIRECTION('',(1.,1.25192883228097E-16,0.));
#1943=DIRECTION('',(0.,-1.,0.));
#1944=DIRECTION('',(1.,-1.251928832281E-16,0.));
#1945=DIRECTION('',(-1.,0.,0.));
#1946=DIRECTION('',(0.,0.,1.));
#1947=DIRECTION('',(1.,0.,0.));
#1948=DIRECTION('',(0.,1.,0.));
#1949=DIRECTION('',(0.,0.,1.));
#1950=DIRECTION('',(1.,0.,0.));
#1951=DIRECTION('',(-1.,0.,0.));
#1952=DIRECTION('',(0.,0.,1.));
#1953=DIRECTION('',(1.,0.,0.));
#1954=DIRECTION('',(0.,1.,0.));
#1955=DIRECTION('',(0.,0.,1.));
#1956=DIRECTION('',(1.,0.,0.));
#1957=DIRECTION('',(0.,0.,1.));
#1958=DIRECTION('',(1.,0.,0.));
#1959=DIRECTION('',(0.,0.,1.));
#1960=DIRECTION('',(1.,0.,0.));
#1961=DIRECTION('',(0.,0.,1.));
#1962=DIRECTION('',(1.,0.,0.));
#1963=DIRECTION('',(0.,1.,0.));
#1964=DIRECTION('',(0.,0.,1.));
#1965=DIRECTION('',(1.,0.,0.));
#1966=DIRECTION('',(-1.,0.,0.));
#1967=DIRECTION('',(0.,0.,1.));
#1968=DIRECTION('',(1.,0.,0.));
#1969=DIRECTION('',(0.,1.,0.));
#1970=DIRECTION('',(0.,0.,1.));
#1971=DIRECTION('',(1.,0.,0.));
#1972=DIRECTION('',(1.,0.,0.));
#1973=DIRECTION('',(0.,-1.,-4.56506177888634E-17));
#1974=DIRECTION('',(0.,4.56506177888634E-17,-1.));
#1975=DIRECTION('',(-0.707106781186548,3.22798614038605E-17,-0.707106781186548));
#1976=DIRECTION('',(-2.16840434497102E-16,4.56506177888634E-17,-1.));
#1977=DIRECTION('',(0.,-1.,-4.56506177888634E-17));
#1978=DIRECTION('',(0.,4.56506177888634E-17,-1.));
#1979=DIRECTION('',(0.,4.56506177888634E-17,-1.));
#1980=DIRECTION('',(-0.707106781186546,-3.22798614038606E-17,0.707106781186549));
#1981=DIRECTION('',(0.,4.56506177888634E-17,-1.));
#1982=DIRECTION('',(1.,0.,0.));
#1983=DIRECTION('',(0.,-1.,0.));
#1984=DIRECTION('',(0.,0.,-1.));
#1985=DIRECTION('',(0.707106781186549,0.,-0.707106781186546));
#1986=DIRECTION('',(-1.,0.,1.3010426069826E-16));
#1987=DIRECTION('',(0.707106781186549,0.,0.707106781186546));
#1988=DIRECTION('',(0.707106781186546,0.,-0.707106781186549));
#1989=DIRECTION('',(-2.16840434497102E-16,0.,-1.));
#1990=DIRECTION('',(1.,0.,-2.16840434497102E-16));
#1991=DIRECTION('',(-2.16840434497102E-16,0.,-1.));
#1992=DIRECTION('',(-2.16840434497102E-16,4.56506177888634E-17,-1.));
#1993=DIRECTION('',(1.87789324842146E-16,0.5,0.866025403784438));
#1994=DIRECTION('',(1.,0.,-2.16840434497102E-16));
#1995=DIRECTION('',(-2.16840434497102E-16,0.,-1.));
#1996=DIRECTION('',(1.,0.,-2.16840434497102E-16));
#1997=DIRECTION('',(-2.16840434497102E-16,0.,-1.));
#1998=DIRECTION('',(-1.87789324842145E-16,0.50000000000001,-0.866025403784433));
#1999=DIRECTION('',(1.87789324842146E-16,0.5,0.866025403784439));
#2000=DIRECTION('',(1.,0.,-2.16840434497102E-16));
#2001=DIRECTION('',(-2.16840434497102E-16,0.,-1.));
#2002=DIRECTION('',(1.,0.,-2.16840434497102E-16));
#2003=DIRECTION('',(-2.16840434497102E-16,0.,-1.));
#2004=DIRECTION('',(1.,0.,-2.16840434497102E-16));
#2005=DIRECTION('',(-2.16840434497102E-16,0.,-1.));
#2006=DIRECTION('',(-2.16840434497102E-16,0.,-1.));
#2007=DIRECTION('',(1.,0.,-2.16840434497102E-16));
#2008=DIRECTION('',(-2.16840434497102E-16,0.,-1.));
#2009=DIRECTION('',(-1.87789324842145E-16,0.500000000000009,-0.866025403784434));
#2010=DIRECTION('',(0.,0.,1.));
#2011=DIRECTION('',(1.,0.,0.));
#2012=DIRECTION('',(0.,-1.,0.));
#2013=DIRECTION('',(1.,0.,0.));
#2014=DIRECTION('',(0.,-1.,0.));
#2015=DIRECTION('',(-0.866025403784439,0.5,0.));
#2016=DIRECTION('',(0.,0.,1.));
#2017=DIRECTION('',(1.,0.,0.));
#2018=DIRECTION('',(0.,0.,1.));
#2019=DIRECTION('',(1.,0.,0.));
#2020=DIRECTION('',(0.,-1.,0.));
#2021=DIRECTION('',(0.,0.,1.));
#2022=DIRECTION('',(1.,0.,0.));
#2023=DIRECTION('',(0.866025403784439,0.5,0.));
#2024=DIRECTION('',(0.,-1.,0.));
#2025=DIRECTION('',(-0.866025403784439,0.5,0.));
#2026=DIRECTION('',(0.,0.,1.));
#2027=DIRECTION('',(1.,0.,0.));
#2028=DIRECTION('',(0.,-1.,0.));
#2029=DIRECTION('',(0.,0.,-1.));
#2030=DIRECTION('',(0.,0.,-1.));
#2031=DIRECTION('',(1.,0.,0.));
#2032=DIRECTION('',(0.,0.,-1.));
#2033=DIRECTION('',(0.707106781186546,0.,-0.707106781186549));
#2034=DIRECTION('',(0.707106781186549,0.,0.707106781186546));
#2035=DIRECTION('',(0.707106781186546,0.,-0.707106781186549));
#2036=DIRECTION('',(0.707106781186546,0.,-0.707106781186549));
#2037=DIRECTION('',(0.,-1.,0.));
#2038=DIRECTION('',(0.707106781186546,3.22798614038606E-17,-0.707106781186549));
#2039=DIRECTION('',(0.707106781186549,0.,0.707106781186547));
#2040=DIRECTION('',(0.707106781186547,0.,-0.707106781186549));
#2041=DIRECTION('',(0.,-1.,0.));
#2042=DIRECTION('',(-0.707106781186547,0.,0.707106781186549));
#2043=DIRECTION('',(0.707106781186547,3.22798614038606E-17,-0.707106781186549));
#2044=DIRECTION('',(1.,0.,0.));
#2045=DIRECTION('',(0.,0.,-1.));
#2046=DIRECTION('',(1.,0.,0.));
#2047=DIRECTION('',(0.,0.,-1.));
#2048=DIRECTION('',(1.,0.,0.));
#2049=DIRECTION('',(0.,0.,-1.));
#2050=DIRECTION('',(1.,0.,0.));
#2051=DIRECTION('',(0.,0.,-1.));
#2052=DIRECTION('',(1.,0.,0.));
#2053=DIRECTION('',(0.,0.,-1.));
#2054=DIRECTION('',(1.,0.,0.));
#2055=DIRECTION('',(0.,0.,-1.));
#2056=DIRECTION('',(0.,0.,1.));
#2057=DIRECTION('',(0.,-1.,0.));
#2058=DIRECTION('',(0.,0.,1.));
#2059=DIRECTION('',(0.,0.,1.));
#2060=DIRECTION('',(0.,-1.,0.));
#2061=DIRECTION('',(0.,0.,1.));
#2062=DIRECTION('',(0.,-1.,0.));
#2063=DIRECTION('',(1.,0.,0.));
#2064=DIRECTION('',(0.,0.,-1.));
#2065=DIRECTION('',(1.,0.,0.));
#2066=DIRECTION('',(0.,0.,-1.));
#2067=DIRECTION('',(1.,0.,0.));
#2068=DIRECTION('',(0.,0.,-1.));
#2069=DIRECTION('',(1.,0.,0.));
#2070=DIRECTION('',(0.,0.,-1.));
#2071=DIRECTION('',(1.,0.,0.));
#2072=DIRECTION('',(0.,0.,-1.));
#2073=DIRECTION('',(0.,-0.577350269189615,0.816496580927733));
#2074=DIRECTION('',(0.,0.577350269189612,0.816496580927736));
#2075=DIRECTION('',(1.,0.,0.));
#2076=DIRECTION('',(0.,0.,-1.));
#2077=DIRECTION('',(0.,-1.,0.));
#2078=DIRECTION('',(0.,0.,1.));
#2079=DIRECTION('',(0.,-1.,0.));
#2080=DIRECTION('',(0.,0.,1.));
#2081=DIRECTION('',(0.,0.,1.));
#2082=DIRECTION('',(0.,-1.,0.));
#2083=DIRECTION('',(0.,0.,1.));
#2084=DIRECTION('',(1.,0.,0.));
#2085=DIRECTION('',(0.,0.,-1.));
#2086=DIRECTION('',(1.,0.,0.));
#2087=DIRECTION('',(0.,0.,-1.));
#2088=DIRECTION('',(0.,0.,1.));
#2089=DIRECTION('',(1.,0.,0.));
#2090=DIRECTION('',(1.,0.,0.));
#2091=DIRECTION('',(0.,0.,1.));
#2092=DIRECTION('',(1.,0.,0.));
#2093=DIRECTION('',(0.866025403784439,0.5,0.));
#2094=DIRECTION('',(1.3010426069826E-16,0.,1.));
#2095=DIRECTION('',(1.,0.,-1.3010426069826E-16));
#2096=DIRECTION('',(-1.,0.,1.3010426069826E-16));
#2097=DIRECTION('',(0.,-1.,0.));
#2098=DIRECTION('',(0.,-1.,0.));
#2099=DIRECTION('',(0.,1.,0.));
#2100=DIRECTION('',(0.,0.,1.));
#2101=DIRECTION('',(0.707106781186549,0.,0.707106781186546));
#2102=DIRECTION('',(0.707106781186549,0.,-0.707106781186547));
#2103=DIRECTION('',(0.5,0.866025403784439,0.));
#2104=DIRECTION('',(-0.866025403784439,0.5,0.));
#2105=DIRECTION('',(-0.866025403784439,0.5,0.));
#2106=DIRECTION('',(-0.654653670707977,0.377964473009228,0.654653670707977));
#2107=DIRECTION('',(0.,0.,1.));
#2108=DIRECTION('',(0.5,0.866025403784439,0.));
#2109=DIRECTION('',(0.866025403784439,-0.5,0.));
#2110=DIRECTION('',(0.5,-0.866025403784439,0.));
#2111=DIRECTION('',(0.866025403784439,0.5,0.));
#2112=DIRECTION('',(0.,0.,1.));
#2113=DIRECTION('',(0.654653670707977,0.377964473009227,-0.654653670707977));
#2114=DIRECTION('',(0.866025403784439,0.5,0.));
#2115=DIRECTION('',(0.5,-0.866025403784439,0.));
#2116=DIRECTION('',(-0.866025403784439,-0.5,0.));
#2117=DIRECTION('',(0.,0.,-1.));
#2118=DIRECTION('',(1.,0.,0.));
#2119=DIRECTION('',(0.,1.,0.));
#2120=DIRECTION('',(0.,-1.,0.));
#2121=DIRECTION('',(0.5,0.866025403784439,0.));
#2122=DIRECTION('',(-0.866025403784439,0.5,0.));
#2123=DIRECTION('',(-0.866025403784439,0.5,0.));
#2124=DIRECTION('',(-0.654653670707977,0.377964473009226,0.654653670707977));
#2125=DIRECTION('',(0.,0.,1.));
#2126=DIRECTION('',(0.5,0.866025403784439,0.));
#2127=DIRECTION('',(0.866025403784439,-0.5,0.));
#2128=DIRECTION('',(0.5,-0.866025403784439,0.));
#2129=DIRECTION('',(0.866025403784439,0.5,0.));
#2130=DIRECTION('',(0.,0.,1.));
#2131=DIRECTION('',(0.654653670707977,0.377964473009228,-0.654653670707977));
#2132=DIRECTION('',(0.866025403784439,0.5,0.));
#2133=DIRECTION('',(0.5,-0.866025403784439,0.));
#2134=DIRECTION('',(-0.866025403784439,-0.5,0.));
#2135=DIRECTION('',(0.,0.,-1.));
#2136=DIRECTION('',(1.,0.,0.));
#2137=DIRECTION('',(0.,1.,0.));
#2138=DIRECTION('',(0.,-1.,0.));
#2139=DIRECTION('',(-1.08420217248553E-16,-0.866025403784434,-0.500000000000009));
#2140=DIRECTION('',(0.,0.500000000000009,-0.866025403784434));
#2141=DIRECTION('',(1.,-1.251928832281E-16,2.69630192214223E-33));
#2142=DIRECTION('',(-1.87789324842145E-16,0.500000000000009,-0.866025403784434));
#2143=DIRECTION('',(-1.08420217248553E-16,-0.866025403784434,-0.500000000000009));
#2144=DIRECTION('',(1.87789324842145E-16,-0.500000000000009,0.866025403784434));
#2145=DIRECTION('',(-1.08420217248551E-16,0.866025403784439,-0.5));
#2146=DIRECTION('',(0.,0.5,0.866025403784439));
#2147=DIRECTION('',(1.87789324842146E-16,0.5,0.866025403784439));
#2148=DIRECTION('',(1.,1.25192883228097E-16,2.69630192214212E-33));
#2149=DIRECTION('',(-1.08420217248551E-16,0.866025403784439,-0.5));
#2150=DIRECTION('',(-1.87789324842146E-16,-0.5,-0.866025403784439));
#2151=DIRECTION('',(-1.,0.,2.16840434497102E-16));
#2152=DIRECTION('',(0.,-1.,0.));
#2153=DIRECTION('',(-1.,0.,2.16840434497102E-16));
#2154=DIRECTION('',(2.16840434497102E-16,0.,1.));
#2155=DIRECTION('',(-1.,0.,2.16840434497102E-16));
#2156=DIRECTION('',(2.16840434497102E-16,0.,1.));
#2157=DIRECTION('',(0.,-1.,0.));
#2158=DIRECTION('',(-1.08420217248553E-16,-0.866025403784433,-0.50000000000001));
#2159=DIRECTION('',(0.,0.50000000000001,-0.866025403784433));
#2160=DIRECTION('',(1.,-1.25192883228101E-16,-1.15555796663237E-33));
#2161=DIRECTION('',(-1.87789324842145E-16,0.50000000000001,-0.866025403784433));
#2162=DIRECTION('',(-1.08420217248553E-16,-0.866025403784433,-0.50000000000001));
#2163=DIRECTION('',(1.87789324842145E-16,-0.50000000000001,0.866025403784433));
#2164=DIRECTION('',(-1.08420217248551E-16,0.866025403784438,-0.5));
#2165=DIRECTION('',(0.,0.5,0.866025403784438));
#2166=DIRECTION('',(1.87789324842146E-16,0.5,0.866025403784438));
#2167=DIRECTION('',(1.,1.25192883228098E-16,0.));
#2168=DIRECTION('',(-1.08420217248551E-16,0.866025403784438,-0.5));
#2169=DIRECTION('',(-1.87789324842146E-16,-0.5,-0.866025403784438));
#2170=DIRECTION('',(-1.,0.,2.16840434497102E-16));
#2171=DIRECTION('',(0.,-1.,0.));
#2172=DIRECTION('',(-1.,0.,2.16840434497102E-16));
#2173=DIRECTION('',(2.16840434497102E-16,0.,1.));
#2174=DIRECTION('',(-1.,0.,2.16840434497102E-16));
#2175=DIRECTION('',(2.16840434497102E-16,0.,1.));
#2176=DIRECTION('',(0.,-1.,0.));
#2177=DIRECTION('',(0.,-1.,0.));
#2178=DIRECTION('',(0.,0.,-1.));
#2179=DIRECTION('',(0.,-1.,0.));
#2180=DIRECTION('',(0.,0.,-1.));
#2181=DIRECTION('',(0.,-1.,0.));
#2182=DIRECTION('',(0.,0.,-1.));
#2183=DIRECTION('',(0.,-1.,0.));
#2184=DIRECTION('',(0.,0.,-1.));
#2185=DIRECTION('',(1.,-1.251928832281E-16,0.));
#2186=DIRECTION('',(1.251928832281E-16,1.,0.));
#2187=DIRECTION('',(1.,1.25192883228097E-16,0.));
#2188=DIRECTION('',(-1.25192883228097E-16,1.,0.));
#2189=DIRECTION('',(1.,-1.25192883228101E-16,0.));
#2190=DIRECTION('',(1.25192883228101E-16,1.,0.));
#2191=DIRECTION('',(1.,1.25192883228098E-16,0.));
#2192=DIRECTION('',(-1.25192883228098E-16,1.,0.));
#2193=DIRECTION('',(0.,0.,-1.));
#2194=DIRECTION('',(-1.,0.,0.));
#2195=DIRECTION('',(-0.707106781186548,0.,-0.707106781186548));
#2196=DIRECTION('',(0.707106781186548,0.,-0.707106781186548));
#2197=DIRECTION('',(0.,0.,-1.));
#2198=DIRECTION('',(-1.,0.,0.));
#2199=DIRECTION('',(-0.707106781186548,0.,-0.707106781186548));
#2200=DIRECTION('',(0.707106781186548,0.,-0.707106781186548));
#2201=DIRECTION('',(0.,0.,-1.));
#2202=DIRECTION('',(-1.,0.,0.));
#2203=DIRECTION('',(-0.707106781186548,0.,-0.707106781186548));
#2204=DIRECTION('',(0.707106781186548,0.,-0.707106781186548));
#2205=DIRECTION('',(0.,0.,-1.));
#2206=DIRECTION('',(-1.,0.,0.));
#2207=DIRECTION('',(-0.707106781186548,0.,-0.707106781186548));
#2208=DIRECTION('',(0.707106781186548,0.,-0.707106781186548));
#2209=DIRECTION('',(-0.707106781186548,0.,-0.707106781186548));
#2210=DIRECTION('',(0.,1.,0.));
#2211=DIRECTION('',(-0.707106781186548,0.,-0.707106781186548));
#2212=DIRECTION('',(0.,1.,0.));
#2213=DIRECTION('',(-2.16840434497102E-16,0.,-1.));
#2214=DIRECTION('',(-1.,0.,2.16840434497102E-16));
#2215=DIRECTION('',(2.16840434497102E-16,-4.56506177888634E-17,1.));
#2216=DIRECTION('',(1.,0.,-2.16840434497102E-16));
#2217=DIRECTION('',(1.,0.,0.));
#2218=DIRECTION('',(0.,0.,-1.));
#2219=DIRECTION('',(-1.,0.,0.));
#2220=DIRECTION('',(0.,0.,1.));
#2221=DIRECTION('',(0.5,0.707106781186557,0.499999999999993));
#2222=DIRECTION('',(-0.707106781186547,0.,0.707106781186549));
#2223=DIRECTION('',(-0.499999999999993,0.707106781186559,-0.499999999999991));
#2224=DIRECTION('',(0.707106781186547,3.22798614038606E-17,-0.707106781186549));
#2225=DIRECTION('',(-0.707106781186548,-3.22798614038605E-17,0.707106781186547));
#2226=DIRECTION('',(0.707106781186547,0.,0.707106781186548));
#2227=DIRECTION('',(0.,0.,1.));
#2228=DIRECTION('',(1.,0.,0.));
#2229=DIRECTION('',(0.,0.,1.));
#2230=DIRECTION('',(0.,0.,1.));
#2231=DIRECTION('',(-1.,0.,0.));
#2232=DIRECTION('',(0.,0.,1.));
#2233=DIRECTION('',(0.,0.,1.));
#2234=DIRECTION('',(0.,0.,1.));
#2235=DIRECTION('',(1.,0.,0.));
#2236=DIRECTION('',(0.,0.,1.));
#2237=DIRECTION('',(0.,-1.,0.));
#2238=DIRECTION('',(0.,0.,-1.));
#2239=DIRECTION('',(0.,0.,1.));
#2240=DIRECTION('',(0.,0.,1.));
#2241=DIRECTION('',(1.,0.,0.));
#2242=DIRECTION('',(0.,0.,1.));
#2243=DIRECTION('',(-1.,0.,0.));
#2244=DIRECTION('',(0.,0.,1.));
#2245=DIRECTION('',(0.,0.,1.));
#2246=DIRECTION('',(0.,-1.,0.));
#2247=DIRECTION('',(0.,0.,-1.));
#2248=DIRECTION('',(0.,0.,1.));
#2249=DIRECTION('',(0.,0.,1.));
#2250=DIRECTION('',(1.,0.,0.));
#2251=DIRECTION('',(0.,0.,1.));
#2252=DIRECTION('',(1.,0.,0.));
#2253=DIRECTION('',(0.,0.,1.));
#2254=DIRECTION('',(-1.,0.,0.));
#2255=DIRECTION('',(0.,0.,1.));
#2256=DIRECTION('',(0.,0.,1.));
#2257=DIRECTION('',(0.,0.,1.));
#2258=DIRECTION('',(1.,0.,0.));
#2259=DIRECTION('',(0.,0.,1.));
#2260=DIRECTION('',(0.,-1.,0.));
#2261=DIRECTION('',(0.,0.,-1.));
#2262=DIRECTION('',(0.,0.,1.));
#2263=DIRECTION('',(0.,0.,1.));
#2264=DIRECTION('',(1.,0.,0.));
#2265=DIRECTION('',(0.,0.,1.));
#2266=DIRECTION('',(-1.,0.,0.));
#2267=DIRECTION('',(0.,0.,1.));
#2268=DIRECTION('',(0.,0.,1.));
#2269=DIRECTION('',(0.707106781186546,0.,-0.707106781186549));
#2270=DIRECTION('',(-0.707106781186549,0.,-0.707106781186546));
#2271=DIRECTION('',(-0.707106781186546,0.,-0.707106781186549));
#2272=DIRECTION('',(-0.707106781186549,0.,0.707106781186546));
#2273=DIRECTION('',(0.,0.,1.));
#2274=DIRECTION('',(1.,0.,0.));
#2275=DIRECTION('',(0.,0.,1.));
#2276=DIRECTION('',(0.,0.,1.));
#2277=DIRECTION('',(1.,0.,0.));
#2278=DIRECTION('',(0.,0.,1.));
#2279=DIRECTION('',(0.,0.,1.));
#2280=DIRECTION('',(0.,1.,0.));
#2281=DIRECTION('',(0.,0.,1.));
#2282=DIRECTION('',(0.,0.,1.));
#2283=DIRECTION('',(1.,0.,0.));
#2284=DIRECTION('',(0.707106781186548,0.,-0.707106781186548));
#2285=DIRECTION('',(-0.707106781186548,0.,-0.707106781186548));
#2286=DIRECTION('',(-0.707106781186548,3.22798614038605E-17,-0.707106781186548));
#2287=DIRECTION('',(0.,1.,4.56506177888634E-17));
#2288=DIRECTION('',(0.,-1.,-4.56506177888634E-17));
#2289=DIRECTION('',(1.,0.,0.));
#2290=DIRECTION('',(0.,-1.,-4.56506177888634E-17));
#2291=DIRECTION('',(0.,4.56506177888634E-17,-1.));
#2292=DIRECTION('',(0.939692620785908,-1.56134308390524E-17,0.342020143325669));
#2293=DIRECTION('',(0.,-1.,-4.56506177888634E-17));
#2294=DIRECTION('',(0.,4.56506177888634E-17,-1.));
#2295=DIRECTION('',(0.,1.,4.56506177888634E-17));
#2296=DIRECTION('',(0.,-4.56506177888634E-17,1.));
#2297=DIRECTION('',(0.,1.,4.56506177888634E-17));
#2298=DIRECTION('',(-0.342020143325669,-4.28975486705128E-17,0.939692620785908));
#2299=DIRECTION('',(0.939692620785908,0.,0.342020143325669));
#2300=DIRECTION('',(-1.25424041559055E-16,1.,2.60612984683891E-32));
#2301=DIRECTION('',(1.25424041559055E-16,-1.,-1.88415039492934E-32));
#2302=DIRECTION('',(1.,1.25424041559055E-16,0.));
#2303=DIRECTION('',(1.,0.,0.));
#2304=DIRECTION('',(0.,0.,-1.));
#2305=DIRECTION('',(1.,0.,0.));
#2306=DIRECTION('',(0.,0.,-1.));
#2307=DIRECTION('',(1.,0.,0.));
#2308=DIRECTION('',(1.,0.,0.));
#2309=DIRECTION('',(1.,0.,0.));
#2310=DIRECTION('',(0.,0.,-1.));
#2311=DIRECTION('',(1.,0.,0.));
#2312=DIRECTION('',(0.,0.,-1.));
#2313=CARTESIAN_POINT('',(0.,0.,0.));
#2314=CARTESIAN_POINT('',(-0.229067621135331,0.02765,-0.012125));
#2315=CARTESIAN_POINT('',(0.02775,0.02765,-0.00845637084989846));
#2316=CARTESIAN_POINT('',(0.02775,0.02765,-0.0110356961258558));
#2317=CARTESIAN_POINT('',(0.02775,0.02765,-0.0139));
#2318=CARTESIAN_POINT('',(-0.229067621135331,0.02765,-0.0110356961258558));
#2319=CARTESIAN_POINT('',(0.0295,0.02765,-0.0110356961258558));
#2320=CARTESIAN_POINT('',(0.0295,0.02765,-0.00827071067811864));
#2321=CARTESIAN_POINT('',(0.0295,0.02765,-0.0139));
#2322=CARTESIAN_POINT('',(-0.229067621135331,0.02765,-0.0139));
#2323=CARTESIAN_POINT('',(-0.229067621135331,0.00135,-0.012125));
#2324=CARTESIAN_POINT('',(-0.229067621135331,0.00135,-0.000899999999999963));
#2325=CARTESIAN_POINT('',(0.0214585786437627,0.00135,-0.0009));
#2326=CARTESIAN_POINT('',(0.00657150534320072,0.00135,-0.0009));
#2327=CARTESIAN_POINT('',(0.00657150534320073,0.00135,-0.0059));
#2328=CARTESIAN_POINT('',(0.00557651790609411,0.00134999999999997,-0.001));
#2329=CARTESIAN_POINT('',(0.0140436291501015,0.00134999999999997,-0.001));
#2330=CARTESIAN_POINT('',(0.026737258300203,0.00134999999999997,-0.001));
#2331=CARTESIAN_POINT('',(-0.0956026814175639,0.00135,0.121339939717767));
#2332=CARTESIAN_POINT('',(0.025737258300203,0.00134999999999997,0.));
#2333=CARTESIAN_POINT('',(0.0278042893218814,0.00134999999999997,0.));
#2334=CARTESIAN_POINT('',(0.0223585786437627,0.00134999999999997,0.));
#2335=CARTESIAN_POINT('',(0.0219085786437627,0.00135,-0.00045));
#2336=CARTESIAN_POINT('',(0.0278042893218814,0.274217621135332,0.));
#2337=CARTESIAN_POINT('',(0.007625,0.02615,0.));
#2338=CARTESIAN_POINT('',(0.004,0.02615,0.));
#2339=CARTESIAN_POINT('',(0.00664595037822609,0.02615,0.));
#2340=CARTESIAN_POINT('',(0.00664595037822609,0.02715,0.));
#2341=CARTESIAN_POINT('',(0.00757297518911304,0.026775,0.));
#2342=CARTESIAN_POINT('',(0.0085,0.0264,0.));
#2343=CARTESIAN_POINT('',(0.0085,0.0274,0.));
#2344=CARTESIAN_POINT('',(0.01,0.0274,0.));
#2345=CARTESIAN_POINT('',(0.0115,0.0274,0.));
#2346=CARTESIAN_POINT('',(0.0115,0.0264,0.));
#2347=CARTESIAN_POINT('',(0.0125,0.0264,0.));
#2348=CARTESIAN_POINT('',(0.0125,0.02465,0.));
#2349=CARTESIAN_POINT('',(0.0125,0.0244,0.));
#2350=CARTESIAN_POINT('',(0.01125,0.0244,0.));
#2351=CARTESIAN_POINT('',(0.01125,0.02315,0.));
#2352=CARTESIAN_POINT('',(0.007625,0.02315,0.));
#2353=CARTESIAN_POINT('',(0.004,0.02315,0.));
#2354=CARTESIAN_POINT('',(0.004,0.0244,0.));
#2355=CARTESIAN_POINT('',(0.00275,0.0244,0.));
#2356=CARTESIAN_POINT('',(0.00275,0.02465,0.));
#2357=CARTESIAN_POINT('',(0.00275,0.0249,0.));
#2358=CARTESIAN_POINT('',(0.004,0.0249,0.));
#2359=CARTESIAN_POINT('',(0.0255,0.00835,0.));
#2360=CARTESIAN_POINT('',(0.0255,0.00885,0.));
#2361=CARTESIAN_POINT('',(0.025,0.00835,0.));
#2362=CARTESIAN_POINT('',(0.02575,0.00885,0.));
#2363=CARTESIAN_POINT('',(0.026,0.00885,0.));
#2364=CARTESIAN_POINT('',(0.026,0.00835,0.));
#2365=CARTESIAN_POINT('',(0.0265,0.00835,0.));
#2366=CARTESIAN_POINT('',(0.0265,0.00635,0.));
#2367=CARTESIAN_POINT('',(0.0265,0.00435,0.));
#2368=CARTESIAN_POINT('',(0.026,0.00435,0.));
#2369=CARTESIAN_POINT('',(0.026,0.00385,0.));
#2370=CARTESIAN_POINT('',(0.02575,0.00385,0.));
#2371=CARTESIAN_POINT('',(0.0255,0.00385,0.));
#2372=CARTESIAN_POINT('',(0.0255,0.00435,0.));
#2373=CARTESIAN_POINT('',(0.025,0.00435,0.));
#2374=CARTESIAN_POINT('',(0.025,0.00635,0.));
#2375=CARTESIAN_POINT('',(0.00235,0.00235,0.));
#2376=CARTESIAN_POINT('',(0.00135,0.00235,0.));
#2377=CARTESIAN_POINT('',(0.00235,0.00135,-6.16283340149643E-20));
#2378=CARTESIAN_POINT('',(0.01475,0.00135,0.));
#2379=CARTESIAN_POINT('',(0.00484852813742385,0.00135,0.));
#2380=CARTESIAN_POINT('',(0.00484852813742385,0.001352,0.));
#2381=CARTESIAN_POINT('',(0.00484852813742385,0.,0.));
#2382=CARTESIAN_POINT('',(0.01475,0.,0.));
#2383=CARTESIAN_POINT('',(0.0223585786437627,-1.27054942088145E-21,-6.16283340149643E-20));
#2384=CARTESIAN_POINT('',(0.0223585786437627,-2.00000000002477E-06,-6.17196352505432E-20));
#2385=CARTESIAN_POINT('',(0.155746309162011,0.0932802814800079,0.));
#2386=CARTESIAN_POINT('',(0.0278585786437627,0.00284999999999996,0.));
#2387=CARTESIAN_POINT('',(0.0278585786437627,0.274217621135332,0.));
#2388=CARTESIAN_POINT('',(0.0278585786437627,0.02615,0.));
#2389=CARTESIAN_POINT('',(-0.0891178123025628,0.108864799276873,0.));
#2390=CARTESIAN_POINT('',(0.025737258300203,0.02765,0.));
#2391=CARTESIAN_POINT('',(0.0278042893218814,0.02765,0.));
#2392=CARTESIAN_POINT('',(0.0206085786437628,0.02765,0.));
#2393=CARTESIAN_POINT('',(0.0206085786437628,0.029002,0.));
#2394=CARTESIAN_POINT('',(0.0206085786437628,0.029,0.));
#2395=CARTESIAN_POINT('',(0.01475,0.029,0.));
#2396=CARTESIAN_POINT('',(0.00489142135623727,0.029,4.60785923306339E-19));
#2397=CARTESIAN_POINT('',(0.00489142135623727,0.029002,4.60785923306339E-19));
#2398=CARTESIAN_POINT('',(0.00489142135623727,0.02765,4.60785923306339E-19));
#2399=CARTESIAN_POINT('',(0.0278042893218814,0.02765,0.));
#2400=CARTESIAN_POINT('',(0.00235,0.02765,0.));
#2401=CARTESIAN_POINT('',(0.00235,0.02665,0.));
#2402=CARTESIAN_POINT('',(0.00135,0.02665,0.));
#2403=CARTESIAN_POINT('',(0.00135,0.274217621135332,0.));
#2404=CARTESIAN_POINT('',(0.00135,0.0223845299461621,-1.38777878078145E-17));
#2405=CARTESIAN_POINT('',(0.0001,0.0223845299461621,2.71050543121378E-19));
#2406=CARTESIAN_POINT('',(0.00035,0.0223845299461621,2.16840434497102E-19));
#2407=CARTESIAN_POINT('',(0.00035,0.274217621135332,0.));
#2408=CARTESIAN_POINT('',(0.00035,0.0186154700538379,2.16840434497102E-19));
#2409=CARTESIAN_POINT('',(0.0001,0.0186154700538379,2.71050543121378E-19));
#2410=CARTESIAN_POINT('',(0.00135,0.018615470053838,8.94466792300541E-18));
#2411=CARTESIAN_POINT('',(0.00135,0.274217621135332,0.));
#2412=CARTESIAN_POINT('',(0.00135,0.0103845299461621,1.68051336735253E-18));
#2413=CARTESIAN_POINT('',(0.0001,0.0103845299461621,2.71050543121378E-19));
#2414=CARTESIAN_POINT('',(0.00035,0.0103845299461621,2.16840434497102E-19));
#2415=CARTESIAN_POINT('',(0.00035,0.274217621135332,0.));
#2416=CARTESIAN_POINT('',(0.00035,0.00661547005383789,2.16840434497102E-19));
#2417=CARTESIAN_POINT('',(0.0001,0.00661547005383789,2.71050543121378E-19));
#2418=CARTESIAN_POINT('',(0.00135,0.0066154700538379,-5.31259064517897E-18));
#2419=CARTESIAN_POINT('',(0.00135,0.274217621135332,0.));
#2420=CARTESIAN_POINT('',(0.0295,0.,-0.0081875));
#2421=CARTESIAN_POINT('',(0.00439852813742385,0.,-0.00045));
#2422=CARTESIAN_POINT('',(0.00358994949366117,-1.27054942088145E-21,-0.00125857864376268));
#2423=CARTESIAN_POINT('',(0.00373137084989848,-4.2351647362715E-22,-0.0014));
#2424=CARTESIAN_POINT('',(0.00379977487856361,-1.27054942088145E-21,-0.00158793852415718));
#2425=CARTESIAN_POINT('',(0.00474482265911101,0.,-0.00124396926207858));
#2426=CARTESIAN_POINT('',(0.00486140462657239,0.,-0.00120153689607045));
#2427=CARTESIAN_POINT('',(0.00657150534320073,0.,-0.0059));
#2428=CARTESIAN_POINT('',(0.00657150534320073,0.,-0.0009));
#2429=CARTESIAN_POINT('',(0.01475,0.,-0.0009));
#2430=CARTESIAN_POINT('',(0.0214585786437627,-8.470329472543E-22,-0.0009));
#2431=CARTESIAN_POINT('',(0.0219085786437627,0.,-0.00045));
#2432=CARTESIAN_POINT('',(0.01475,-2.000000000002E-06,-0.0009));
#2433=CARTESIAN_POINT('',(0.00657150534320073,0.00135,-0.0009));
#2434=CARTESIAN_POINT('',(0.0214585786437627,-2.00000000000048E-06,-0.0009));
#2435=CARTESIAN_POINT('',(0.007625,0.02615,-0.016152));
#2436=CARTESIAN_POINT('',(0.007625,0.02615,-0.001));
#2437=CARTESIAN_POINT('',(0.00664595037822609,0.02615,-0.001));
#2438=CARTESIAN_POINT('',(0.004,0.02615,-0.001));
#2439=CARTESIAN_POINT('',(0.00664595037822609,0.02615,0.));
#2440=CARTESIAN_POINT('',(0.004,0.02615,-0.016152));
#2441=CARTESIAN_POINT('',(0.0140436291501015,0.274217621135332,-0.001));
#2442=CARTESIAN_POINT('',(0.00135,0.274217621135332,-0.001));
#2443=CARTESIAN_POINT('',(0.00135,0.02665,-0.001));
#2444=CARTESIAN_POINT('',(0.00135,0.0227886751345948,-0.001));
#2445=CARTESIAN_POINT('',(0.00235,0.02665,-0.001));
#2446=CARTESIAN_POINT('',(0.00235,0.02765,-0.001));
#2447=CARTESIAN_POINT('',(0.0140436291501015,0.02765,-0.001));
#2448=CARTESIAN_POINT('',(0.026737258300203,0.02765,-0.001));
#2449=CARTESIAN_POINT('',(0.026737258300203,0.274217621135332,-0.001));
#2450=CARTESIAN_POINT('',(0.0140436291501015,0.00134999999999997,-0.001));
#2451=CARTESIAN_POINT('',(0.00384852813742386,0.00135,-0.001));
#2452=CARTESIAN_POINT('',(0.0140436291501015,0.00134999999999997,-0.001));
#2453=CARTESIAN_POINT('',(0.00235,0.00134999999999997,-0.001));
#2454=CARTESIAN_POINT('',(0.00235,0.00235,-0.001));
#2455=CARTESIAN_POINT('',(0.00135,0.00235,-0.001));
#2456=CARTESIAN_POINT('',(0.00135,0.274217621135332,-0.001));
#2457=CARTESIAN_POINT('',(0.00135,0.00621132486540518,-0.001));
#2458=CARTESIAN_POINT('',(0.0140436291501016,0.00621132486540515,-0.001));
#2459=CARTESIAN_POINT('',(0.0001,0.00621132486540515,-0.001));
#2460=CARTESIAN_POINT('',(0.0001,0.274217621135332,-0.001));
#2461=CARTESIAN_POINT('',(0.0001,0.0107886751345949,-0.001));
#2462=CARTESIAN_POINT('',(0.0140436291501015,0.0107886751345949,-0.001));
#2463=CARTESIAN_POINT('',(0.00135,0.0107886751345949,-0.001));
#2464=CARTESIAN_POINT('',(0.00135,0.274217621135332,-0.001));
#2465=CARTESIAN_POINT('',(0.00135,0.0182113248654052,-0.001));
#2466=CARTESIAN_POINT('',(0.0140436291501016,0.0182113248654051,-0.001));
#2467=CARTESIAN_POINT('',(0.0001,0.0182113248654051,-0.001));
#2468=CARTESIAN_POINT('',(0.0001,0.274217621135332,-0.001));
#2469=CARTESIAN_POINT('',(0.0001,0.0227886751345948,-0.001));
#2470=CARTESIAN_POINT('',(0.0140436291501015,0.0227886751345948,-0.001));
#2471=CARTESIAN_POINT('',(0.02575,0.00885,-0.001));
#2472=CARTESIAN_POINT('',(0.026,0.00885,-0.001));
#2473=CARTESIAN_POINT('',(0.0255,0.00885,-0.001));
#2474=CARTESIAN_POINT('',(0.0255,0.00835,-0.001));
#2475=CARTESIAN_POINT('',(0.025,0.00835,-0.001));
#2476=CARTESIAN_POINT('',(0.025,0.00635,-0.001));
#2477=CARTESIAN_POINT('',(0.025,0.00435,-0.001));
#2478=CARTESIAN_POINT('',(0.0255,0.00435,-0.001));
#2479=CARTESIAN_POINT('',(0.0255,0.00385,-0.001));
#2480=CARTESIAN_POINT('',(0.02575,0.00385,-0.001));
#2481=CARTESIAN_POINT('',(0.026,0.00385,-0.001));
#2482=CARTESIAN_POINT('',(0.026,0.00435,-0.001));
#2483=CARTESIAN_POINT('',(0.0265,0.00435,-0.001));
#2484=CARTESIAN_POINT('',(0.0265,0.00635,-0.001));
#2485=CARTESIAN_POINT('',(0.0265,0.00835,-0.001));
#2486=CARTESIAN_POINT('',(0.026,0.00835,-0.001));
#2487=CARTESIAN_POINT('',(0.0085,0.0264,-0.001));
#2488=CARTESIAN_POINT('',(0.00757297518911304,0.026775,-0.001));
#2489=CARTESIAN_POINT('',(0.0085,0.0274,-0.001));
#2490=CARTESIAN_POINT('',(0.00664595037822609,0.02715,-0.001));
#2491=CARTESIAN_POINT('',(0.004,0.0249,-0.001));
#2492=CARTESIAN_POINT('',(0.00275,0.0249,-0.001));
#2493=CARTESIAN_POINT('',(0.00275,0.02465,-0.001));
#2494=CARTESIAN_POINT('',(0.00275,0.0244,-0.001));
#2495=CARTESIAN_POINT('',(0.004,0.0244,-0.001));
#2496=CARTESIAN_POINT('',(0.004,0.02315,-0.001));
#2497=CARTESIAN_POINT('',(0.007625,0.02315,-0.001));
#2498=CARTESIAN_POINT('',(0.01125,0.02315,-0.001));
#2499=CARTESIAN_POINT('',(0.01125,0.0244,-0.001));
#2500=CARTESIAN_POINT('',(0.0125,0.0244,-0.001));
#2501=CARTESIAN_POINT('',(0.0125,0.02465,-0.001));
#2502=CARTESIAN_POINT('',(0.0125,0.0264,-0.001));
#2503=CARTESIAN_POINT('',(0.0115,0.0264,-0.001));
#2504=CARTESIAN_POINT('',(0.0115,0.0274,-0.001));
#2505=CARTESIAN_POINT('',(0.01,0.0274,-0.001));
#2506=CARTESIAN_POINT('',(-0.229067621135331,0.00135,-0.012125));
#2507=CARTESIAN_POINT('',(0.00439852813742385,0.00135,-0.00045));
#2508=CARTESIAN_POINT('',(0.00235,0.00135,-0.001));
#2509=CARTESIAN_POINT('',(-0.229067621135331,0.00135,-0.012125));
#2510=CARTESIAN_POINT('',(0.0295,0.00134999999999997,-0.00827071067811866));
#2511=CARTESIAN_POINT('',(0.0295,0.00134999999999997,-0.00376274169979697));
#2512=CARTESIAN_POINT('',(0.0295,0.00134999999999997,-0.0139));
#2513=CARTESIAN_POINT('',(-0.0956026814175639,0.00135,0.121339939717767));
#2514=CARTESIAN_POINT('',(0.02775,0.00134999999999997,-0.00201274169979694));
#2515=CARTESIAN_POINT('',(0.02775,0.00134999999999997,-0.00845637084989848));
#2516=CARTESIAN_POINT('',(0.02775,0.00134999999999997,-0.0139));
#2517=CARTESIAN_POINT('',(0.0295,0.00135,-0.0139));
#2518=CARTESIAN_POINT('',(-0.229067621135331,0.02765,-0.012125));
#2519=CARTESIAN_POINT('',(0.00534142135623727,0.02765,-0.00045));
#2520=CARTESIAN_POINT('',(0.00579142135623727,0.02765,-0.0009));
#2521=CARTESIAN_POINT('',(-0.229067621135331,0.02765,-0.000899999999999963));
#2522=CARTESIAN_POINT('',(0.0197085786437627,0.02765,-0.0009));
#2523=CARTESIAN_POINT('',(0.0201792893218814,0.02765,-0.000429289321881358));
#2524=CARTESIAN_POINT('',(0.0284393398282201,0.02765,-0.00270208152801715));
#2525=CARTESIAN_POINT('',(0.00235,0.02765,-0.012125));
#2526=CARTESIAN_POINT('',(0.00135,0.274217621135332,-0.0005));
#2527=CARTESIAN_POINT('',(0.00135,0.00235,2.16840434497101E-19));
#2528=CARTESIAN_POINT('',(0.00135,0.0063267949192431,-0.0005));
#2529=CARTESIAN_POINT('',(0.00135,0.00612472232502674,-0.00085));
#2530=CARTESIAN_POINT('',(0.00135,0.00621132486540518,-0.0009));
#2531=CARTESIAN_POINT('',(0.00135,0.274217621135332,-0.0005));
#2532=CARTESIAN_POINT('',(0.00135,0.0106732050807569,-0.0005));
#2533=CARTESIAN_POINT('',(0.00135,0.0108752776749733,-0.00085));
#2534=CARTESIAN_POINT('',(0.00135,0.0183267949192431,-0.0005));
#2535=CARTESIAN_POINT('',(0.00135,0.0181247223250268,-0.00085));
#2536=CARTESIAN_POINT('',(0.00135,0.0182113248654052,-0.0009));
#2537=CARTESIAN_POINT('',(0.00135,0.0107886751345949,-0.0009));
#2538=CARTESIAN_POINT('',(0.00135,0.274217621135332,-0.0005));
#2539=CARTESIAN_POINT('',(0.00135,0.02665,-0.0005));
#2540=CARTESIAN_POINT('',(0.00135,0.0227886751345948,-0.0009));
#2541=CARTESIAN_POINT('',(0.00135,0.0228752776749733,-0.00085));
#2542=CARTESIAN_POINT('',(0.00135,0.0226732050807569,-0.0005));
#2543=CARTESIAN_POINT('',(0.028625,0.274217621135332,-0.0149));
#2544=CARTESIAN_POINT('',(0.02775,0.274217621135332,-0.0149));
#2545=CARTESIAN_POINT('',(0.02775,0.02665,-0.0149));
#2546=CARTESIAN_POINT('',(0.02775,0.025221687836487,-0.0149));
#2547=CARTESIAN_POINT('',(0.028625,0.02665,-0.0149));
#2548=CARTESIAN_POINT('',(0.0295,0.02665,-0.0149));
#2549=CARTESIAN_POINT('',(0.0295,0.274217621135332,-0.0149));
#2550=CARTESIAN_POINT('',(0.0295,0.0243845299461621,-0.0149));
#2551=CARTESIAN_POINT('',(0.028625,0.024889711431703,-0.0149));
#2552=CARTESIAN_POINT('',(0.0279,0.0253082903768655,-0.0149));
#2553=CARTESIAN_POINT('',(0.02785,0.025221687836487,-0.0149));
#2554=CARTESIAN_POINT('',(0.028625,0.274217621135332,-0.0149));
#2555=CARTESIAN_POINT('',(0.02775,0.274217621135332,-0.0149));
#2556=CARTESIAN_POINT('',(0.02775,0.018893782217351,-0.0149));
#2557=CARTESIAN_POINT('',(0.02775,0.0101062177826491,-0.0149));
#2558=CARTESIAN_POINT('',(0.02785,0.018893782217351,-0.0149));
#2559=CARTESIAN_POINT('',(0.0279,0.0188071796769725,-0.0149));
#2560=CARTESIAN_POINT('',(0.028625,0.0192257586221349,-0.0149));
#2561=CARTESIAN_POINT('',(0.0295,0.0197309401076759,-0.0149));
#2562=CARTESIAN_POINT('',(0.0295,0.274217621135332,-0.0149));
#2563=CARTESIAN_POINT('',(0.0295,0.00926905989232413,-0.0149));
#2564=CARTESIAN_POINT('',(0.028625,0.00977424137786508,-0.0149));
#2565=CARTESIAN_POINT('',(0.0279,0.0101928203230275,-0.0149));
#2566=CARTESIAN_POINT('',(0.02785,0.0101062177826491,-0.0149));
#2567=CARTESIAN_POINT('',(-0.229067621135331,0.02765,-0.012125));
#2568=CARTESIAN_POINT('',(0.0295,0.02765,-0.00827071067811864));
#2569=CARTESIAN_POINT('',(0.0295,0.02765,-0.003762741699797));
#2570=CARTESIAN_POINT('',(0.0295,0.02765,-0.00471430387414416));
#2571=CARTESIAN_POINT('',(-0.229067621135331,0.02765,-0.00471430387414416));
#2572=CARTESIAN_POINT('',(0.02775,0.02765,-0.00471430387414416));
#2573=CARTESIAN_POINT('',(0.02775,0.02765,-0.00845637084989846));
#2574=CARTESIAN_POINT('',(0.02775,0.02765,-0.00201274169979694));
#2575=CARTESIAN_POINT('',(0.0284393398282201,0.02765,-0.00270208152801715));
#2576=CARTESIAN_POINT('',(0.0272436291501016,0.274217621135332,-0.00150637084989847));
#2577=CARTESIAN_POINT('',(0.0272436291501016,0.02765,-0.00150637084989847));
#2578=CARTESIAN_POINT('',(0.02775,0.274217621135332,-0.00201274169979694));
#2579=CARTESIAN_POINT('',(0.0272436291501016,0.00134999999999997,-0.00150637084989848));
#2580=CARTESIAN_POINT('',(0.0291792893218814,0.274217621135332,-0.00132071067811865));
#2581=CARTESIAN_POINT('',(0.0295,0.274217621135332,-0.0016414213562373));
#2582=CARTESIAN_POINT('',(0.0295,0.02615,-0.0016414213562373));
#2583=CARTESIAN_POINT('',(0.0295,0.00284999999999996,-0.0016414213562373));
#2584=CARTESIAN_POINT('',(0.0278585786437627,0.02615,-6.35110928287637E-20));
#2585=CARTESIAN_POINT('',(0.0291792893218814,0.00284999999999996,-0.00132071067811865));
#2586=CARTESIAN_POINT('',(0.02775,0.274217621135332,-0.00845637084989846));
#2587=CARTESIAN_POINT('',(0.02775,0.026375,-0.007875));
#2588=CARTESIAN_POINT('',(0.02775,0.026375,-0.008725));
#2589=CARTESIAN_POINT('',(0.02775,0.0294,-0.00471430387414416));
#2590=CARTESIAN_POINT('',(0.02775,0.02819,-0.00597858232448649));
#2591=CARTESIAN_POINT('',(0.02775,0.026375,-0.007875));
#2592=CARTESIAN_POINT('',(0.02775,0.02819,-0.00977141767551348));
#2593=CARTESIAN_POINT('',(0.02775,0.0294,-0.0110356961258558));
#2594=CARTESIAN_POINT('',(0.02775,0.02665,-0.0139));
#2595=CARTESIAN_POINT('',(0.02775,0.025221687836487,-0.01615));
#2596=CARTESIAN_POINT('',(0.02775,0.025221687836487,-0.0159));
#2597=CARTESIAN_POINT('',(0.02775,0.018893782217351,-0.0159));
#2598=CARTESIAN_POINT('',(0.02775,0.018893782217351,-0.0159));
#2599=CARTESIAN_POINT('',(0.02775,0.018893782217351,-0.0149));
#2600=CARTESIAN_POINT('',(0.02775,0.0101062177826491,-0.01615));
#2601=CARTESIAN_POINT('',(0.02775,0.0101062177826491,-0.0159));
#2602=CARTESIAN_POINT('',(0.02775,0.00377831216351299,-0.0159));
#2603=CARTESIAN_POINT('',(0.02775,0.00377831216351299,-0.0159));
#2604=CARTESIAN_POINT('',(0.02775,0.00377831216351299,-0.0149));
#2605=CARTESIAN_POINT('',(0.02775,0.00377831216351299,-0.0149));
#2606=CARTESIAN_POINT('',(0.02775,0.274217621135332,-0.0149));
#2607=CARTESIAN_POINT('',(0.02775,0.00235,-0.0149));
#2608=CARTESIAN_POINT('',(0.02775,0.00235,-0.0139));
#2609=CARTESIAN_POINT('',(0.0295,0.274217621135332,-0.00827071067811864));
#2610=CARTESIAN_POINT('',(0.0295,0.0294,-0.0110356961258558));
#2611=CARTESIAN_POINT('',(0.0295,0.02819,-0.00977141767551348));
#2612=CARTESIAN_POINT('',(0.0295,0.026375,-0.007875));
#2613=CARTESIAN_POINT('',(0.0295,0.02819,-0.00597858232448649));
#2614=CARTESIAN_POINT('',(0.0295,0.0294,-0.00471430387414416));
#2615=CARTESIAN_POINT('',(0.0295,0.111964284001074,-0.123001145635896));
#2616=CARTESIAN_POINT('',(0.0295,0.0901807967558065,0.121862975828677));
#2617=CARTESIAN_POINT('',(0.0295,0.00235,-0.0139));
#2618=CARTESIAN_POINT('',(0.0295,0.00235,-0.0149));
#2619=CARTESIAN_POINT('',(0.0295,0.274217621135332,-0.0149));
#2620=CARTESIAN_POINT('',(0.0295,0.00461547005383797,-0.0149));
#2621=CARTESIAN_POINT('',(0.0295,0.00461547005383795,-0.01615));
#2622=CARTESIAN_POINT('',(0.0295,0.00461547005383795,-0.0159));
#2623=CARTESIAN_POINT('',(0.0295,0.274217621135332,-0.0159));
#2624=CARTESIAN_POINT('',(0.0295,0.00926905989232413,-0.0159));
#2625=CARTESIAN_POINT('',(0.0295,0.00926905989232413,-0.01615));
#2626=CARTESIAN_POINT('',(0.0295,0.0197309401076758,-0.01615));
#2627=CARTESIAN_POINT('',(0.0295,0.0197309401076758,-0.0159));
#2628=CARTESIAN_POINT('',(0.0295,0.274217621135332,-0.0159));
#2629=CARTESIAN_POINT('',(0.0295,0.0243845299461621,-0.0159));
#2630=CARTESIAN_POINT('',(0.0295,0.0243845299461621,-0.01615));
#2631=CARTESIAN_POINT('',(0.0295,0.02665,-0.0139));
#2632=CARTESIAN_POINT('',(0.0295,0.026375,-0.007875));
#2633=CARTESIAN_POINT('',(0.0295,0.026375,-0.008725));
#2634=CARTESIAN_POINT('',(0.028625,0.274217621135332,-0.0149));
#2635=CARTESIAN_POINT('',(0.02775,0.00235,-0.0149));
#2636=CARTESIAN_POINT('',(0.02785,0.00377831216351299,-0.0149));
#2637=CARTESIAN_POINT('',(0.0279,0.00369170962313454,-0.0149));
#2638=CARTESIAN_POINT('',(0.028625,0.00411028856829701,-0.0149));
#2639=CARTESIAN_POINT('',(0.01475,-2.000000000002E-06,-0.0009));
#2640=CARTESIAN_POINT('',(0.01475,0.029,-0.0009));
#2641=CARTESIAN_POINT('',(0.0197085786437627,0.029,-0.0009));
#2642=CARTESIAN_POINT('',(0.00579142135623727,0.029,-0.0009));
#2643=CARTESIAN_POINT('',(0.0197085786437627,0.029002,-0.0009));
#2644=CARTESIAN_POINT('',(0.00579142135623727,0.029002,-0.0009));
#2645=CARTESIAN_POINT('',(0.0295,0.029,-0.0081875));
#2646=CARTESIAN_POINT('',(0.0201792893218814,0.029,-0.000429289321881358));
#2647=CARTESIAN_POINT('',(0.00534142135623727,0.029,-0.00045));
#2648=CARTESIAN_POINT('',(0.028625,0.00977424137786508,-0.01615));
#2649=CARTESIAN_POINT('',(0.028625,0.00977424137786508,-0.01615));
#2650=CARTESIAN_POINT('',(0.02925,0.00941339745962156,-0.01615));
#2651=CARTESIAN_POINT('',(0.028,0.0101350852961086,-0.01615));
#2652=CARTESIAN_POINT('',(0.0283571428571428,0.00992888877139801,-0.0165071428571428));
#2653=CARTESIAN_POINT('',(0.0279,0.0101928203230275,-0.01605));
#2654=CARTESIAN_POINT('',(0.0279,0.0101928203230275,-0.0149));
#2655=CARTESIAN_POINT('',(0.02925,0.00941339745962156,-0.0159));
#2656=CARTESIAN_POINT('',(0.028625,0.00411028856829701,-0.01615));
#2657=CARTESIAN_POINT('',(0.0279,0.00369170962313454,-0.01615));
#2658=CARTESIAN_POINT('',(0.0279,0.00369170962313454,-0.01605));
#2659=CARTESIAN_POINT('',(0.0283571428571428,0.00395564117476408,-0.0165071428571428));
#2660=CARTESIAN_POINT('',(0.028,0.00374944465005349,-0.01615));
#2661=CARTESIAN_POINT('',(0.028625,0.00411028856829701,-0.01615));
#2662=CARTESIAN_POINT('',(0.02925,0.00447113248654052,-0.01615));
#2663=CARTESIAN_POINT('',(0.02925,0.00447113248654052,-0.0159));
#2664=CARTESIAN_POINT('',(0.028625,0.0145,-0.01615));
#2665=CARTESIAN_POINT('',(0.028,0.0101062177826491,-0.01615));
#2666=CARTESIAN_POINT('',(0.02925,0.0145,-0.01615));
#2667=CARTESIAN_POINT('',(0.028625,0.024889711431703,-0.01615));
#2668=CARTESIAN_POINT('',(0.028625,0.024889711431703,-0.01615));
#2669=CARTESIAN_POINT('',(0.02925,0.0245288675134595,-0.01615));
#2670=CARTESIAN_POINT('',(0.028,0.0252505553499465,-0.01615));
#2671=CARTESIAN_POINT('',(0.0283571428571428,0.0250443588252359,-0.0165071428571428));
#2672=CARTESIAN_POINT('',(0.0279,0.0253082903768655,-0.01605));
#2673=CARTESIAN_POINT('',(0.0279,0.0253082903768655,-0.0149));
#2674=CARTESIAN_POINT('',(0.02925,0.0245288675134595,-0.0159));
#2675=CARTESIAN_POINT('',(0.028625,0.0192257586221349,-0.01615));
#2676=CARTESIAN_POINT('',(0.0279,0.0188071796769725,-0.01615));
#2677=CARTESIAN_POINT('',(0.0279,0.0188071796769725,-0.01605));
#2678=CARTESIAN_POINT('',(0.0283571428571428,0.019071111228602,-0.0165071428571428));
#2679=CARTESIAN_POINT('',(0.028,0.0188649147038914,-0.01615));
#2680=CARTESIAN_POINT('',(0.028625,0.0192257586221349,-0.01615));
#2681=CARTESIAN_POINT('',(0.02925,0.0195866025403785,-0.01615));
#2682=CARTESIAN_POINT('',(0.02925,0.0195866025403785,-0.0159));
#2683=CARTESIAN_POINT('',(0.028625,0.0145,-0.01615));
#2684=CARTESIAN_POINT('',(0.028,0.025221687836487,-0.01615));
#2685=CARTESIAN_POINT('',(0.02925,0.0145,-0.01615));
#2686=CARTESIAN_POINT('',(0.0001,0.0226732050807569,-0.0005));
#2687=CARTESIAN_POINT('',(0.0001,0.0228752776749733,-0.00085));
#2688=CARTESIAN_POINT('',(0.0001,0.0228752776749733,-0.00085));
#2689=CARTESIAN_POINT('',(0.0001,0.0226732050807569,-0.0005));
#2690=CARTESIAN_POINT('',(0.0001,0.0225288675134595,-0.00025));
#2691=CARTESIAN_POINT('',(0.00035,0.0225288675134594,-0.00025));
#2692=CARTESIAN_POINT('',(0.0001,0.0183267949192431,-0.0005));
#2693=CARTESIAN_POINT('',(0.0001,0.0183267949192431,-0.0005));
#2694=CARTESIAN_POINT('',(0.0001,0.0181247223250268,-0.00085));
#2695=CARTESIAN_POINT('',(0.0001,0.0184711324865405,-0.00025));
#2696=CARTESIAN_POINT('',(0.0001,0.0181247223250268,-0.00085));
#2697=CARTESIAN_POINT('',(0.00035,0.0184711324865405,-0.00025));
#2698=CARTESIAN_POINT('',(0.0001,0.0145,-0.0005));
#2699=CARTESIAN_POINT('',(0.0001,0.0227886751345948,-0.0009));
#2700=CARTESIAN_POINT('',(0.0001,0.0182113248654052,-0.0009));
#2701=CARTESIAN_POINT('',(0.0001,0.0145,-0.00025));
#2702=CARTESIAN_POINT('',(0.0001,0.0106732050807569,-0.0005));
#2703=CARTESIAN_POINT('',(0.0001,0.0108752776749733,-0.00085));
#2704=CARTESIAN_POINT('',(0.0001,0.0108752776749733,-0.00085));
#2705=CARTESIAN_POINT('',(0.0001,0.0106732050807569,-0.0005));
#2706=CARTESIAN_POINT('',(0.0001,0.0105288675134595,-0.00025));
#2707=CARTESIAN_POINT('',(0.00035,0.0105288675134595,-0.00025));
#2708=CARTESIAN_POINT('',(0.0001,0.0063267949192431,-0.0005));
#2709=CARTESIAN_POINT('',(0.0001,0.0063267949192431,-0.0005));
#2710=CARTESIAN_POINT('',(0.0001,0.00612472232502674,-0.00085));
#2711=CARTESIAN_POINT('',(0.0001,0.00647113248654051,-0.00025));
#2712=CARTESIAN_POINT('',(0.0001,0.00612472232502674,-0.00085));
#2713=CARTESIAN_POINT('',(0.00035,0.00647113248654047,-0.00025));
#2714=CARTESIAN_POINT('',(0.0001,0.0145,-0.0005));
#2715=CARTESIAN_POINT('',(0.0001,0.0107886751345949,-0.0009));
#2716=CARTESIAN_POINT('',(0.0001,0.00621132486540518,-0.0009));
#2717=CARTESIAN_POINT('',(0.0001,0.0145,-0.00025));
#2718=CARTESIAN_POINT('',(0.00035,0.274217621135332,-0.00025));
#2719=CARTESIAN_POINT('',(0.00035,0.274217621135332,-0.00025));
#2720=CARTESIAN_POINT('',(0.02925,0.0145,-0.0159));
#2721=CARTESIAN_POINT('',(0.02925,0.0145,-0.0159));
#2722=CARTESIAN_POINT('',(0.0140436291501015,0.0227886751345948,-0.0009));
#2723=CARTESIAN_POINT('',(0.0001,0.0182113248654052,-0.0009));
#2724=CARTESIAN_POINT('',(0.0140436291501015,0.0107886751345949,-0.0009));
#2725=CARTESIAN_POINT('',(0.0001,0.00621132486540518,-0.0009));
#2726=CARTESIAN_POINT('',(0.02785,0.00377831216351299,-0.00845637084989846));
#2727=CARTESIAN_POINT('',(0.02785,0.00377831216351299,-0.016));
#2728=CARTESIAN_POINT('',(0.02785,0.0101062177826491,-0.01615));
#2729=CARTESIAN_POINT('',(0.02785,0.0101062177826491,-0.016));
#2730=CARTESIAN_POINT('',(0.02785,0.025221687836487,-0.01615));
#2731=CARTESIAN_POINT('',(0.02785,0.025221687836487,-0.016));
#2732=CARTESIAN_POINT('',(0.02785,0.018893782217351,-0.00845637084989846));
#2733=CARTESIAN_POINT('',(0.02785,0.018893782217351,-0.016));
#2734=CARTESIAN_POINT('',(0.02775,0.274217621135332,-0.0159));
#2735=CARTESIAN_POINT('',(0.02775,0.274217621135332,-0.0159));
#2736=CARTESIAN_POINT('',(0.00235,0.02665,-0.0005));
#2737=CARTESIAN_POINT('',(0.00235,0.00235,-0.012125));
#2738=CARTESIAN_POINT('',(0.028625,0.02665,-0.0139));
#2739=CARTESIAN_POINT('',(-0.229067621135331,0.00235,-0.0139));
#2740=CARTESIAN_POINT('',(-0.0956026814175639,0.02765,0.121339939717767));
#2741=CARTESIAN_POINT('',(0.0291792893218814,0.00284999999999996,-0.00132071067811865));
#2742=CARTESIAN_POINT('',(0.0219085786437627,-2.00000000000048E-06,-0.00045));
#2743=CARTESIAN_POINT('',(0.0255,0.00835,-0.016152));
#2744=CARTESIAN_POINT('',(0.0255,0.00885,-0.016152));
#2745=CARTESIAN_POINT('',(0.025,0.00835,-0.016152));
#2746=CARTESIAN_POINT('',(0.025,0.00635,-0.016152));
#2747=CARTESIAN_POINT('',(0.025,0.00435,-0.016152));
#2748=CARTESIAN_POINT('',(0.0255,0.00435,-0.016152));
#2749=CARTESIAN_POINT('',(0.0255,0.00385,-0.016152));
#2750=CARTESIAN_POINT('',(0.02575,0.00385,-0.016152));
#2751=CARTESIAN_POINT('',(0.026,0.00385,-0.016152));
#2752=CARTESIAN_POINT('',(0.026,0.00435,-0.016152));
#2753=CARTESIAN_POINT('',(0.0265,0.00435,-0.016152));
#2754=CARTESIAN_POINT('',(0.0265,0.00635,-0.016152));
#2755=CARTESIAN_POINT('',(0.0265,0.00835,-0.016152));
#2756=CARTESIAN_POINT('',(0.02575,0.00885,-0.016152));
#2757=CARTESIAN_POINT('',(0.026,0.00885,-0.016152));
#2758=CARTESIAN_POINT('',(0.026,0.00835,-0.016152));
#2759=CARTESIAN_POINT('',(0.004,0.0249,-0.016152));
#2760=CARTESIAN_POINT('',(0.00275,0.0249,-0.016152));
#2761=CARTESIAN_POINT('',(0.00275,0.02465,-0.016152));
#2762=CARTESIAN_POINT('',(0.00275,0.0244,-0.016152));
#2763=CARTESIAN_POINT('',(0.004,0.0244,-0.016152));
#2764=CARTESIAN_POINT('',(0.004,0.02315,-0.016152));
#2765=CARTESIAN_POINT('',(0.007625,0.02315,-0.016152));
#2766=CARTESIAN_POINT('',(0.01125,0.02315,-0.016152));
#2767=CARTESIAN_POINT('',(0.01125,0.0244,-0.016152));
#2768=CARTESIAN_POINT('',(0.0125,0.0244,-0.016152));
#2769=CARTESIAN_POINT('',(0.0125,0.02465,-0.016152));
#2770=CARTESIAN_POINT('',(0.0125,0.0264,-0.016152));
#2771=CARTESIAN_POINT('',(0.0201792893218814,0.029002,-0.000429289321881358));
#2772=CARTESIAN_POINT('',(0.00534142135623727,0.029002,-0.00045));
#2773=CARTESIAN_POINT('',(0.0115,0.0264,-0.016152));
#2774=CARTESIAN_POINT('',(0.0115,0.0274,-0.016152));
#2775=CARTESIAN_POINT('',(0.0085,0.0264,-0.016152));
#2776=CARTESIAN_POINT('',(0.00757297518911304,0.026775,-0.016152));
#2777=CARTESIAN_POINT('',(0.0085,0.0274,-0.016152));
#2778=CARTESIAN_POINT('',(0.01,0.0274,-0.016152));
#2779=CARTESIAN_POINT('',(0.00664595037822609,0.02715,-0.016152));
#2780=CARTESIAN_POINT('',(0.00439852813742385,0.001352,-0.00045));
#2781=CARTESIAN_POINT('',(0.00376923881554251,0.00135,-0.00107928932188134));
#2782=CARTESIAN_POINT('',(0.00358994949366117,0.00135,-0.00125857864376268));
#2783=CARTESIAN_POINT('',(0.00358994949366117,-2.00000000000048E-06,-0.00125857864376268));
#2784=CARTESIAN_POINT('',(0.0145436291501015,0.00135,-0.0008));
#2785=CARTESIAN_POINT('',(0.00657150534320073,0.00135,-0.0059));
#2786=CARTESIAN_POINT('',(0.00486140462657239,0.00135,-0.00120153689607045));
#2787=CARTESIAN_POINT('',(0.00474482265911101,0.00135,-0.00124396926207858));
#2788=CARTESIAN_POINT('',(0.00379977487856361,0.00135,-0.00158793852415718));
#2789=CARTESIAN_POINT('',(0.00373137084989848,0.00135,-0.0014));
#2790=CARTESIAN_POINT('',(0.00373137084989848,-2.00000000000048E-06,-0.0014));
#2791=CARTESIAN_POINT('',(0.00379977487856361,-2.00000000000048E-06,-0.00158793852415718));
#2792=CARTESIAN_POINT('',(0.00474482265911101,-2.00000000000048E-06,-0.00124396926207858));
#2793=CARTESIAN_POINT('',(0.00486140462657239,-1.03949943735878E-19,-0.00120153689607045));
#2794=CARTESIAN_POINT('',(0.00657150534320073,-2.00000000000303E-06,-0.0059));
#2795=CARTESIAN_POINT('',(0.0045,0.026375,-0.007875));
#2796=CARTESIAN_POINT('',(0.027748,0.026375,-0.007875));
#2797=CARTESIAN_POINT('',(0.027748,0.02819,-0.00977141767551348));
#2798=CARTESIAN_POINT('',(0.027748,0.02819,-0.00597858232448649));
#2799=CARTESIAN_POINT('',(0.027748,0.0294,-0.0110356961258558));
#2800=CARTESIAN_POINT('',(0.027748,0.0294,-0.00471430387414416));
#2801=MECHANICAL_DESIGN_GEOMETRIC_PRESENTATION_REPRESENTATION('',(#1672),#2802);
#2802=(
GEOMETRIC_REPRESENTATION_CONTEXT(3)
GLOBAL_UNCERTAINTY_ASSIGNED_CONTEXT((#2803))
GLOBAL_UNIT_ASSIGNED_CONTEXT((#2806,#2805,#2804))
REPRESENTATION_CONTEXT('Lid','TOP_LEVEL_ASSEMBLY_PART')
);
#2803=UNCERTAINTY_MEASURE_WITH_UNIT(LENGTH_MEASURE(1.E-08),#2806,'DISTANCE_ACCURACY_VALUE','Maximum Tolerance applied to model');
#2804=(
NAMED_UNIT(*)
SI_UNIT($,.STERADIAN.)
SOLID_ANGLE_UNIT()
);
#2805=(
NAMED_UNIT(*)
PLANE_ANGLE_UNIT()
SI_UNIT($,.RADIAN.)
);
#2806=(
LENGTH_UNIT()
NAMED_UNIT(*)
SI_UNIT($,.METRE.)
);
#2807=PRODUCT_DEFINITION_SHAPE('','',#2808);
#2808=PRODUCT_DEFINITION('','',#2810,#2809);
#2809=PRODUCT_DEFINITION_CONTEXT('',#2816,'design');
#2810=PRODUCT_DEFINITION_FORMATION_WITH_SPECIFIED_SOURCE('','',#2812,.NOT_KNOWN.);
#2811=PRODUCT_RELATED_PRODUCT_CATEGORY('','',(#2812));
#2812=PRODUCT('Lid','Lid','Lid',(#2814));
#2813=PRODUCT_CATEGORY('','');
#2814=PRODUCT_CONTEXT('',#2816,'mechanical');
#2815=APPLICATION_PROTOCOL_DEFINITION('international standard','ap242_managed_model_based_3d_engineering',2020,#2816);
#2816=APPLICATION_CONTEXT('managed model based 3d engineering');
ENDSEC;
END-ISO-10303-21;
